batch,term,coefficient,config_hash,git_sha
Batch_1,intercept,-0.7870466406958609,45629944e398,e593c3e
Batch_1,F01_c0_area_fraction,-0.28156738535611525,45629944e398,e593c3e
Batch_1,F02_c2_area_fraction,-0.16883763598673773,45629944e398,e593c3e
Batch_1,F03_c2_eqdiam_median_px,-0.06813635625650435,45629944e398,e593c3e
Batch_1,F04_c2_eqdiam_p90_px,0.23334571179483396,45629944e398,e593c3e
Batch_1,F05_c2_count_density_per_Mpx,-0.08681722984269934,45629944e398,e593c3e
Batch_1,F06_c2_clark_evans_R,0.3697204919053791,45629944e398,e593c3e
Batch_1,F07_c2_solidity_area_weighted_median,-0.18110495772884952,45629944e398,e593c3e
Batch_1,F08_c0_local_thickness_median_px,-0.04953868968170059,45629944e398,e593c3e
Batch_1,F09_c0_chord_anisotropy_h_over_v,0.23697793953509863,45629944e398,e593c3e
Batch_1,F10_c0_fraction_iqr_512px,-0.055024023037330415,45629944e398,e593c3e
Batch_1,F11_c2_perimeter_fraction_adjacent_c0,-0.11165651069842253,45629944e398,e593c3e
Batch_1,embedding PC 1,-0.4773556012154206,45629944e398,e593c3e
Batch_1,embedding PC 2,-0.3977764741382944,45629944e398,e593c3e
Batch_1,embedding PC 3,-0.03943084076708221,45629944e398,e593c3e
Batch_1,embedding PC 4,-0.11753329041900346,45629944e398,e593c3e
Batch_1,embedding PC 5,0.511502544026971,45629944e398,e593c3e
Batch_1,embedding PC 6,-0.20772187113898644,45629944e398,e593c3e
Batch_1,embedding PC 7,-0.16555230503777854,45629944e398,e593c3e
Batch_1,embedding PC 8,0.22535697814405714,45629944e398,e593c3e
Batch_1,embedding PC 9,0.4812387789252976,45629944e398,e593c3e
Batch_1,embedding PC 10,-0.30502676235903575,45629944e398,e593c3e
Batch_1,embedding PC 11,-0.10487909762544774,45629944e398,e593c3e
Batch_1,embedding PC 12,0.5064963126218706,45629944e398,e593c3e
Batch_1,embedding PC 13,0.04412196201027085,45629944e398,e593c3e
Batch_1,embedding PC 14,-0.592934988001197,45629944e398,e593c3e
Batch_1,embedding PC 15,-0.30353028484546907,45629944e398,e593c3e
Batch_1,embedding PC 16,-0.046547793800967706,45629944e398,e593c3e
Batch_1,embedding PC 17,-0.17758121650432798,45629944e398,e593c3e
Batch_1,embedding PC 18,0.13388797859548549,45629944e398,e593c3e
Batch_1,embedding PC 19,-0.020091077672908342,45629944e398,e593c3e
Batch_1,embedding PC 20,-0.03723914765680124,45629944e398,e593c3e
Batch_1,embedding PC 21,-0.05455008106294972,45629944e398,e593c3e
Batch_1,embedding PC 22,-0.1238017458382246,45629944e398,e593c3e
Batch_1,embedding PC 23,0.07713233949413542,45629944e398,e593c3e
Batch_1,embedding PC 24,-0.00933148074406357,45629944e398,e593c3e
Batch_1,embedding PC 25,0.10006532260503681,45629944e398,e593c3e
Batch_1,embedding PC 26,-0.017544496533682938,45629944e398,e593c3e
Batch_1,embedding PC 27,0.03662569267871396,45629944e398,e593c3e
Batch_1,embedding PC 28,-0.029513148433402598,45629944e398,e593c3e
Batch_1,embedding PC 29,0.07857164704678334,45629944e398,e593c3e
Batch_2,intercept,-0.060399390314766044,45629944e398,e593c3e
Batch_2,F01_c0_area_fraction,0.16138571073697125,45629944e398,e593c3e
Batch_2,F02_c2_area_fraction,0.30384349278239037,45629944e398,e593c3e
Batch_2,F03_c2_eqdiam_median_px,-0.13772843425761142,45629944e398,e593c3e
Batch_2,F04_c2_eqdiam_p90_px,-0.5250818555877996,45629944e398,e593c3e
Batch_2,F05_c2_count_density_per_Mpx,0.06530292962191295,45629944e398,e593c3e
Batch_2,F06_c2_clark_evans_R,-0.41022830746217,45629944e398,e593c3e
Batch_2,F07_c2_solidity_area_weighted_median,0.1386263119595104,45629944e398,e593c3e
Batch_2,F08_c0_local_thickness_median_px,0.04558999416746493,45629944e398,e593c3e
Batch_2,F09_c0_chord_anisotropy_h_over_v,-0.2578635968585138,45629944e398,e593c3e
Batch_2,F10_c0_fraction_iqr_512px,0.04761212181036622,45629944e398,e593c3e
Batch_2,F11_c2_perimeter_fraction_adjacent_c0,0.1388399113210369,45629944e398,e593c3e
Batch_2,embedding PC 1,-0.10504103994546173,45629944e398,e593c3e
Batch_2,embedding PC 2,-0.07278549618569638,45629944e398,e593c3e
Batch_2,embedding PC 3,-0.44412446464043204,45629944e398,e593c3e
Batch_2,embedding PC 4,-0.1696070489319377,45629944e398,e593c3e
Batch_2,embedding PC 5,0.12369454522903177,45629944e398,e593c3e
Batch_2,embedding PC 6,0.16517047722989897,45629944e398,e593c3e
Batch_2,embedding PC 7,-0.09239777754656461,45629944e398,e593c3e
Batch_2,embedding PC 8,-0.2732608625294538,45629944e398,e593c3e
Batch_2,embedding PC 9,-0.038646373733164624,45629944e398,e593c3e
Batch_2,embedding PC 10,0.11530048121079882,45629944e398,e593c3e
Batch_2,embedding PC 11,-0.029753833538689024,45629944e398,e593c3e
Batch_2,embedding PC 12,-0.6783655421509364,45629944e398,e593c3e
Batch_2,embedding PC 13,0.11377329628479768,45629944e398,e593c3e
Batch_2,embedding PC 14,0.6540718048491662,45629944e398,e593c3e
Batch_2,embedding PC 15,0.14272870212650313,45629944e398,e593c3e
Batch_2,embedding PC 16,0.007224746890323358,45629944e398,e593c3e
Batch_2,embedding PC 17,0.18121437969389612,45629944e398,e593c3e
Batch_2,embedding PC 18,-0.036172243048153516,45629944e398,e593c3e
Batch_2,embedding PC 19,0.203738370362945,45629944e398,e593c3e
Batch_2,embedding PC 20,0.0436966480648724,45629944e398,e593c3e
Batch_2,embedding PC 21,0.06604366604217243,45629944e398,e593c3e
Batch_2,embedding PC 22,0.19692675840385918,45629944e398,e593c3e
Batch_2,embedding PC 23,-0.08530127729507261,45629944e398,e593c3e
Batch_2,embedding PC 24,0.061585339705023445,45629944e398,e593c3e
Batch_2,embedding PC 25,0.010583776784769086,45629944e398,e593c3e
Batch_2,embedding PC 26,0.10200415726971303,45629944e398,e593c3e
Batch_2,embedding PC 27,-0.18108584822610357,45629944e398,e593c3e
Batch_2,embedding PC 28,-0.054864493417039126,45629944e398,e593c3e
Batch_2,embedding PC 29,-0.04797872150727843,45629944e398,e593c3e
Batch_3,intercept,0.8474460310106272,45629944e398,e593c3e
Batch_3,F01_c0_area_fraction,0.12018167461914335,45629944e398,e593c3e
Batch_3,F02_c2_area_fraction,-0.13500585679565355,45629944e398,e593c3e
Batch_3,F03_c2_eqdiam_median_px,0.20586479051411521,45629944e398,e593c3e
Batch_3,F04_c2_eqdiam_p90_px,0.2917361437929659,45629944e398,e593c3e
Batch_3,F05_c2_count_density_per_Mpx,0.021514300220785553,45629944e398,e593c3e
Batch_3,F06_c2_clark_evans_R,0.04050781555679014,45629944e398,e593c3e
Batch_3,F07_c2_solidity_area_weighted_median,0.04247864576934023,45629944e398,e593c3e
Batch_3,F08_c0_local_thickness_median_px,0.003948695514234658,45629944e398,e593c3e
Batch_3,F09_c0_chord_anisotropy_h_over_v,0.020885657323415456,45629944e398,e593c3e
Batch_3,F10_c0_fraction_iqr_512px,0.007411901226963633,45629944e398,e593c3e
Batch_3,F11_c2_perimeter_fraction_adjacent_c0,-0.027183400622615154,45629944e398,e593c3e
Batch_3,embedding PC 1,0.582396641160881,45629944e398,e593c3e
Batch_3,embedding PC 2,0.47056197032399105,45629944e398,e593c3e
Batch_3,embedding PC 3,0.48355530540751257,45629944e398,e593c3e
Batch_3,embedding PC 4,0.28714033935094074,45629944e398,e593c3e
Batch_3,embedding PC 5,-0.6351970892560028,45629944e398,e593c3e
Batch_3,embedding PC 6,0.042551393909086896,45629944e398,e593c3e
Batch_3,embedding PC 7,0.2579500825843431,45629944e398,e593c3e
Batch_3,embedding PC 8,0.047903884385397194,45629944e398,e593c3e
Batch_3,embedding PC 9,-0.4425924051921326,45629944e398,e593c3e
Batch_3,embedding PC 10,0.18972628114823625,45629944e398,e593c3e
Batch_3,embedding PC 11,0.13463293116413716,45629944e398,e593c3e
Batch_3,embedding PC 12,0.17186922952906564,45629944e398,e593c3e
Batch_3,embedding PC 13,-0.15789525829506884,45629944e398,e593c3e
Batch_3,embedding PC 14,-0.06113681684796917,45629944e398,e593c3e
Batch_3,embedding PC 15,0.16080158271896566,45629944e398,e593c3e
Batch_3,embedding PC 16,0.03932304691064447,45629944e398,e593c3e
Batch_3,embedding PC 17,-0.0036331631895681255,45629944e398,e593c3e
Batch_3,embedding PC 18,-0.09771573554733202,45629944e398,e593c3e
Batch_3,embedding PC 19,-0.18364729269003652,45629944e398,e593c3e
Batch_3,embedding PC 20,-0.006457500408071345,45629944e398,e593c3e
Batch_3,embedding PC 21,-0.011493584979222675,45629944e398,e593c3e
Batch_3,embedding PC 22,-0.07312501256563457,45629944e398,e593c3e
Batch_3,embedding PC 23,0.008168937800937155,45629944e398,e593c3e
Batch_3,embedding PC 24,-0.052253858960959826,45629944e398,e593c3e
Batch_3,embedding PC 25,-0.11064909938980588,45629944e398,e593c3e
Batch_3,embedding PC 26,-0.08445966073603006,45629944e398,e593c3e
Batch_3,embedding PC 27,0.14446015554738958,45629944e398,e593c3e
Batch_3,embedding PC 28,0.0843776418504417,45629944e398,e593c3e
Batch_3,embedding PC 29,-0.03059292553950489,45629944e398,e593c3e
