sample_id,true_batch,pred_batch,correct,p_Batch_1,p_Batch_2,p_Batch_3,confidence,runner_up,margin,driver1,driver2,driver3,driver1_contribution,driver2_contribution,driver3_contribution,ood_e1,ood_band95,ood_band99,ood_label,matches_known_batch,nearest_batch_e1,tier,config_hash,git_sha
0grcilhi,Batch_3,Batch_3,True,0.0006366813754464356,0.0115989221380053,0.9877643964865483,0.9877643964865483,Batch_2,0.9761654743485431,embedding PC 1,embedding PC 3,embedding PC 4,2.12471133475945,0.9800637797494698,0.3975801865776336,0.19830422568934739,0.22454433943616708,0.24089934652570621,within_bounds,True,Batch_3,high,45629944e398,8ba9359
3806gxp0,Batch_2,Batch_2,True,0.02750392678532454,0.7939793602073465,0.17851671300732885,0.7939793602073465,Batch_3,0.6154626472000176,embedding PC 3,F06_c2_clark_evans_R,F09_c0_chord_anisotropy_h_over_v,0.5756225602931457,0.31822633148999907,0.28297034321960235,0.1774992926236447,0.21979105149424963,0.24460859976440058,within_bounds,True,Batch_2,high,45629944e398,8ba9359
4ih2ggld,Batch_1,Batch_1,True,0.6781999144720319,0.3002228492600868,0.021577236267881224,0.6781999144720319,Batch_2,0.3779770652119451,embedding PC 2,embedding PC 1,F06_c2_clark_evans_R,1.5135871638980387,1.4892198329767472,1.000579830217675,0.456232266846364,0.21979105149424963,0.24460859976440058,outside_bounds,False,Batch_1,low,45629944e398,8ba9359
5n1q8atc,Batch_1,Batch_1,True,0.8853294719052752,0.11447089607749783,0.0001996320172268051,0.8853294719052752,Batch_2,0.7708585758277774,embedding PC 1,embedding PC 2,embedding PC 5,2.355578332908585,1.6061134180785859,1.0934326514516213,0.5092967518089241,0.21979105149424963,0.24460859976440058,outside_bounds,False,Batch_1,low,45629944e398,8ba9359
71vgq3fw,Batch_3,Batch_3,True,0.04013182088165152,0.05415941244784296,0.9057087666705055,0.9057087666705055,Batch_2,0.8515493542226625,embedding PC 2,embedding PC 3,embedding PC 5,0.80246464266787,0.7489435757290731,0.6536658464806822,0.15545182729119883,0.22158758458640182,0.24991818383388745,within_bounds,True,Batch_3,high,45629944e398,8ba9359
9luzk4jm,Batch_3,Batch_3,True,0.0013737770474560997,0.013970916475919868,0.984655306476624,0.984655306476624,Batch_2,0.9706843900007042,embedding PC 1,embedding PC 4,embedding PC 13,2.732619836656193,0.4803591469772097,0.18377382688301994,0.184556527234,0.22159788566472943,0.23942029117148925,within_bounds,True,Batch_3,high,45629944e398,8ba9359
avn74qx1,Batch_2,Batch_2,True,0.1597792859121062,0.7376579324855383,0.10256278160235548,0.7376579324855383,Batch_1,0.5778786465734321,F06_c2_clark_evans_R,embedding PC 3,embedding PC 8,0.6170111302621173,0.6117390578312071,0.2567711040922907,0.21669893990826508,0.21979105149424963,0.24460859976440058,within_bounds,True,Batch_2,low,45629944e398,8ba9359
b3esycq1,Batch_2,Batch_1,False,0.7973802589876182,0.09641822431369898,0.10620151669868277,0.7973802589876182,Batch_3,0.6911787422889355,embedding PC 1,embedding PC 2,F09_c0_chord_anisotropy_h_over_v,1.0379449780274672,0.3537831826642945,0.2588745832992374,0.21026335532156357,0.21979105149424963,0.24460859976440058,within_bounds,True,Batch_1,high,45629944e398,8ba9359
cfe5vt7s,Batch_3,Batch_3,True,0.03766172482598279,0.0984424019764323,0.8638958731975849,0.8638958731975849,Batch_2,0.7654534712211526,embedding PC 1,F04_c2_eqdiam_p90_px,embedding PC 4,1.5642136650334586,0.2783578115465795,0.15935747619397428,0.1421308909781435,0.2216957925516898,0.24210653544002508,within_bounds,True,Batch_3,high,45629944e398,8ba9359
epqdaau9,Batch_2,Batch_1,False,0.4089354401690489,0.34108314334538803,0.24998141648556305,0.4089354401690489,Batch_2,0.0678522968236609,embedding PC 1,embedding PC 11,F08_c0_local_thickness_median_px,2.9878138510388283,0.17466088287760495,0.11494258288549193,0.35553011459183326,0.21979105149424963,0.24460859976440058,outside_bounds,False,Batch_1,low,45629944e398,8ba9359
f1vzngrs,Batch_1,Batch_2,False,0.2942727685070005,0.6336786458940667,0.07204858559893272,0.6336786458940667,Batch_1,0.33940587738706623,embedding PC 3,embedding PC 1,embedding PC 11,2.5073407271859836,0.5377938664788621,0.42824728475960544,0.539436376392641,0.21979105149424963,0.24460859976440058,outside_bounds,False,Batch_2,low,45629944e398,8ba9359
ffwubibz,Batch_1,Batch_2,False,0.2375358450995922,0.5460960367589771,0.21636811814143078,0.5460960367589771,Batch_1,0.3085601916593849,embedding PC 3,F06_c2_clark_evans_R,embedding PC 8,0.9539495215311705,0.6156813341804718,0.32742513395253975,0.20827444880209847,0.21979105149424963,0.24460859976440058,within_bounds,True,Batch_2,low,45629944e398,8ba9359
fzrt2k6r,Batch_1,Batch_2,False,0.4004528214864807,0.5882077273387767,0.011339451174742705,0.5882077273387767,Batch_1,0.18775490585229598,embedding PC 4,embedding PC 12,F04_c2_eqdiam_p90_px,0.5721428252924481,0.36823198201966606,0.365703627826439,0.25042213888392995,0.21979105149424963,0.24460859976440058,outside_bounds,False,Batch_1,low,45629944e398,8ba9359
hawkfj64,Batch_3,Batch_3,True,0.0014369219417545867,0.0033406908425047356,0.9952223872157406,0.9952223872157406,Batch_2,0.9918816963732359,embedding PC 2,embedding PC 1,embedding PC 3,2.1057058447738526,1.8074361030530455,0.2611883047783805,0.21112090471279604,0.21754934448369262,0.24453347401172978,within_bounds,True,Batch_3,high,45629944e398,8ba9359
hzumfsms,Batch_3,Batch_3,True,0.000742408690134908,0.039786192407315506,0.9594713989025497,0.9594713989025497,Batch_2,0.9196852064952342,embedding PC 1,embedding PC 4,F01_c0_area_fraction,2.655994698594602,0.430232152435704,0.3563484049239934,0.19100684253428515,0.2225476321141573,0.23892168356492233,within_bounds,True,Batch_3,high,45629944e398,8ba9359
i9jiqjwl,Batch_2,Batch_1,False,0.6570298693078235,0.3070512694417128,0.0359188612504637,0.6570298693078235,Batch_2,0.3499785998661107,embedding PC 2,embedding PC 1,F03_c2_eqdiam_median_px,1.0165535754479094,0.8452523527956547,0.4391615941565347,0.25442729933351804,0.21979105149424963,0.24460859976440058,outside_bounds,False,Batch_1,low,45629944e398,8ba9359
iv6g2oq0,Batch_1,Batch_3,False,0.23205475629975328,0.18881320528168546,0.5791320384185612,0.5791320384185612,Batch_1,0.34707728211880795,embedding PC 8,F09_c0_chord_anisotropy_h_over_v,embedding PC 1,0.22888396362068128,0.21570936816963637,0.20126074663910787,0.1876028117272995,0.21979105149424963,0.24460859976440058,within_bounds,True,Batch_2,low,45629944e398,8ba9359
kbdh4tri,Batch_3,Batch_3,True,0.0033632784099979747,0.00773206184884224,0.9889046597411598,0.9889046597411598,Batch_2,0.9811725978923176,embedding PC 2,embedding PC 5,embedding PC 3,0.9839626326078076,0.9730121931791326,0.8816066792836488,0.13835578884649313,0.2220559152762562,0.2498366207454949,within_bounds,True,Batch_3,high,45629944e398,8ba9359
mgxahqnk,Batch_3,Batch_3,True,0.0027078301332543516,0.01961987604092959,0.9776722938258161,0.9776722938258161,Batch_2,0.9580524177848865,embedding PC 2,embedding PC 1,embedding PC 3,1.7910908909507604,1.1497956554553312,0.14379960151016707,0.1588376983219699,0.23178630602710887,0.24987610302884336,within_bounds,True,Batch_3,high,45629944e398,8ba9359
pl8uabbv,Batch_3,Batch_3,True,0.06805347390779971,0.07981117656247898,0.8521353495297214,0.8521353495297214,Batch_2,0.7723241729672424,embedding PC 5,F04_c2_eqdiam_p90_px,embedding PC 7,0.3941116389489847,0.3775235668276973,0.31897283807696575,0.15462394925845765,0.22726855302543986,0.24826484417281253,within_bounds,True,Batch_2,high,45629944e398,8ba9359
ptg8lmto,Batch_3,Batch_3,True,0.025766064520486607,0.41581485813820945,0.5584190773413039,0.5584190773413039,Batch_2,0.14260421920309446,embedding PC 2,embedding PC 5,embedding PC 4,1.2455996246809498,0.823367577418372,0.1297419155236917,0.2508129868319383,0.21187751176844338,0.21257372175367542,outside_bounds,False,Batch_2,low,45629944e398,8ba9359
r17byphk,Batch_2,Batch_3,False,0.02727873143841267,0.12240969734382884,0.8503115712177586,0.8503115712177586,Batch_2,0.7279018738739298,embedding PC 1,F11_c2_perimeter_fraction_adjacent_c0,F01_c0_area_fraction,1.7810203273582936,0.16420589232775296,0.1380863053789268,0.16960521299793266,0.21979105149424963,0.24460859976440058,within_bounds,True,Batch_3,high,45629944e398,8ba9359
rxax5ozo,Batch_2,Batch_1,False,0.5028067607423929,0.22863110203663792,0.268562137220969,0.5028067607423929,Batch_3,0.23424462352142394,embedding PC 1,embedding PC 2,embedding PC 8,0.38184820985571305,0.3036986546017936,0.21318127503973214,0.1850707619221559,0.21979105149424963,0.24460859976440058,within_bounds,True,Batch_2,low,45629944e398,8ba9359
tuy3zymq,Batch_3,Batch_3,True,0.00241688218420889,0.0010689022702825648,0.9965142155455086,0.9965142155455086,Batch_1,0.9940973333612997,embedding PC 3,embedding PC 5,embedding PC 1,1.3742660540239389,0.913382927717633,0.829416892624705,0.1612989226490235,0.22086570862524352,0.24511197037391277,within_bounds,True,Batch_3,high,45629944e398,8ba9359
ufdvpb81,Batch_3,Batch_2,False,0.03474798997053701,0.5428191162533198,0.4224328937761433,0.5428191162533198,Batch_3,0.12038622247717651,F06_c2_clark_evans_R,embedding PC 12,F02_c2_area_fraction,0.4471549230385788,0.3925962473171182,0.25338815033884177,0.21203556765982748,0.21692476903050775,0.24460510854377693,within_bounds,True,Batch_2,low,45629944e398,8ba9359
uhdslk0o,Batch_1,Batch_2,False,0.037250521310623556,0.9542944325510155,0.00845504613836082,0.9542944325510155,Batch_1,0.917043911240392,F04_c2_eqdiam_p90_px,embedding PC 12,F03_c2_eqdiam_median_px,1.001166749033811,0.4125013088658754,0.4064442003533178,0.276542531839459,0.21979105149424963,0.24460859976440058,outside_bounds,False,Batch_1,low,45629944e398,8ba9359
utfgcjfa,Batch_3,Batch_2,False,0.050067440822151206,0.7672899682881863,0.1826425908896625,0.7672899682881863,Batch_3,0.5846473773985238,embedding PC 7,embedding PC 3,embedding PC 2,0.24429568370474047,0.23233616340913887,0.2189630738505447,0.17123249295455228,0.22458070213859915,0.24350359248413406,within_bounds,True,Batch_2,high,45629944e398,8ba9359
vc2whyaq,Batch_3,Batch_2,False,0.045926312254039925,0.8302718981346421,0.12380178961131812,0.8302718981346421,Batch_3,0.7064701085233239,embedding PC 3,embedding PC 12,embedding PC 7,0.7487719686716346,0.5482059113702935,0.3420860412972726,0.17628254763188064,0.22674019025324793,0.248026218438715,within_bounds,True,Batch_2,high,45629944e398,8ba9359
x77cy643,Batch_3,Batch_3,True,0.006524981391993427,0.006152598497186075,0.9873224201108206,0.9873224201108206,Batch_1,0.9807974387188272,embedding PC 1,F04_c2_eqdiam_p90_px,embedding PC 5,1.5574463765125433,0.8593770644200168,0.4455315732849821,0.19754099489891278,0.22276536585306395,0.24090430556132636,within_bounds,True,Batch_3,high,45629944e398,8ba9359
x7u69zsw,Batch_3,Batch_3,True,0.02109738679254252,0.08492502670310614,0.8939775865043514,0.8939775865043514,Batch_2,0.8090525598012452,embedding PC 3,embedding PC 2,embedding PC 5,1.0106454911951421,0.9817239680931773,0.2668039767989672,0.17484198355702193,0.22345168314968322,0.25080522074099315,within_bounds,True,Batch_3,high,45629944e398,8ba9359
xgj4xftb,Batch_3,Batch_3,True,0.004205545686646094,0.0030404042379576063,0.9927540500753964,0.9927540500753964,Batch_1,0.9885485043887503,embedding PC 3,embedding PC 2,embedding PC 1,1.2058738726031764,0.780021053439826,0.694535109800858,0.17088805831843498,0.22412384332904092,0.24768985592004666,within_bounds,True,Batch_3,high,45629944e398,8ba9359
