metric,batch_a,batch_b,value,config_hash,git_sha,phase_identity
median_shift,Batch_1,Batch_1,0.0,de199d6c8d69,bf71ff6,"stated by Polaron, not image-verified"
median_shift,Batch_1,Batch_2,0.7421369509251321,de199d6c8d69,bf71ff6,"stated by Polaron, not image-verified"
median_shift,Batch_1,Batch_3,0.5927258531417856,de199d6c8d69,bf71ff6,"stated by Polaron, not image-verified"
median_shift,Batch_2,Batch_1,0.7421369509251321,de199d6c8d69,bf71ff6,"stated by Polaron, not image-verified"
median_shift,Batch_2,Batch_2,0.0,de199d6c8d69,bf71ff6,"stated by Polaron, not image-verified"
median_shift,Batch_2,Batch_3,0.6235342945476734,de199d6c8d69,bf71ff6,"stated by Polaron, not image-verified"
median_shift,Batch_3,Batch_1,0.5927258531417856,de199d6c8d69,bf71ff6,"stated by Polaron, not image-verified"
median_shift,Batch_3,Batch_2,0.6235342945476734,de199d6c8d69,bf71ff6,"stated by Polaron, not image-verified"
median_shift,Batch_3,Batch_3,0.0,de199d6c8d69,bf71ff6,"stated by Polaron, not image-verified"
energy_distance,Batch_1,Batch_1,0.0,de199d6c8d69,bf71ff6,"stated by Polaron, not image-verified"
energy_distance,Batch_1,Batch_2,2.376677999081722,de199d6c8d69,bf71ff6,"stated by Polaron, not image-verified"
energy_distance,Batch_1,Batch_3,1.5387254006674045,de199d6c8d69,bf71ff6,"stated by Polaron, not image-verified"
energy_distance,Batch_2,Batch_1,2.376677999081722,de199d6c8d69,bf71ff6,"stated by Polaron, not image-verified"
energy_distance,Batch_2,Batch_2,0.0,de199d6c8d69,bf71ff6,"stated by Polaron, not image-verified"
energy_distance,Batch_2,Batch_3,1.1308557564685282,de199d6c8d69,bf71ff6,"stated by Polaron, not image-verified"
energy_distance,Batch_3,Batch_1,1.5387254006674045,de199d6c8d69,bf71ff6,"stated by Polaron, not image-verified"
energy_distance,Batch_3,Batch_2,1.1308557564685282,de199d6c8d69,bf71ff6,"stated by Polaron, not image-verified"
energy_distance,Batch_3,Batch_3,0.0,de199d6c8d69,bf71ff6,"stated by Polaron, not image-verified"
mmd2_unbiased,Batch_1,Batch_1,0.0,de199d6c8d69,bf71ff6,"stated by Polaron, not image-verified"
mmd2_unbiased,Batch_1,Batch_2,0.09919694653904021,de199d6c8d69,bf71ff6,"stated by Polaron, not image-verified"
mmd2_unbiased,Batch_1,Batch_3,0.021075903553585795,de199d6c8d69,bf71ff6,"stated by Polaron, not image-verified"
mmd2_unbiased,Batch_2,Batch_1,0.09919694653904021,de199d6c8d69,bf71ff6,"stated by Polaron, not image-verified"
mmd2_unbiased,Batch_2,Batch_2,0.0,de199d6c8d69,bf71ff6,"stated by Polaron, not image-verified"
mmd2_unbiased,Batch_2,Batch_3,0.03163844127857662,de199d6c8d69,bf71ff6,"stated by Polaron, not image-verified"
mmd2_unbiased,Batch_3,Batch_1,0.021075903553585795,de199d6c8d69,bf71ff6,"stated by Polaron, not image-verified"
mmd2_unbiased,Batch_3,Batch_2,0.03163844127857662,de199d6c8d69,bf71ff6,"stated by Polaron, not image-verified"
mmd2_unbiased,Batch_3,Batch_3,0.0,de199d6c8d69,bf71ff6,"stated by Polaron, not image-verified"
