table,feature,family,pair,median_a,median_b,s_f,z,p_perm,p_bh,band95,band99,band_position,z_resid,p_resid,n_loo_outliers,loo_outlier_ids,z_loo,p_loo,reference_p05,reference_p95,config_hash,git_sha,stats_config_hash,phase_identity
covariates,noise_sigma_BSE,covariate,Batch_1_vs_Batch_2,46.30273846153846,44.36395384615384,9.412388741538459,0.2059822079838709,0.10394802598700649,0.2494752623688156,,,not_applicable,,,0,none,,,,,45629944e398,0f6b661,e718e5866dea,"stated by Polaron, not image-verified"
covariates,sharpness_BSE,covariate,Batch_1_vs_Batch_2,2348.618320611807,2186.6342533307197,774.8623652475427,0.20904882537344407,0.22988505747126436,0.4055472263868066,,,not_applicable,,,0,none,,,,,45629944e398,0f6b661,e718e5866dea,"stated by Polaron, not image-verified"
covariates,curtaining_score_BSE,covariate,Batch_1_vs_Batch_2,0.02173425197650076,0.02192892549533217,0.002046297438517445,-0.09513451718556291,0.6481759120439781,0.707100994957067,,,not_applicable,,,0,none,,,,,45629944e398,0f6b661,e718e5866dea,"stated by Polaron, not image-verified"
covariates,hstripe_score_BSE,covariate,Batch_1_vs_Batch_2,0.03450791085997007,0.03626827957938514,0.003452628212368481,-0.5098633884496546,0.5432283858070964,0.6208324409223959,,,not_applicable,,,0,none,,,,,45629944e398,0f6b661,e718e5866dea,"stated by Polaron, not image-verified"
covariates,edge_charging_BSE,covariate,Batch_1_vs_Batch_2,0.621777777517249,0.42236189291288934,0.7114996606930951,0.28027544582396874,0.4862568715642179,0.5835082458770614,,,not_applicable,,,0,none,,,,,45629944e398,0f6b661,e718e5866dea,"stated by Polaron, not image-verified"
covariates,edge_charging_Inlens,covariate,Batch_1_vs_Batch_2,-0.9308598300304266,-3.7573232618609884,2.4505718065717814,1.1533893535585202,0.12393803098450774,0.27041024942074415,,,not_applicable,,,0,none,,,,,45629944e398,0f6b661,e718e5866dea,"stated by Polaron, not image-verified"
covariates,height,covariate,Batch_1_vs_Batch_2,2148.0,2080.0,41.5128,1.6380489873003026,1.0,1.0,,,not_applicable,,,0,none,,,,,45629944e398,0f6b661,e718e5866dea,"stated by Polaron, not image-verified"
covariates,nm_per_px_if_tag_true,covariate,Batch_1_vs_Batch_2,25.00005511823176,24.999707090046066,0.00020546619757824515,1.6938464321457294,0.44877561219390305,0.5668744575080881,,,not_applicable,,,0,none,,,,,45629944e398,0f6b661,e718e5866dea,"stated by Polaron, not image-verified"
covariates,noise_sigma_BSE,covariate,Batch_1_vs_Batch_3,46.30273846153846,37.711261538461535,9.412388741538459,0.9127839020461712,0.07846076961519241,0.2494752623688156,1.0793871585037134,1.107366408421523,within,,,0,none,,,30.024550769230768,44.68898538461538,45629944e398,0f6b661,e718e5866dea,"stated by Polaron, not image-verified"
covariates,sharpness_BSE,covariate,Batch_1_vs_Batch_3,2348.618320611807,1639.8736931238418,774.8623652475427,0.9146716362480001,0.07846076961519241,0.2494752623688156,1.0256161331040317,1.0592554816962882,within,,,0,none,,,1011.2933929443359,2202.772404003143,45629944e398,0f6b661,e718e5866dea,"stated by Polaron, not image-verified"
covariates,curtaining_score_BSE,covariate,Batch_1_vs_Batch_3,0.02173425197650076,0.022981473911753005,0.002046297438517445,-0.6095017819872105,0.2703648175912044,0.4055472263868066,1.0562712120188653,1.2249607998389018,within,,,0,none,,,0.020882500448550428,0.026882334385877605,45629944e398,0f6b661,e718e5866dea,"stated by Polaron, not image-verified"
covariates,hstripe_score_BSE,covariate,Batch_1_vs_Batch_3,0.03450791085997007,0.03788148368592034,0.003452628212368481,-0.97710283831459,0.07146426786606697,0.2494752623688156,1.1956025011964129,1.4145101770964235,within,,,0,none,,,0.03399848760066397,0.04374793595380988,45629944e398,0f6b661,e718e5866dea,"stated by Polaron, not image-verified"
covariates,edge_charging_BSE,covariate,Batch_1_vs_Batch_3,0.621777777517249,0.0388326710003426,0.7114996606930951,0.8193188819641046,0.09395302348825588,0.2494752623688156,0.9743635632107146,1.1470147387329208,within,,,0,none,,,-0.9825392962671846,0.8011266757115294,45629944e398,0f6b661,e718e5866dea,"stated by Polaron, not image-verified"
covariates,edge_charging_Inlens,covariate,Batch_1_vs_Batch_3,-0.9308598300304266,-1.1241391518901567,2.4505718065717814,0.07887111136323627,1.0,1.0,1.090675824733538,1.3563768963788434,within,,,0,none,,,-3.2994487056576043,2.660257156094418,45629944e398,0f6b661,e718e5866dea,"stated by Polaron, not image-verified"
covariates,height,covariate,Batch_1_vs_Batch_3,2148.0,2060.0,41.5128,2.1198281012121565,0.08495752123938032,0.2494752623688156,2.3703532404463115,3.952034071418935,within,,,0,none,,,1612.0,2124.7999999999997,45629944e398,0f6b661,e718e5866dea,"stated by Polaron, not image-verified"
covariates,nm_per_px_if_tag_true,covariate,Batch_1_vs_Batch_3,25.00005511823176,25.0001448827294,0.00020546619757824515,-0.4368820696504801,0.3453273363318341,0.46043644844244547,1.6248842697271944,1.9621296494654918,within,,,0,none,,,24.99920160030165,25.000548043509863,45629944e398,0f6b661,e718e5866dea,"stated by Polaron, not image-verified"
covariates,noise_sigma_BSE,covariate,Batch_2_vs_Batch_3,44.36395384615384,37.711261538461535,9.412388741538459,0.7068016940623003,0.08445777111444278,0.2494752623688156,1.0793871585037134,1.107366408421523,within,,,0,none,,,30.024550769230768,44.68898538461538,45629944e398,0f6b661,e718e5866dea,"stated by Polaron, not image-verified"
covariates,sharpness_BSE,covariate,Batch_2_vs_Batch_3,2186.6342533307197,1639.8736931238418,774.8623652475427,0.7056228108745559,0.0814592703648176,0.2494752623688156,1.0256161331040317,1.0592554816962882,within,,,0,none,,,1011.2933929443359,2202.772404003143,45629944e398,0f6b661,e718e5866dea,"stated by Polaron, not image-verified"
covariates,curtaining_score_BSE,covariate,Batch_2_vs_Batch_3,0.02192892549533217,0.022981473911753005,0.002046297438517445,-0.5143672648016475,0.2658670664667666,0.4055472263868066,1.0562712120188653,1.2249607998389018,within,,,0,none,,,0.020882500448550428,0.026882334385877605,45629944e398,0f6b661,e718e5866dea,"stated by Polaron, not image-verified"
covariates,hstripe_score_BSE,covariate,Batch_2_vs_Batch_3,0.03626827957938514,0.03788148368592034,0.003452628212368481,-0.4672394498649354,0.18440779610194902,0.36881559220389803,1.1956025011964129,1.4145101770964235,within,,,0,none,,,0.03399848760066397,0.04374793595380988,45629944e398,0f6b661,e718e5866dea,"stated by Polaron, not image-verified"
covariates,edge_charging_BSE,covariate,Batch_2_vs_Batch_3,0.42236189291288934,0.0388326710003426,0.7114996606930951,0.5390434361401358,0.31634182908545727,0.4466002292971161,0.9743635632107146,1.1470147387329208,within,,,0,none,,,-0.9825392962671846,0.8011266757115294,45629944e398,0f6b661,e718e5866dea,"stated by Polaron, not image-verified"
covariates,edge_charging_Inlens,covariate,Batch_2_vs_Batch_3,-3.7573232618609884,-1.1241391518901567,2.4505718065717814,-1.0745182421952837,0.051974012993503245,0.2494752623688156,1.090675824733538,1.3563768963788434,within,,,0,none,,,-3.2994487056576043,2.660257156094418,45629944e398,0f6b661,e718e5866dea,"stated by Polaron, not image-verified"
covariates,height,covariate,Batch_2_vs_Batch_3,2080.0,2060.0,41.5128,0.4817791139118537,0.2543728135932034,0.4055472263868066,2.3703532404463115,3.952034071418935,within,,,0,none,,,1612.0,2124.7999999999997,45629944e398,0f6b661,e718e5866dea,"stated by Polaron, not image-verified"
covariates,nm_per_px_if_tag_true,covariate,Batch_2_vs_Batch_3,24.999707090046066,25.0001448827294,0.00020546619757824515,-2.1307285017962094,0.079960019990005,0.2494752623688156,1.6248842697271944,1.9621296494654918,outside,,,0,none,,,24.99920160030165,25.000548043509863,45629944e398,0f6b661,e718e5866dea,"stated by Polaron, not image-verified"
