table,statistic,batch_a,batch_b,pair,value,p_perm,p_bh,band95,band99,band_position,n_a,n_b,residualised,applicable,config_hash,git_sha,stats_config_hash,phase_identity
kpi,rms_z,Batch_1,Batch_1,Batch_1_vs_Batch_1,0.0,1.0,1.0,,,diagonal,7,7,False,True,45629944e398,12d77a4,e718e5866dea,"stated by Polaron, not image-verified"
kpi,rms_z,Batch_1,Batch_2,Batch_1_vs_Batch_2,0.7632887351550229,0.5017491254372813,0.6711644177911045,,,not_applicable,7,7,False,True,45629944e398,12d77a4,e718e5866dea,"stated by Polaron, not image-verified"
kpi,rms_z,Batch_1,Batch_3,Batch_1_vs_Batch_3,0.8061309945773384,0.1984007996001999,0.6711644177911045,0.888306316708621,0.9906957044381451,within,7,17,False,True,45629944e398,12d77a4,e718e5866dea,"stated by Polaron, not image-verified"
kpi,rms_z,Batch_2,Batch_1,Batch_2_vs_Batch_1,0.7632887351550229,0.5017491254372813,0.6711644177911045,,,not_applicable,7,7,False,True,45629944e398,12d77a4,e718e5866dea,"stated by Polaron, not image-verified"
kpi,rms_z,Batch_2,Batch_2,Batch_2_vs_Batch_2,0.0,1.0,1.0,,,diagonal,7,7,False,True,45629944e398,12d77a4,e718e5866dea,"stated by Polaron, not image-verified"
kpi,rms_z,Batch_2,Batch_3,Batch_2_vs_Batch_3,0.49619508001605356,0.6711644177911045,0.6711644177911045,0.888306316708621,0.9906957044381451,within,7,17,False,True,45629944e398,12d77a4,e718e5866dea,"stated by Polaron, not image-verified"
kpi,rms_z,Batch_3,Batch_1,Batch_3_vs_Batch_1,0.8061309945773384,0.1984007996001999,0.6711644177911045,0.888306316708621,0.9906957044381451,within,17,7,False,True,45629944e398,12d77a4,e718e5866dea,"stated by Polaron, not image-verified"
kpi,rms_z,Batch_3,Batch_2,Batch_3_vs_Batch_2,0.49619508001605356,0.6711644177911045,0.6711644177911045,0.888306316708621,0.9906957044381451,within,17,7,False,True,45629944e398,12d77a4,e718e5866dea,"stated by Polaron, not image-verified"
kpi,rms_z,Batch_3,Batch_3,Batch_3_vs_Batch_3,0.0,1.0,1.0,,,diagonal,17,17,False,True,45629944e398,12d77a4,e718e5866dea,"stated by Polaron, not image-verified"
kpi,rms_z,Batch_1,Batch_1,Batch_1_vs_Batch_1,0.0,1.0,1.0,,,diagonal,7,7,True,True,45629944e398,12d77a4,e718e5866dea,"stated by Polaron, not image-verified"
kpi,rms_z,Batch_1,Batch_2,Batch_1_vs_Batch_2,0.6894098756202865,0.5172413793103449,0.9640179910044977,,,not_applicable,7,7,True,True,45629944e398,12d77a4,e718e5866dea,"stated by Polaron, not image-verified"
kpi,rms_z,Batch_1,Batch_3,Batch_1_vs_Batch_3,0.6161258346623365,0.4572713643178411,0.9640179910044977,0.8586465228673157,1.0355348093810408,within,7,17,True,True,45629944e398,12d77a4,e718e5866dea,"stated by Polaron, not image-verified"
kpi,rms_z,Batch_2,Batch_1,Batch_2_vs_Batch_1,0.6894098756202865,0.5172413793103449,0.9640179910044977,,,not_applicable,7,7,True,True,45629944e398,12d77a4,e718e5866dea,"stated by Polaron, not image-verified"
kpi,rms_z,Batch_2,Batch_2,Batch_2_vs_Batch_2,0.0,1.0,1.0,,,diagonal,7,7,True,True,45629944e398,12d77a4,e718e5866dea,"stated by Polaron, not image-verified"
kpi,rms_z,Batch_2,Batch_3,Batch_2_vs_Batch_3,0.5323891970773286,0.816591704147926,0.9640179910044977,0.8586465228673157,1.0355348093810408,within,7,17,True,True,45629944e398,12d77a4,e718e5866dea,"stated by Polaron, not image-verified"
kpi,rms_z,Batch_3,Batch_1,Batch_3_vs_Batch_1,0.6161258346623365,0.4572713643178411,0.9640179910044977,0.8586465228673157,1.0355348093810408,within,17,7,True,True,45629944e398,12d77a4,e718e5866dea,"stated by Polaron, not image-verified"
kpi,rms_z,Batch_3,Batch_2,Batch_3_vs_Batch_2,0.5323891970773286,0.816591704147926,0.9640179910044977,0.8586465228673157,1.0355348093810408,within,17,7,True,True,45629944e398,12d77a4,e718e5866dea,"stated by Polaron, not image-verified"
kpi,rms_z,Batch_3,Batch_3,Batch_3_vs_Batch_3,0.0,1.0,1.0,,,diagonal,17,17,True,True,45629944e398,12d77a4,e718e5866dea,"stated by Polaron, not image-verified"
kpi,energy,Batch_1,Batch_1,Batch_1_vs_Batch_1,0.0,1.0,1.0,,,diagonal,7,7,False,False,45629944e398,12d77a4,e718e5866dea,"stated by Polaron, not image-verified"
kpi,energy,Batch_1,Batch_2,Batch_1_vs_Batch_2,,,,,,not_applicable,7,7,False,False,45629944e398,12d77a4,e718e5866dea,"stated by Polaron, not image-verified"
kpi,energy,Batch_1,Batch_3,Batch_1_vs_Batch_3,,,,,,not_applicable,7,17,False,False,45629944e398,12d77a4,e718e5866dea,"stated by Polaron, not image-verified"
kpi,energy,Batch_2,Batch_1,Batch_2_vs_Batch_1,,,,,,not_applicable,7,7,False,False,45629944e398,12d77a4,e718e5866dea,"stated by Polaron, not image-verified"
kpi,energy,Batch_2,Batch_2,Batch_2_vs_Batch_2,0.0,1.0,1.0,,,diagonal,7,7,False,False,45629944e398,12d77a4,e718e5866dea,"stated by Polaron, not image-verified"
kpi,energy,Batch_2,Batch_3,Batch_2_vs_Batch_3,,,,,,not_applicable,7,17,False,False,45629944e398,12d77a4,e718e5866dea,"stated by Polaron, not image-verified"
kpi,energy,Batch_3,Batch_1,Batch_3_vs_Batch_1,,,,,,not_applicable,17,7,False,False,45629944e398,12d77a4,e718e5866dea,"stated by Polaron, not image-verified"
kpi,energy,Batch_3,Batch_2,Batch_3_vs_Batch_2,,,,,,not_applicable,17,7,False,False,45629944e398,12d77a4,e718e5866dea,"stated by Polaron, not image-verified"
kpi,energy,Batch_3,Batch_3,Batch_3_vs_Batch_3,0.0,1.0,1.0,,,diagonal,17,17,False,False,45629944e398,12d77a4,e718e5866dea,"stated by Polaron, not image-verified"
kpi,energy,Batch_1,Batch_1,Batch_1_vs_Batch_1,0.0,1.0,1.0,,,diagonal,7,7,True,False,45629944e398,12d77a4,e718e5866dea,"stated by Polaron, not image-verified"
kpi,energy,Batch_1,Batch_2,Batch_1_vs_Batch_2,,,,,,not_applicable,7,7,True,False,45629944e398,12d77a4,e718e5866dea,"stated by Polaron, not image-verified"
kpi,energy,Batch_1,Batch_3,Batch_1_vs_Batch_3,,,,,,not_applicable,7,17,True,False,45629944e398,12d77a4,e718e5866dea,"stated by Polaron, not image-verified"
kpi,energy,Batch_2,Batch_1,Batch_2_vs_Batch_1,,,,,,not_applicable,7,7,True,False,45629944e398,12d77a4,e718e5866dea,"stated by Polaron, not image-verified"
kpi,energy,Batch_2,Batch_2,Batch_2_vs_Batch_2,0.0,1.0,1.0,,,diagonal,7,7,True,False,45629944e398,12d77a4,e718e5866dea,"stated by Polaron, not image-verified"
kpi,energy,Batch_2,Batch_3,Batch_2_vs_Batch_3,,,,,,not_applicable,7,17,True,False,45629944e398,12d77a4,e718e5866dea,"stated by Polaron, not image-verified"
kpi,energy,Batch_3,Batch_1,Batch_3_vs_Batch_1,,,,,,not_applicable,17,7,True,False,45629944e398,12d77a4,e718e5866dea,"stated by Polaron, not image-verified"
kpi,energy,Batch_3,Batch_2,Batch_3_vs_Batch_2,,,,,,not_applicable,17,7,True,False,45629944e398,12d77a4,e718e5866dea,"stated by Polaron, not image-verified"
kpi,energy,Batch_3,Batch_3,Batch_3_vs_Batch_3,0.0,1.0,1.0,,,diagonal,17,17,True,False,45629944e398,12d77a4,e718e5866dea,"stated by Polaron, not image-verified"
kpi,mmd2,Batch_1,Batch_1,Batch_1_vs_Batch_1,0.0,1.0,1.0,,,diagonal,7,7,False,False,45629944e398,12d77a4,e718e5866dea,"stated by Polaron, not image-verified"
kpi,mmd2,Batch_1,Batch_2,Batch_1_vs_Batch_2,,,,,,not_applicable,7,7,False,False,45629944e398,12d77a4,e718e5866dea,"stated by Polaron, not image-verified"
kpi,mmd2,Batch_1,Batch_3,Batch_1_vs_Batch_3,,,,,,not_applicable,7,17,False,False,45629944e398,12d77a4,e718e5866dea,"stated by Polaron, not image-verified"
kpi,mmd2,Batch_2,Batch_1,Batch_2_vs_Batch_1,,,,,,not_applicable,7,7,False,False,45629944e398,12d77a4,e718e5866dea,"stated by Polaron, not image-verified"
kpi,mmd2,Batch_2,Batch_2,Batch_2_vs_Batch_2,0.0,1.0,1.0,,,diagonal,7,7,False,False,45629944e398,12d77a4,e718e5866dea,"stated by Polaron, not image-verified"
kpi,mmd2,Batch_2,Batch_3,Batch_2_vs_Batch_3,,,,,,not_applicable,7,17,False,False,45629944e398,12d77a4,e718e5866dea,"stated by Polaron, not image-verified"
kpi,mmd2,Batch_3,Batch_1,Batch_3_vs_Batch_1,,,,,,not_applicable,17,7,False,False,45629944e398,12d77a4,e718e5866dea,"stated by Polaron, not image-verified"
kpi,mmd2,Batch_3,Batch_2,Batch_3_vs_Batch_2,,,,,,not_applicable,17,7,False,False,45629944e398,12d77a4,e718e5866dea,"stated by Polaron, not image-verified"
kpi,mmd2,Batch_3,Batch_3,Batch_3_vs_Batch_3,0.0,1.0,1.0,,,diagonal,17,17,False,False,45629944e398,12d77a4,e718e5866dea,"stated by Polaron, not image-verified"
kpi,mmd2,Batch_1,Batch_1,Batch_1_vs_Batch_1,0.0,1.0,1.0,,,diagonal,7,7,True,False,45629944e398,12d77a4,e718e5866dea,"stated by Polaron, not image-verified"
kpi,mmd2,Batch_1,Batch_2,Batch_1_vs_Batch_2,,,,,,not_applicable,7,7,True,False,45629944e398,12d77a4,e718e5866dea,"stated by Polaron, not image-verified"
kpi,mmd2,Batch_1,Batch_3,Batch_1_vs_Batch_3,,,,,,not_applicable,7,17,True,False,45629944e398,12d77a4,e718e5866dea,"stated by Polaron, not image-verified"
kpi,mmd2,Batch_2,Batch_1,Batch_2_vs_Batch_1,,,,,,not_applicable,7,7,True,False,45629944e398,12d77a4,e718e5866dea,"stated by Polaron, not image-verified"
kpi,mmd2,Batch_2,Batch_2,Batch_2_vs_Batch_2,0.0,1.0,1.0,,,diagonal,7,7,True,False,45629944e398,12d77a4,e718e5866dea,"stated by Polaron, not image-verified"
kpi,mmd2,Batch_2,Batch_3,Batch_2_vs_Batch_3,,,,,,not_applicable,7,17,True,False,45629944e398,12d77a4,e718e5866dea,"stated by Polaron, not image-verified"
kpi,mmd2,Batch_3,Batch_1,Batch_3_vs_Batch_1,,,,,,not_applicable,17,7,True,False,45629944e398,12d77a4,e718e5866dea,"stated by Polaron, not image-verified"
kpi,mmd2,Batch_3,Batch_2,Batch_3_vs_Batch_2,,,,,,not_applicable,17,7,True,False,45629944e398,12d77a4,e718e5866dea,"stated by Polaron, not image-verified"
kpi,mmd2,Batch_3,Batch_3,Batch_3_vs_Batch_3,0.0,1.0,1.0,,,diagonal,17,17,True,False,45629944e398,12d77a4,e718e5866dea,"stated by Polaron, not image-verified"
features,rms_z,Batch_1,Batch_1,Batch_1_vs_Batch_1,0.0,1.0,1.0,,,diagonal,7,7,False,True,45629944e398,12d77a4,e718e5866dea,"stated by Polaron, not image-verified"
features,rms_z,Batch_1,Batch_2,Batch_1_vs_Batch_2,0.7403976677537153,0.6371814092953523,0.6711644177911045,,,not_applicable,7,7,False,True,45629944e398,12d77a4,e718e5866dea,"stated by Polaron, not image-verified"
features,rms_z,Batch_1,Batch_3,Batch_1_vs_Batch_3,0.5924527225046691,0.5612193903048476,0.6711644177911045,0.9591179678488772,1.3249867270120905,within,7,17,False,True,45629944e398,12d77a4,e718e5866dea,"stated by Polaron, not image-verified"
features,rms_z,Batch_2,Batch_1,Batch_2_vs_Batch_1,0.7403976677537153,0.6371814092953523,0.6711644177911045,,,not_applicable,7,7,False,True,45629944e398,12d77a4,e718e5866dea,"stated by Polaron, not image-verified"
features,rms_z,Batch_2,Batch_2,Batch_2_vs_Batch_2,0.0,1.0,1.0,,,diagonal,7,7,False,True,45629944e398,12d77a4,e718e5866dea,"stated by Polaron, not image-verified"
features,rms_z,Batch_2,Batch_3,Batch_2_vs_Batch_3,0.6196435699305433,0.5062468765617192,0.6711644177911045,0.9591179678488772,1.3249867270120905,within,7,17,False,True,45629944e398,12d77a4,e718e5866dea,"stated by Polaron, not image-verified"
features,rms_z,Batch_3,Batch_1,Batch_3_vs_Batch_1,0.5924527225046691,0.5612193903048476,0.6711644177911045,0.9591179678488772,1.3249867270120905,within,17,7,False,True,45629944e398,12d77a4,e718e5866dea,"stated by Polaron, not image-verified"
features,rms_z,Batch_3,Batch_2,Batch_3_vs_Batch_2,0.6196435699305433,0.5062468765617192,0.6711644177911045,0.9591179678488772,1.3249867270120905,within,17,7,False,True,45629944e398,12d77a4,e718e5866dea,"stated by Polaron, not image-verified"
features,rms_z,Batch_3,Batch_3,Batch_3_vs_Batch_3,0.0,1.0,1.0,,,diagonal,17,17,False,True,45629944e398,12d77a4,e718e5866dea,"stated by Polaron, not image-verified"
features,rms_z,Batch_1,Batch_1,Batch_1_vs_Batch_1,0.0,1.0,1.0,,,diagonal,7,7,True,True,45629944e398,12d77a4,e718e5866dea,"stated by Polaron, not image-verified"
features,rms_z,Batch_1,Batch_2,Batch_1_vs_Batch_2,0.41442480520975905,0.8495752123938031,0.9640179910044977,,,not_applicable,7,7,True,True,45629944e398,12d77a4,e718e5866dea,"stated by Polaron, not image-verified"
features,rms_z,Batch_1,Batch_3,Batch_1_vs_Batch_3,0.3048379323668146,0.9640179910044977,0.9640179910044977,0.7897505582593014,0.8789347850905428,within,7,17,True,True,45629944e398,12d77a4,e718e5866dea,"stated by Polaron, not image-verified"
features,rms_z,Batch_2,Batch_1,Batch_2_vs_Batch_1,0.41442480520975905,0.8495752123938031,0.9640179910044977,,,not_applicable,7,7,True,True,45629944e398,12d77a4,e718e5866dea,"stated by Polaron, not image-verified"
features,rms_z,Batch_2,Batch_2,Batch_2_vs_Batch_2,0.0,1.0,1.0,,,diagonal,7,7,True,True,45629944e398,12d77a4,e718e5866dea,"stated by Polaron, not image-verified"
features,rms_z,Batch_2,Batch_3,Batch_2_vs_Batch_3,0.3836729196066811,0.9420289855072463,0.9640179910044977,0.7897505582593014,0.8789347850905428,within,7,17,True,True,45629944e398,12d77a4,e718e5866dea,"stated by Polaron, not image-verified"
features,rms_z,Batch_3,Batch_1,Batch_3_vs_Batch_1,0.3048379323668146,0.9640179910044977,0.9640179910044977,0.7897505582593014,0.8789347850905428,within,17,7,True,True,45629944e398,12d77a4,e718e5866dea,"stated by Polaron, not image-verified"
features,rms_z,Batch_3,Batch_2,Batch_3_vs_Batch_2,0.3836729196066811,0.9420289855072463,0.9640179910044977,0.7897505582593014,0.8789347850905428,within,17,7,True,True,45629944e398,12d77a4,e718e5866dea,"stated by Polaron, not image-verified"
features,rms_z,Batch_3,Batch_3,Batch_3_vs_Batch_3,0.0,1.0,1.0,,,diagonal,17,17,True,True,45629944e398,12d77a4,e718e5866dea,"stated by Polaron, not image-verified"
features,energy,Batch_1,Batch_1,Batch_1_vs_Batch_1,0.0,1.0,1.0,,,diagonal,7,7,False,False,45629944e398,12d77a4,e718e5866dea,"stated by Polaron, not image-verified"
features,energy,Batch_1,Batch_2,Batch_1_vs_Batch_2,,,,,,not_applicable,7,7,False,False,45629944e398,12d77a4,e718e5866dea,"stated by Polaron, not image-verified"
features,energy,Batch_1,Batch_3,Batch_1_vs_Batch_3,,,,,,not_applicable,7,17,False,False,45629944e398,12d77a4,e718e5866dea,"stated by Polaron, not image-verified"
features,energy,Batch_2,Batch_1,Batch_2_vs_Batch_1,,,,,,not_applicable,7,7,False,False,45629944e398,12d77a4,e718e5866dea,"stated by Polaron, not image-verified"
features,energy,Batch_2,Batch_2,Batch_2_vs_Batch_2,0.0,1.0,1.0,,,diagonal,7,7,False,False,45629944e398,12d77a4,e718e5866dea,"stated by Polaron, not image-verified"
features,energy,Batch_2,Batch_3,Batch_2_vs_Batch_3,,,,,,not_applicable,7,17,False,False,45629944e398,12d77a4,e718e5866dea,"stated by Polaron, not image-verified"
features,energy,Batch_3,Batch_1,Batch_3_vs_Batch_1,,,,,,not_applicable,17,7,False,False,45629944e398,12d77a4,e718e5866dea,"stated by Polaron, not image-verified"
features,energy,Batch_3,Batch_2,Batch_3_vs_Batch_2,,,,,,not_applicable,17,7,False,False,45629944e398,12d77a4,e718e5866dea,"stated by Polaron, not image-verified"
features,energy,Batch_3,Batch_3,Batch_3_vs_Batch_3,0.0,1.0,1.0,,,diagonal,17,17,False,False,45629944e398,12d77a4,e718e5866dea,"stated by Polaron, not image-verified"
features,energy,Batch_1,Batch_1,Batch_1_vs_Batch_1,0.0,1.0,1.0,,,diagonal,7,7,True,False,45629944e398,12d77a4,e718e5866dea,"stated by Polaron, not image-verified"
features,energy,Batch_1,Batch_2,Batch_1_vs_Batch_2,,,,,,not_applicable,7,7,True,False,45629944e398,12d77a4,e718e5866dea,"stated by Polaron, not image-verified"
features,energy,Batch_1,Batch_3,Batch_1_vs_Batch_3,,,,,,not_applicable,7,17,True,False,45629944e398,12d77a4,e718e5866dea,"stated by Polaron, not image-verified"
features,energy,Batch_2,Batch_1,Batch_2_vs_Batch_1,,,,,,not_applicable,7,7,True,False,45629944e398,12d77a4,e718e5866dea,"stated by Polaron, not image-verified"
features,energy,Batch_2,Batch_2,Batch_2_vs_Batch_2,0.0,1.0,1.0,,,diagonal,7,7,True,False,45629944e398,12d77a4,e718e5866dea,"stated by Polaron, not image-verified"
features,energy,Batch_2,Batch_3,Batch_2_vs_Batch_3,,,,,,not_applicable,7,17,True,False,45629944e398,12d77a4,e718e5866dea,"stated by Polaron, not image-verified"
features,energy,Batch_3,Batch_1,Batch_3_vs_Batch_1,,,,,,not_applicable,17,7,True,False,45629944e398,12d77a4,e718e5866dea,"stated by Polaron, not image-verified"
features,energy,Batch_3,Batch_2,Batch_3_vs_Batch_2,,,,,,not_applicable,17,7,True,False,45629944e398,12d77a4,e718e5866dea,"stated by Polaron, not image-verified"
features,energy,Batch_3,Batch_3,Batch_3_vs_Batch_3,0.0,1.0,1.0,,,diagonal,17,17,True,False,45629944e398,12d77a4,e718e5866dea,"stated by Polaron, not image-verified"
features,mmd2,Batch_1,Batch_1,Batch_1_vs_Batch_1,0.0,1.0,1.0,,,diagonal,7,7,False,False,45629944e398,12d77a4,e718e5866dea,"stated by Polaron, not image-verified"
features,mmd2,Batch_1,Batch_2,Batch_1_vs_Batch_2,,,,,,not_applicable,7,7,False,False,45629944e398,12d77a4,e718e5866dea,"stated by Polaron, not image-verified"
features,mmd2,Batch_1,Batch_3,Batch_1_vs_Batch_3,,,,,,not_applicable,7,17,False,False,45629944e398,12d77a4,e718e5866dea,"stated by Polaron, not image-verified"
features,mmd2,Batch_2,Batch_1,Batch_2_vs_Batch_1,,,,,,not_applicable,7,7,False,False,45629944e398,12d77a4,e718e5866dea,"stated by Polaron, not image-verified"
features,mmd2,Batch_2,Batch_2,Batch_2_vs_Batch_2,0.0,1.0,1.0,,,diagonal,7,7,False,False,45629944e398,12d77a4,e718e5866dea,"stated by Polaron, not image-verified"
features,mmd2,Batch_2,Batch_3,Batch_2_vs_Batch_3,,,,,,not_applicable,7,17,False,False,45629944e398,12d77a4,e718e5866dea,"stated by Polaron, not image-verified"
features,mmd2,Batch_3,Batch_1,Batch_3_vs_Batch_1,,,,,,not_applicable,17,7,False,False,45629944e398,12d77a4,e718e5866dea,"stated by Polaron, not image-verified"
features,mmd2,Batch_3,Batch_2,Batch_3_vs_Batch_2,,,,,,not_applicable,17,7,False,False,45629944e398,12d77a4,e718e5866dea,"stated by Polaron, not image-verified"
features,mmd2,Batch_3,Batch_3,Batch_3_vs_Batch_3,0.0,1.0,1.0,,,diagonal,17,17,False,False,45629944e398,12d77a4,e718e5866dea,"stated by Polaron, not image-verified"
features,mmd2,Batch_1,Batch_1,Batch_1_vs_Batch_1,0.0,1.0,1.0,,,diagonal,7,7,True,False,45629944e398,12d77a4,e718e5866dea,"stated by Polaron, not image-verified"
features,mmd2,Batch_1,Batch_2,Batch_1_vs_Batch_2,,,,,,not_applicable,7,7,True,False,45629944e398,12d77a4,e718e5866dea,"stated by Polaron, not image-verified"
features,mmd2,Batch_1,Batch_3,Batch_1_vs_Batch_3,,,,,,not_applicable,7,17,True,False,45629944e398,12d77a4,e718e5866dea,"stated by Polaron, not image-verified"
features,mmd2,Batch_2,Batch_1,Batch_2_vs_Batch_1,,,,,,not_applicable,7,7,True,False,45629944e398,12d77a4,e718e5866dea,"stated by Polaron, not image-verified"
features,mmd2,Batch_2,Batch_2,Batch_2_vs_Batch_2,0.0,1.0,1.0,,,diagonal,7,7,True,False,45629944e398,12d77a4,e718e5866dea,"stated by Polaron, not image-verified"
features,mmd2,Batch_2,Batch_3,Batch_2_vs_Batch_3,,,,,,not_applicable,7,17,True,False,45629944e398,12d77a4,e718e5866dea,"stated by Polaron, not image-verified"
features,mmd2,Batch_3,Batch_1,Batch_3_vs_Batch_1,,,,,,not_applicable,17,7,True,False,45629944e398,12d77a4,e718e5866dea,"stated by Polaron, not image-verified"
features,mmd2,Batch_3,Batch_2,Batch_3_vs_Batch_2,,,,,,not_applicable,17,7,True,False,45629944e398,12d77a4,e718e5866dea,"stated by Polaron, not image-verified"
features,mmd2,Batch_3,Batch_3,Batch_3_vs_Batch_3,0.0,1.0,1.0,,,diagonal,17,17,True,False,45629944e398,12d77a4,e718e5866dea,"stated by Polaron, not image-verified"
emb_BSE,rms_z,Batch_1,Batch_1,Batch_1_vs_Batch_1,0.0,1.0,1.0,,,diagonal,7,7,False,False,45629944e398,12d77a4,e718e5866dea,"stated by Polaron, not image-verified"
emb_BSE,rms_z,Batch_1,Batch_2,Batch_1_vs_Batch_2,,,,,,not_applicable,7,7,False,False,45629944e398,12d77a4,e718e5866dea,"stated by Polaron, not image-verified"
emb_BSE,rms_z,Batch_1,Batch_3,Batch_1_vs_Batch_3,,,,,,not_applicable,7,17,False,False,45629944e398,12d77a4,e718e5866dea,"stated by Polaron, not image-verified"
emb_BSE,rms_z,Batch_2,Batch_1,Batch_2_vs_Batch_1,,,,,,not_applicable,7,7,False,False,45629944e398,12d77a4,e718e5866dea,"stated by Polaron, not image-verified"
emb_BSE,rms_z,Batch_2,Batch_2,Batch_2_vs_Batch_2,0.0,1.0,1.0,,,diagonal,7,7,False,False,45629944e398,12d77a4,e718e5866dea,"stated by Polaron, not image-verified"
emb_BSE,rms_z,Batch_2,Batch_3,Batch_2_vs_Batch_3,,,,,,not_applicable,7,17,False,False,45629944e398,12d77a4,e718e5866dea,"stated by Polaron, not image-verified"
emb_BSE,rms_z,Batch_3,Batch_1,Batch_3_vs_Batch_1,,,,,,not_applicable,17,7,False,False,45629944e398,12d77a4,e718e5866dea,"stated by Polaron, not image-verified"
emb_BSE,rms_z,Batch_3,Batch_2,Batch_3_vs_Batch_2,,,,,,not_applicable,17,7,False,False,45629944e398,12d77a4,e718e5866dea,"stated by Polaron, not image-verified"
emb_BSE,rms_z,Batch_3,Batch_3,Batch_3_vs_Batch_3,0.0,1.0,1.0,,,diagonal,17,17,False,False,45629944e398,12d77a4,e718e5866dea,"stated by Polaron, not image-verified"
emb_BSE,rms_z,Batch_1,Batch_1,Batch_1_vs_Batch_1,0.0,1.0,1.0,,,diagonal,7,7,True,False,45629944e398,12d77a4,e718e5866dea,"stated by Polaron, not image-verified"
emb_BSE,rms_z,Batch_1,Batch_2,Batch_1_vs_Batch_2,,,,,,not_applicable,7,7,True,False,45629944e398,12d77a4,e718e5866dea,"stated by Polaron, not image-verified"
emb_BSE,rms_z,Batch_1,Batch_3,Batch_1_vs_Batch_3,,,,,,not_applicable,7,17,True,False,45629944e398,12d77a4,e718e5866dea,"stated by Polaron, not image-verified"
emb_BSE,rms_z,Batch_2,Batch_1,Batch_2_vs_Batch_1,,,,,,not_applicable,7,7,True,False,45629944e398,12d77a4,e718e5866dea,"stated by Polaron, not image-verified"
emb_BSE,rms_z,Batch_2,Batch_2,Batch_2_vs_Batch_2,0.0,1.0,1.0,,,diagonal,7,7,True,False,45629944e398,12d77a4,e718e5866dea,"stated by Polaron, not image-verified"
emb_BSE,rms_z,Batch_2,Batch_3,Batch_2_vs_Batch_3,,,,,,not_applicable,7,17,True,False,45629944e398,12d77a4,e718e5866dea,"stated by Polaron, not image-verified"
emb_BSE,rms_z,Batch_3,Batch_1,Batch_3_vs_Batch_1,,,,,,not_applicable,17,7,True,False,45629944e398,12d77a4,e718e5866dea,"stated by Polaron, not image-verified"
emb_BSE,rms_z,Batch_3,Batch_2,Batch_3_vs_Batch_2,,,,,,not_applicable,17,7,True,False,45629944e398,12d77a4,e718e5866dea,"stated by Polaron, not image-verified"
emb_BSE,rms_z,Batch_3,Batch_3,Batch_3_vs_Batch_3,0.0,1.0,1.0,,,diagonal,17,17,True,False,45629944e398,12d77a4,e718e5866dea,"stated by Polaron, not image-verified"
emb_BSE,energy,Batch_1,Batch_1,Batch_1_vs_Batch_1,0.0,1.0,1.0,,,diagonal,7,7,False,True,45629944e398,12d77a4,e718e5866dea,"stated by Polaron, not image-verified"
emb_BSE,energy,Batch_1,Batch_2,Batch_1_vs_Batch_2,0.00607479451382173,0.3173413293353323,0.3660044977511244,,,not_applicable,7,7,False,True,45629944e398,12d77a4,e718e5866dea,"stated by Polaron, not image-verified"
emb_BSE,energy,Batch_1,Batch_3,Batch_1_vs_Batch_3,0.09068361177527468,0.0004997501249375312,0.004497751124437781,0.0217172855107526,0.037503303609775156,outside,7,17,False,True,45629944e398,12d77a4,e718e5866dea,"stated by Polaron, not image-verified"
emb_BSE,energy,Batch_2,Batch_1,Batch_2_vs_Batch_1,0.00607479451382173,0.3173413293353323,0.3660044977511244,,,not_applicable,7,7,False,True,45629944e398,12d77a4,e718e5866dea,"stated by Polaron, not image-verified"
emb_BSE,energy,Batch_2,Batch_2,Batch_2_vs_Batch_2,0.0,1.0,1.0,,,diagonal,7,7,False,True,45629944e398,12d77a4,e718e5866dea,"stated by Polaron, not image-verified"
emb_BSE,energy,Batch_2,Batch_3,Batch_2_vs_Batch_3,0.04038248657456997,0.005497251374312844,0.012368815592203899,0.0217172855107526,0.037503303609775156,outside,7,17,False,True,45629944e398,12d77a4,e718e5866dea,"stated by Polaron, not image-verified"
emb_BSE,energy,Batch_3,Batch_1,Batch_3_vs_Batch_1,0.09068361177527468,0.0004997501249375312,0.004497751124437781,0.0217172855107526,0.037503303609775156,outside,17,7,False,True,45629944e398,12d77a4,e718e5866dea,"stated by Polaron, not image-verified"
emb_BSE,energy,Batch_3,Batch_2,Batch_3_vs_Batch_2,0.04038248657456997,0.005497251374312844,0.012368815592203899,0.0217172855107526,0.037503303609775156,outside,17,7,False,True,45629944e398,12d77a4,e718e5866dea,"stated by Polaron, not image-verified"
emb_BSE,energy,Batch_3,Batch_3,Batch_3_vs_Batch_3,0.0,1.0,1.0,,,diagonal,17,17,False,True,45629944e398,12d77a4,e718e5866dea,"stated by Polaron, not image-verified"
emb_BSE,energy,Batch_1,Batch_1,Batch_1_vs_Batch_1,0.0,1.0,1.0,,,diagonal,7,7,True,True,45629944e398,12d77a4,e718e5866dea,"stated by Polaron, not image-verified"
emb_BSE,energy,Batch_1,Batch_2,Batch_1_vs_Batch_2,-0.0016289008962644957,0.4862568715642179,0.7736131934032984,,,not_applicable,7,7,True,True,45629944e398,12d77a4,e718e5866dea,"stated by Polaron, not image-verified"
emb_BSE,energy,Batch_1,Batch_3,Batch_1_vs_Batch_3,8.699716167620553e-05,0.38780609695152424,0.7736131934032984,0.025937129130156056,0.040651647417897833,within,7,17,True,True,45629944e398,12d77a4,e718e5866dea,"stated by Polaron, not image-verified"
emb_BSE,energy,Batch_2,Batch_1,Batch_2_vs_Batch_1,-0.0016289008962644957,0.4862568715642179,0.7736131934032984,,,not_applicable,7,7,True,True,45629944e398,12d77a4,e718e5866dea,"stated by Polaron, not image-verified"
emb_BSE,energy,Batch_2,Batch_2,Batch_2_vs_Batch_2,0.0,1.0,1.0,,,diagonal,7,7,True,True,45629944e398,12d77a4,e718e5866dea,"stated by Polaron, not image-verified"
emb_BSE,energy,Batch_2,Batch_3,Batch_2_vs_Batch_3,-0.011376538360844957,0.9625187406296851,0.9625187406296851,0.025937129130156056,0.040651647417897833,within,7,17,True,True,45629944e398,12d77a4,e718e5866dea,"stated by Polaron, not image-verified"
emb_BSE,energy,Batch_3,Batch_1,Batch_3_vs_Batch_1,8.699716167620553e-05,0.38780609695152424,0.7736131934032984,0.025937129130156056,0.040651647417897833,within,17,7,True,True,45629944e398,12d77a4,e718e5866dea,"stated by Polaron, not image-verified"
emb_BSE,energy,Batch_3,Batch_2,Batch_3_vs_Batch_2,-0.011376538360844957,0.9625187406296851,0.9625187406296851,0.025937129130156056,0.040651647417897833,within,17,7,True,True,45629944e398,12d77a4,e718e5866dea,"stated by Polaron, not image-verified"
emb_BSE,energy,Batch_3,Batch_3,Batch_3_vs_Batch_3,0.0,1.0,1.0,,,diagonal,17,17,True,True,45629944e398,12d77a4,e718e5866dea,"stated by Polaron, not image-verified"
emb_BSE,mmd2,Batch_1,Batch_1,Batch_1_vs_Batch_1,0.0,1.0,1.0,,,diagonal,7,7,False,True,45629944e398,12d77a4,e718e5866dea,"stated by Polaron, not image-verified"
emb_BSE,mmd2,Batch_1,Batch_2,Batch_1_vs_Batch_2,0.015558638255264157,0.32533733133433285,0.3660044977511244,,,not_applicable,7,7,False,True,45629944e398,12d77a4,e718e5866dea,"stated by Polaron, not image-verified"
emb_BSE,mmd2,Batch_1,Batch_3,Batch_1_vs_Batch_3,0.2361809503654001,0.0004997501249375312,0.004497751124437781,0.0677038399508018,0.11659010549551686,outside,7,17,False,True,45629944e398,12d77a4,e718e5866dea,"stated by Polaron, not image-verified"
emb_BSE,mmd2,Batch_2,Batch_1,Batch_2_vs_Batch_1,0.015558638255264157,0.32533733133433285,0.3660044977511244,,,not_applicable,7,7,False,True,45629944e398,12d77a4,e718e5866dea,"stated by Polaron, not image-verified"
emb_BSE,mmd2,Batch_2,Batch_2,Batch_2_vs_Batch_2,0.0,1.0,1.0,,,diagonal,7,7,False,True,45629944e398,12d77a4,e718e5866dea,"stated by Polaron, not image-verified"
emb_BSE,mmd2,Batch_2,Batch_3,Batch_2_vs_Batch_3,0.12245362658734615,0.004997501249375313,0.012368815592203899,0.0677038399508018,0.11659010549551686,outside,7,17,False,True,45629944e398,12d77a4,e718e5866dea,"stated by Polaron, not image-verified"
emb_BSE,mmd2,Batch_3,Batch_1,Batch_3_vs_Batch_1,0.2361809503654001,0.0004997501249375312,0.004497751124437781,0.0677038399508018,0.11659010549551686,outside,17,7,False,True,45629944e398,12d77a4,e718e5866dea,"stated by Polaron, not image-verified"
emb_BSE,mmd2,Batch_3,Batch_2,Batch_3_vs_Batch_2,0.12245362658734615,0.004997501249375313,0.012368815592203899,0.0677038399508018,0.11659010549551686,outside,17,7,False,True,45629944e398,12d77a4,e718e5866dea,"stated by Polaron, not image-verified"
emb_BSE,mmd2,Batch_3,Batch_3,Batch_3_vs_Batch_3,0.0,1.0,1.0,,,diagonal,17,17,False,True,45629944e398,12d77a4,e718e5866dea,"stated by Polaron, not image-verified"
emb_BSE,mmd2,Batch_1,Batch_1,Batch_1_vs_Batch_1,0.0,1.0,1.0,,,diagonal,7,7,True,True,45629944e398,12d77a4,e718e5866dea,"stated by Polaron, not image-verified"
emb_BSE,mmd2,Batch_1,Batch_2,Batch_1_vs_Batch_2,-0.003624624062835702,0.4662668665667166,0.7736131934032984,,,not_applicable,7,7,True,True,45629944e398,12d77a4,e718e5866dea,"stated by Polaron, not image-verified"
emb_BSE,mmd2,Batch_1,Batch_3,Batch_1_vs_Batch_3,0.0014815970950801116,0.3728135932033983,0.7736131934032984,0.09704366861828823,0.15450814050123055,within,7,17,True,True,45629944e398,12d77a4,e718e5866dea,"stated by Polaron, not image-verified"
emb_BSE,mmd2,Batch_2,Batch_1,Batch_2_vs_Batch_1,-0.003624624062835702,0.4662668665667166,0.7736131934032984,,,not_applicable,7,7,True,True,45629944e398,12d77a4,e718e5866dea,"stated by Polaron, not image-verified"
emb_BSE,mmd2,Batch_2,Batch_2,Batch_2_vs_Batch_2,0.0,1.0,1.0,,,diagonal,7,7,True,True,45629944e398,12d77a4,e718e5866dea,"stated by Polaron, not image-verified"
emb_BSE,mmd2,Batch_2,Batch_3,Batch_2_vs_Batch_3,-0.042906074797392835,0.9610194902548725,0.9625187406296851,0.09704366861828823,0.15450814050123055,within,7,17,True,True,45629944e398,12d77a4,e718e5866dea,"stated by Polaron, not image-verified"
emb_BSE,mmd2,Batch_3,Batch_1,Batch_3_vs_Batch_1,0.0014815970950801116,0.3728135932033983,0.7736131934032984,0.09704366861828823,0.15450814050123055,within,17,7,True,True,45629944e398,12d77a4,e718e5866dea,"stated by Polaron, not image-verified"
emb_BSE,mmd2,Batch_3,Batch_2,Batch_3_vs_Batch_2,-0.042906074797392835,0.9610194902548725,0.9625187406296851,0.09704366861828823,0.15450814050123055,within,17,7,True,True,45629944e398,12d77a4,e718e5866dea,"stated by Polaron, not image-verified"
emb_BSE,mmd2,Batch_3,Batch_3,Batch_3_vs_Batch_3,0.0,1.0,1.0,,,diagonal,17,17,True,True,45629944e398,12d77a4,e718e5866dea,"stated by Polaron, not image-verified"
emb_Inlens,rms_z,Batch_1,Batch_1,Batch_1_vs_Batch_1,0.0,1.0,1.0,,,diagonal,7,7,False,False,45629944e398,12d77a4,e718e5866dea,"stated by Polaron, not image-verified"
emb_Inlens,rms_z,Batch_1,Batch_2,Batch_1_vs_Batch_2,,,,,,not_applicable,7,7,False,False,45629944e398,12d77a4,e718e5866dea,"stated by Polaron, not image-verified"
emb_Inlens,rms_z,Batch_1,Batch_3,Batch_1_vs_Batch_3,,,,,,not_applicable,7,17,False,False,45629944e398,12d77a4,e718e5866dea,"stated by Polaron, not image-verified"
emb_Inlens,rms_z,Batch_2,Batch_1,Batch_2_vs_Batch_1,,,,,,not_applicable,7,7,False,False,45629944e398,12d77a4,e718e5866dea,"stated by Polaron, not image-verified"
emb_Inlens,rms_z,Batch_2,Batch_2,Batch_2_vs_Batch_2,0.0,1.0,1.0,,,diagonal,7,7,False,False,45629944e398,12d77a4,e718e5866dea,"stated by Polaron, not image-verified"
emb_Inlens,rms_z,Batch_2,Batch_3,Batch_2_vs_Batch_3,,,,,,not_applicable,7,17,False,False,45629944e398,12d77a4,e718e5866dea,"stated by Polaron, not image-verified"
emb_Inlens,rms_z,Batch_3,Batch_1,Batch_3_vs_Batch_1,,,,,,not_applicable,17,7,False,False,45629944e398,12d77a4,e718e5866dea,"stated by Polaron, not image-verified"
emb_Inlens,rms_z,Batch_3,Batch_2,Batch_3_vs_Batch_2,,,,,,not_applicable,17,7,False,False,45629944e398,12d77a4,e718e5866dea,"stated by Polaron, not image-verified"
emb_Inlens,rms_z,Batch_3,Batch_3,Batch_3_vs_Batch_3,0.0,1.0,1.0,,,diagonal,17,17,False,False,45629944e398,12d77a4,e718e5866dea,"stated by Polaron, not image-verified"
emb_Inlens,rms_z,Batch_1,Batch_1,Batch_1_vs_Batch_1,0.0,1.0,1.0,,,diagonal,7,7,True,False,45629944e398,12d77a4,e718e5866dea,"stated by Polaron, not image-verified"
emb_Inlens,rms_z,Batch_1,Batch_2,Batch_1_vs_Batch_2,,,,,,not_applicable,7,7,True,False,45629944e398,12d77a4,e718e5866dea,"stated by Polaron, not image-verified"
emb_Inlens,rms_z,Batch_1,Batch_3,Batch_1_vs_Batch_3,,,,,,not_applicable,7,17,True,False,45629944e398,12d77a4,e718e5866dea,"stated by Polaron, not image-verified"
emb_Inlens,rms_z,Batch_2,Batch_1,Batch_2_vs_Batch_1,,,,,,not_applicable,7,7,True,False,45629944e398,12d77a4,e718e5866dea,"stated by Polaron, not image-verified"
emb_Inlens,rms_z,Batch_2,Batch_2,Batch_2_vs_Batch_2,0.0,1.0,1.0,,,diagonal,7,7,True,False,45629944e398,12d77a4,e718e5866dea,"stated by Polaron, not image-verified"
emb_Inlens,rms_z,Batch_2,Batch_3,Batch_2_vs_Batch_3,,,,,,not_applicable,7,17,True,False,45629944e398,12d77a4,e718e5866dea,"stated by Polaron, not image-verified"
emb_Inlens,rms_z,Batch_3,Batch_1,Batch_3_vs_Batch_1,,,,,,not_applicable,17,7,True,False,45629944e398,12d77a4,e718e5866dea,"stated by Polaron, not image-verified"
emb_Inlens,rms_z,Batch_3,Batch_2,Batch_3_vs_Batch_2,,,,,,not_applicable,17,7,True,False,45629944e398,12d77a4,e718e5866dea,"stated by Polaron, not image-verified"
emb_Inlens,rms_z,Batch_3,Batch_3,Batch_3_vs_Batch_3,0.0,1.0,1.0,,,diagonal,17,17,True,False,45629944e398,12d77a4,e718e5866dea,"stated by Polaron, not image-verified"
emb_Inlens,energy,Batch_1,Batch_1,Batch_1_vs_Batch_1,0.0,1.0,1.0,,,diagonal,7,7,False,True,45629944e398,12d77a4,e718e5866dea,"stated by Polaron, not image-verified"
emb_Inlens,energy,Batch_1,Batch_2,Batch_1_vs_Batch_2,0.019532537960296525,0.2028985507246377,0.2730777468408653,,,not_applicable,7,7,False,True,45629944e398,12d77a4,e718e5866dea,"stated by Polaron, not image-verified"
emb_Inlens,energy,Batch_1,Batch_3,Batch_1_vs_Batch_3,0.07340940920784583,0.017991004497751123,0.026986506746626684,0.0556423001297141,0.1039117215780564,between,7,17,False,True,45629944e398,12d77a4,e718e5866dea,"stated by Polaron, not image-verified"
emb_Inlens,energy,Batch_2,Batch_1,Batch_2_vs_Batch_1,0.019532537960296525,0.2028985507246377,0.2730777468408653,,,not_applicable,7,7,False,True,45629944e398,12d77a4,e718e5866dea,"stated by Polaron, not image-verified"
emb_Inlens,energy,Batch_2,Batch_2,Batch_2_vs_Batch_2,0.0,1.0,1.0,,,diagonal,7,7,False,True,45629944e398,12d77a4,e718e5866dea,"stated by Polaron, not image-verified"
emb_Inlens,energy,Batch_2,Batch_3,Batch_2_vs_Batch_3,0.0823261571495511,0.01199400299850075,0.02158920539730135,0.0556423001297141,0.1039117215780564,between,7,17,False,True,45629944e398,12d77a4,e718e5866dea,"stated by Polaron, not image-verified"
emb_Inlens,energy,Batch_3,Batch_1,Batch_3_vs_Batch_1,0.07340940920784583,0.017991004497751123,0.026986506746626684,0.0556423001297141,0.1039117215780564,between,17,7,False,True,45629944e398,12d77a4,e718e5866dea,"stated by Polaron, not image-verified"
emb_Inlens,energy,Batch_3,Batch_2,Batch_3_vs_Batch_2,0.0823261571495511,0.01199400299850075,0.02158920539730135,0.0556423001297141,0.1039117215780564,between,17,7,False,True,45629944e398,12d77a4,e718e5866dea,"stated by Polaron, not image-verified"
emb_Inlens,energy,Batch_3,Batch_3,Batch_3_vs_Batch_3,0.0,1.0,1.0,,,diagonal,17,17,False,True,45629944e398,12d77a4,e718e5866dea,"stated by Polaron, not image-verified"
emb_Inlens,energy,Batch_1,Batch_1,Batch_1_vs_Batch_1,0.0,1.0,1.0,,,diagonal,7,7,True,True,45629944e398,12d77a4,e718e5866dea,"stated by Polaron, not image-verified"
emb_Inlens,energy,Batch_1,Batch_2,Batch_1_vs_Batch_2,0.0074477820311632525,0.2703648175912044,0.7736131934032984,,,not_applicable,7,7,True,True,45629944e398,12d77a4,e718e5866dea,"stated by Polaron, not image-verified"
emb_Inlens,energy,Batch_1,Batch_3,Batch_1_vs_Batch_3,-0.0036555492982008886,0.4827586206896552,0.7736131934032984,0.03507968889137767,0.07911745385880259,within,7,17,True,True,45629944e398,12d77a4,e718e5866dea,"stated by Polaron, not image-verified"
emb_Inlens,energy,Batch_2,Batch_1,Batch_2_vs_Batch_1,0.0074477820311632525,0.2703648175912044,0.7736131934032984,,,not_applicable,7,7,True,True,45629944e398,12d77a4,e718e5866dea,"stated by Polaron, not image-verified"
emb_Inlens,energy,Batch_2,Batch_2,Batch_2_vs_Batch_2,0.0,1.0,1.0,,,diagonal,7,7,True,True,45629944e398,12d77a4,e718e5866dea,"stated by Polaron, not image-verified"
emb_Inlens,energy,Batch_2,Batch_3,Batch_2_vs_Batch_3,-0.010558280661920827,0.8020989505247377,0.9310344827586207,0.03507968889137767,0.07911745385880259,within,7,17,True,True,45629944e398,12d77a4,e718e5866dea,"stated by Polaron, not image-verified"
emb_Inlens,energy,Batch_3,Batch_1,Batch_3_vs_Batch_1,-0.0036555492982008886,0.4827586206896552,0.7736131934032984,0.03507968889137767,0.07911745385880259,within,17,7,True,True,45629944e398,12d77a4,e718e5866dea,"stated by Polaron, not image-verified"
emb_Inlens,energy,Batch_3,Batch_2,Batch_3_vs_Batch_2,-0.010558280661920827,0.8020989505247377,0.9310344827586207,0.03507968889137767,0.07911745385880259,within,17,7,True,True,45629944e398,12d77a4,e718e5866dea,"stated by Polaron, not image-verified"
emb_Inlens,energy,Batch_3,Batch_3,Batch_3_vs_Batch_3,0.0,1.0,1.0,,,diagonal,17,17,True,True,45629944e398,12d77a4,e718e5866dea,"stated by Polaron, not image-verified"
emb_Inlens,mmd2,Batch_1,Batch_1,Batch_1_vs_Batch_1,0.0,1.0,1.0,,,diagonal,7,7,False,True,45629944e398,12d77a4,e718e5866dea,"stated by Polaron, not image-verified"
emb_Inlens,mmd2,Batch_1,Batch_2,Batch_1_vs_Batch_2,0.04136110249996938,0.21239380309845077,0.2730777468408653,,,not_applicable,7,7,False,True,45629944e398,12d77a4,e718e5866dea,"stated by Polaron, not image-verified"
emb_Inlens,mmd2,Batch_1,Batch_3,Batch_1_vs_Batch_3,0.13526361308393886,0.017991004497751123,0.026986506746626684,0.11314400550207325,0.20662848040315077,between,7,17,False,True,45629944e398,12d77a4,e718e5866dea,"stated by Polaron, not image-verified"
emb_Inlens,mmd2,Batch_2,Batch_1,Batch_2_vs_Batch_1,0.04136110249996938,0.21239380309845077,0.2730777468408653,,,not_applicable,7,7,False,True,45629944e398,12d77a4,e718e5866dea,"stated by Polaron, not image-verified"
emb_Inlens,mmd2,Batch_2,Batch_2,Batch_2_vs_Batch_2,0.0,1.0,1.0,,,diagonal,7,7,False,True,45629944e398,12d77a4,e718e5866dea,"stated by Polaron, not image-verified"
emb_Inlens,mmd2,Batch_2,Batch_3,Batch_2_vs_Batch_3,0.16879963190000868,0.011494252873563218,0.02158920539730135,0.11314400550207325,0.20662848040315077,between,7,17,False,True,45629944e398,12d77a4,e718e5866dea,"stated by Polaron, not image-verified"
emb_Inlens,mmd2,Batch_3,Batch_1,Batch_3_vs_Batch_1,0.13526361308393886,0.017991004497751123,0.026986506746626684,0.11314400550207325,0.20662848040315077,between,17,7,False,True,45629944e398,12d77a4,e718e5866dea,"stated by Polaron, not image-verified"
emb_Inlens,mmd2,Batch_3,Batch_2,Batch_3_vs_Batch_2,0.16879963190000868,0.011494252873563218,0.02158920539730135,0.11314400550207325,0.20662848040315077,between,17,7,False,True,45629944e398,12d77a4,e718e5866dea,"stated by Polaron, not image-verified"
emb_Inlens,mmd2,Batch_3,Batch_3,Batch_3_vs_Batch_3,0.0,1.0,1.0,,,diagonal,17,17,False,True,45629944e398,12d77a4,e718e5866dea,"stated by Polaron, not image-verified"
emb_Inlens,mmd2,Batch_1,Batch_1,Batch_1_vs_Batch_1,0.0,1.0,1.0,,,diagonal,7,7,True,True,45629944e398,12d77a4,e718e5866dea,"stated by Polaron, not image-verified"
emb_Inlens,mmd2,Batch_1,Batch_2,Batch_1_vs_Batch_2,0.02620210581591298,0.24537731134432783,0.7736131934032984,,,not_applicable,7,7,True,True,45629944e398,12d77a4,e718e5866dea,"stated by Polaron, not image-verified"
emb_Inlens,mmd2,Batch_1,Batch_3,Batch_1_vs_Batch_3,-0.010210120798679334,0.47276361819090457,0.7736131934032984,0.10238230454244912,0.23245206785569897,within,7,17,True,True,45629944e398,12d77a4,e718e5866dea,"stated by Polaron, not image-verified"
emb_Inlens,mmd2,Batch_2,Batch_1,Batch_2_vs_Batch_1,0.02620210581591298,0.24537731134432783,0.7736131934032984,,,not_applicable,7,7,True,True,45629944e398,12d77a4,e718e5866dea,"stated by Polaron, not image-verified"
emb_Inlens,mmd2,Batch_2,Batch_2,Batch_2_vs_Batch_2,0.0,1.0,1.0,,,diagonal,7,7,True,True,45629944e398,12d77a4,e718e5866dea,"stated by Polaron, not image-verified"
emb_Inlens,mmd2,Batch_2,Batch_3,Batch_2_vs_Batch_3,-0.030004172072379154,0.782608695652174,0.9310344827586207,0.10238230454244912,0.23245206785569897,within,7,17,True,True,45629944e398,12d77a4,e718e5866dea,"stated by Polaron, not image-verified"
emb_Inlens,mmd2,Batch_3,Batch_1,Batch_3_vs_Batch_1,-0.010210120798679334,0.47276361819090457,0.7736131934032984,0.10238230454244912,0.23245206785569897,within,17,7,True,True,45629944e398,12d77a4,e718e5866dea,"stated by Polaron, not image-verified"
emb_Inlens,mmd2,Batch_3,Batch_2,Batch_3_vs_Batch_2,-0.030004172072379154,0.782608695652174,0.9310344827586207,0.10238230454244912,0.23245206785569897,within,17,7,True,True,45629944e398,12d77a4,e718e5866dea,"stated by Polaron, not image-verified"
emb_Inlens,mmd2,Batch_3,Batch_3,Batch_3_vs_Batch_3,0.0,1.0,1.0,,,diagonal,17,17,True,True,45629944e398,12d77a4,e718e5866dea,"stated by Polaron, not image-verified"
emb_ETD,rms_z,Batch_1,Batch_1,Batch_1_vs_Batch_1,0.0,1.0,1.0,,,diagonal,7,7,False,False,45629944e398,12d77a4,e718e5866dea,"stated by Polaron, not image-verified"
emb_ETD,rms_z,Batch_1,Batch_2,Batch_1_vs_Batch_2,,,,,,not_applicable,7,6,False,False,45629944e398,12d77a4,e718e5866dea,"stated by Polaron, not image-verified"
emb_ETD,rms_z,Batch_1,Batch_3,Batch_1_vs_Batch_3,,,,,,not_applicable,7,14,False,False,45629944e398,12d77a4,e718e5866dea,"stated by Polaron, not image-verified"
emb_ETD,rms_z,Batch_2,Batch_1,Batch_2_vs_Batch_1,,,,,,not_applicable,6,7,False,False,45629944e398,12d77a4,e718e5866dea,"stated by Polaron, not image-verified"
emb_ETD,rms_z,Batch_2,Batch_2,Batch_2_vs_Batch_2,0.0,1.0,1.0,,,diagonal,6,6,False,False,45629944e398,12d77a4,e718e5866dea,"stated by Polaron, not image-verified"
emb_ETD,rms_z,Batch_2,Batch_3,Batch_2_vs_Batch_3,,,,,,not_applicable,6,14,False,False,45629944e398,12d77a4,e718e5866dea,"stated by Polaron, not image-verified"
emb_ETD,rms_z,Batch_3,Batch_1,Batch_3_vs_Batch_1,,,,,,not_applicable,14,7,False,False,45629944e398,12d77a4,e718e5866dea,"stated by Polaron, not image-verified"
emb_ETD,rms_z,Batch_3,Batch_2,Batch_3_vs_Batch_2,,,,,,not_applicable,14,6,False,False,45629944e398,12d77a4,e718e5866dea,"stated by Polaron, not image-verified"
emb_ETD,rms_z,Batch_3,Batch_3,Batch_3_vs_Batch_3,0.0,1.0,1.0,,,diagonal,14,14,False,False,45629944e398,12d77a4,e718e5866dea,"stated by Polaron, not image-verified"
emb_ETD,rms_z,Batch_1,Batch_1,Batch_1_vs_Batch_1,0.0,1.0,1.0,,,diagonal,7,7,True,False,45629944e398,12d77a4,e718e5866dea,"stated by Polaron, not image-verified"
emb_ETD,rms_z,Batch_1,Batch_2,Batch_1_vs_Batch_2,,,,,,not_applicable,7,6,True,False,45629944e398,12d77a4,e718e5866dea,"stated by Polaron, not image-verified"
emb_ETD,rms_z,Batch_1,Batch_3,Batch_1_vs_Batch_3,,,,,,not_applicable,7,14,True,False,45629944e398,12d77a4,e718e5866dea,"stated by Polaron, not image-verified"
emb_ETD,rms_z,Batch_2,Batch_1,Batch_2_vs_Batch_1,,,,,,not_applicable,6,7,True,False,45629944e398,12d77a4,e718e5866dea,"stated by Polaron, not image-verified"
emb_ETD,rms_z,Batch_2,Batch_2,Batch_2_vs_Batch_2,0.0,1.0,1.0,,,diagonal,6,6,True,False,45629944e398,12d77a4,e718e5866dea,"stated by Polaron, not image-verified"
emb_ETD,rms_z,Batch_2,Batch_3,Batch_2_vs_Batch_3,,,,,,not_applicable,6,14,True,False,45629944e398,12d77a4,e718e5866dea,"stated by Polaron, not image-verified"
emb_ETD,rms_z,Batch_3,Batch_1,Batch_3_vs_Batch_1,,,,,,not_applicable,14,7,True,False,45629944e398,12d77a4,e718e5866dea,"stated by Polaron, not image-verified"
emb_ETD,rms_z,Batch_3,Batch_2,Batch_3_vs_Batch_2,,,,,,not_applicable,14,6,True,False,45629944e398,12d77a4,e718e5866dea,"stated by Polaron, not image-verified"
emb_ETD,rms_z,Batch_3,Batch_3,Batch_3_vs_Batch_3,0.0,1.0,1.0,,,diagonal,14,14,True,False,45629944e398,12d77a4,e718e5866dea,"stated by Polaron, not image-verified"
emb_ETD,energy,Batch_1,Batch_1,Batch_1_vs_Batch_1,0.0,1.0,1.0,,,diagonal,7,7,False,True,45629944e398,12d77a4,e718e5866dea,"stated by Polaron, not image-verified"
emb_ETD,energy,Batch_1,Batch_2,Batch_1_vs_Batch_2,0.0006008693756531791,0.3918040979510245,0.41485139783049657,,,not_applicable,7,6,False,True,45629944e398,12d77a4,e718e5866dea,"stated by Polaron, not image-verified"
emb_ETD,energy,Batch_1,Batch_3,Batch_1_vs_Batch_3,0.06746311287074583,0.00399800099950025,0.01199400299850075,0.02067154435825294,0.03903081650532553,outside,7,14,False,True,45629944e398,12d77a4,e718e5866dea,"stated by Polaron, not image-verified"
emb_ETD,energy,Batch_2,Batch_1,Batch_2_vs_Batch_1,0.0006008693756531791,0.3918040979510245,0.41485139783049657,,,not_applicable,6,7,False,True,45629944e398,12d77a4,e718e5866dea,"stated by Polaron, not image-verified"
emb_ETD,energy,Batch_2,Batch_2,Batch_2_vs_Batch_2,0.0,1.0,1.0,,,diagonal,6,6,False,True,45629944e398,12d77a4,e718e5866dea,"stated by Polaron, not image-verified"
emb_ETD,energy,Batch_2,Batch_3,Batch_2_vs_Batch_3,0.10054932822278909,0.001999000499750125,0.007196401799100449,0.02067154435825294,0.03903081650532553,outside,6,14,False,True,45629944e398,12d77a4,e718e5866dea,"stated by Polaron, not image-verified"
emb_ETD,energy,Batch_3,Batch_1,Batch_3_vs_Batch_1,0.06746311287074583,0.00399800099950025,0.01199400299850075,0.02067154435825294,0.03903081650532553,outside,14,7,False,True,45629944e398,12d77a4,e718e5866dea,"stated by Polaron, not image-verified"
emb_ETD,energy,Batch_3,Batch_2,Batch_3_vs_Batch_2,0.10054932822278909,0.001999000499750125,0.007196401799100449,0.02067154435825294,0.03903081650532553,outside,14,6,False,True,45629944e398,12d77a4,e718e5866dea,"stated by Polaron, not image-verified"
emb_ETD,energy,Batch_3,Batch_3,Batch_3_vs_Batch_3,0.0,1.0,1.0,,,diagonal,14,14,False,True,45629944e398,12d77a4,e718e5866dea,"stated by Polaron, not image-verified"
emb_ETD,energy,Batch_1,Batch_1,Batch_1_vs_Batch_1,0.0,1.0,1.0,,,diagonal,7,7,True,True,45629944e398,12d77a4,e718e5866dea,"stated by Polaron, not image-verified"
emb_ETD,energy,Batch_1,Batch_2,Batch_1_vs_Batch_2,0.006952310187981869,0.2863568215892054,0.7736131934032984,,,not_applicable,7,6,True,True,45629944e398,12d77a4,e718e5866dea,"stated by Polaron, not image-verified"
emb_ETD,energy,Batch_1,Batch_3,Batch_1_vs_Batch_3,-0.002606028054182502,0.526736631684158,0.7736131934032984,0.022459934772160645,0.03627036942111039,within,7,14,True,True,45629944e398,12d77a4,e718e5866dea,"stated by Polaron, not image-verified"
emb_ETD,energy,Batch_2,Batch_1,Batch_2_vs_Batch_1,0.006952310187981869,0.2863568215892054,0.7736131934032984,,,not_applicable,6,7,True,True,45629944e398,12d77a4,e718e5866dea,"stated by Polaron, not image-verified"
emb_ETD,energy,Batch_2,Batch_2,Batch_2_vs_Batch_2,0.0,1.0,1.0,,,diagonal,6,6,True,True,45629944e398,12d77a4,e718e5866dea,"stated by Polaron, not image-verified"
emb_ETD,energy,Batch_2,Batch_3,Batch_2_vs_Batch_3,-0.012301692708346301,0.8275862068965517,0.9310344827586207,0.022459934772160645,0.03627036942111039,within,6,14,True,True,45629944e398,12d77a4,e718e5866dea,"stated by Polaron, not image-verified"
emb_ETD,energy,Batch_3,Batch_1,Batch_3_vs_Batch_1,-0.002606028054182502,0.526736631684158,0.7736131934032984,0.022459934772160645,0.03627036942111039,within,14,7,True,True,45629944e398,12d77a4,e718e5866dea,"stated by Polaron, not image-verified"
emb_ETD,energy,Batch_3,Batch_2,Batch_3_vs_Batch_2,-0.012301692708346301,0.8275862068965517,0.9310344827586207,0.022459934772160645,0.03627036942111039,within,14,6,True,True,45629944e398,12d77a4,e718e5866dea,"stated by Polaron, not image-verified"
emb_ETD,energy,Batch_3,Batch_3,Batch_3_vs_Batch_3,0.0,1.0,1.0,,,diagonal,14,14,True,True,45629944e398,12d77a4,e718e5866dea,"stated by Polaron, not image-verified"
emb_ETD,mmd2,Batch_1,Batch_1,Batch_1_vs_Batch_1,0.0,1.0,1.0,,,diagonal,7,7,False,True,45629944e398,12d77a4,e718e5866dea,"stated by Polaron, not image-verified"
emb_ETD,mmd2,Batch_1,Batch_2,Batch_1_vs_Batch_2,-0.0041791894594167545,0.4332833583208396,0.4332833583208396,,,not_applicable,7,6,False,True,45629944e398,12d77a4,e718e5866dea,"stated by Polaron, not image-verified"
emb_ETD,mmd2,Batch_1,Batch_3,Batch_1_vs_Batch_3,0.1813464201991114,0.001999000499750125,0.007196401799100449,0.0624062447208882,0.12287163622520098,outside,7,14,False,True,45629944e398,12d77a4,e718e5866dea,"stated by Polaron, not image-verified"
emb_ETD,mmd2,Batch_2,Batch_1,Batch_2_vs_Batch_1,-0.0041791894594167545,0.4332833583208396,0.4332833583208396,,,not_applicable,6,7,False,True,45629944e398,12d77a4,e718e5866dea,"stated by Polaron, not image-verified"
emb_ETD,mmd2,Batch_2,Batch_2,Batch_2_vs_Batch_2,0.0,1.0,1.0,,,diagonal,6,6,False,True,45629944e398,12d77a4,e718e5866dea,"stated by Polaron, not image-verified"
emb_ETD,mmd2,Batch_2,Batch_3,Batch_2_vs_Batch_3,0.24629989070859026,0.001999000499750125,0.007196401799100449,0.0624062447208882,0.12287163622520098,outside,6,14,False,True,45629944e398,12d77a4,e718e5866dea,"stated by Polaron, not image-verified"
emb_ETD,mmd2,Batch_3,Batch_1,Batch_3_vs_Batch_1,0.1813464201991114,0.001999000499750125,0.007196401799100449,0.0624062447208882,0.12287163622520098,outside,14,7,False,True,45629944e398,12d77a4,e718e5866dea,"stated by Polaron, not image-verified"
emb_ETD,mmd2,Batch_3,Batch_2,Batch_3_vs_Batch_2,0.24629989070859026,0.001999000499750125,0.007196401799100449,0.0624062447208882,0.12287163622520098,outside,14,6,False,True,45629944e398,12d77a4,e718e5866dea,"stated by Polaron, not image-verified"
emb_ETD,mmd2,Batch_3,Batch_3,Batch_3_vs_Batch_3,0.0,1.0,1.0,,,diagonal,14,14,False,True,45629944e398,12d77a4,e718e5866dea,"stated by Polaron, not image-verified"
emb_ETD,mmd2,Batch_1,Batch_1,Batch_1_vs_Batch_1,0.0,1.0,1.0,,,diagonal,7,7,True,True,45629944e398,12d77a4,e718e5866dea,"stated by Polaron, not image-verified"
emb_ETD,mmd2,Batch_1,Batch_2,Batch_1_vs_Batch_2,0.03613831489813468,0.22588705647176413,0.7736131934032984,,,not_applicable,7,6,True,True,45629944e398,12d77a4,e718e5866dea,"stated by Polaron, not image-verified"
emb_ETD,mmd2,Batch_1,Batch_3,Batch_1_vs_Batch_3,-0.01043950323160403,0.5407296351824088,0.7736131934032984,0.080812029828615,0.12981177708395086,within,7,14,True,True,45629944e398,12d77a4,e718e5866dea,"stated by Polaron, not image-verified"
emb_ETD,mmd2,Batch_2,Batch_1,Batch_2_vs_Batch_1,0.03613831489813468,0.22588705647176413,0.7736131934032984,,,not_applicable,6,7,True,True,45629944e398,12d77a4,e718e5866dea,"stated by Polaron, not image-verified"
emb_ETD,mmd2,Batch_2,Batch_2,Batch_2_vs_Batch_2,0.0,1.0,1.0,,,diagonal,6,6,True,True,45629944e398,12d77a4,e718e5866dea,"stated by Polaron, not image-verified"
emb_ETD,mmd2,Batch_2,Batch_3,Batch_2_vs_Batch_3,-0.017993373379154853,0.55872063968016,0.7736131934032984,0.080812029828615,0.12981177708395086,within,6,14,True,True,45629944e398,12d77a4,e718e5866dea,"stated by Polaron, not image-verified"
emb_ETD,mmd2,Batch_3,Batch_1,Batch_3_vs_Batch_1,-0.01043950323160403,0.5407296351824088,0.7736131934032984,0.080812029828615,0.12981177708395086,within,14,7,True,True,45629944e398,12d77a4,e718e5866dea,"stated by Polaron, not image-verified"
emb_ETD,mmd2,Batch_3,Batch_2,Batch_3_vs_Batch_2,-0.017993373379154853,0.55872063968016,0.7736131934032984,0.080812029828615,0.12981177708395086,within,14,6,True,True,45629944e398,12d77a4,e718e5866dea,"stated by Polaron, not image-verified"
emb_ETD,mmd2,Batch_3,Batch_3,Batch_3_vs_Batch_3,0.0,1.0,1.0,,,diagonal,14,14,True,True,45629944e398,12d77a4,e718e5866dea,"stated by Polaron, not image-verified"
covariates,rms_z,Batch_1,Batch_1,Batch_1_vs_Batch_1,0.0,1.0,1.0,,,diagonal,7,7,False,True,45629944e398,12d77a4,e718e5866dea,"stated by Polaron, not image-verified"
covariates,rms_z,Batch_1,Batch_2,Batch_1_vs_Batch_2,0.9563160355996175,0.3598200899550225,0.3598200899550225,,,not_applicable,7,7,False,True,45629944e398,12d77a4,e718e5866dea,"stated by Polaron, not image-verified"
covariates,rms_z,Batch_1,Batch_3,Batch_1_vs_Batch_3,1.0221339342828712,0.07946026986506746,0.1191904047976012,1.103674719641608,1.536275612244133,within,7,17,False,True,45629944e398,12d77a4,e718e5866dea,"stated by Polaron, not image-verified"
covariates,rms_z,Batch_2,Batch_1,Batch_2_vs_Batch_1,0.9563160355996175,0.3598200899550225,0.3598200899550225,,,not_applicable,7,7,False,True,45629944e398,12d77a4,e718e5866dea,"stated by Polaron, not image-verified"
covariates,rms_z,Batch_2,Batch_2,Batch_2_vs_Batch_2,0.0,1.0,1.0,,,diagonal,7,7,False,True,45629944e398,12d77a4,e718e5866dea,"stated by Polaron, not image-verified"
covariates,rms_z,Batch_2,Batch_3,Batch_2_vs_Batch_3,0.9809199071783383,0.03648175912043978,0.10944527736131934,1.103674719641608,1.536275612244133,within,7,17,False,True,45629944e398,12d77a4,e718e5866dea,"stated by Polaron, not image-verified"
covariates,rms_z,Batch_3,Batch_1,Batch_3_vs_Batch_1,1.0221339342828712,0.07946026986506746,0.1191904047976012,1.103674719641608,1.536275612244133,within,17,7,False,True,45629944e398,12d77a4,e718e5866dea,"stated by Polaron, not image-verified"
covariates,rms_z,Batch_3,Batch_2,Batch_3_vs_Batch_2,0.9809199071783383,0.03648175912043978,0.10944527736131934,1.103674719641608,1.536275612244133,within,17,7,False,True,45629944e398,12d77a4,e718e5866dea,"stated by Polaron, not image-verified"
covariates,rms_z,Batch_3,Batch_3,Batch_3_vs_Batch_3,0.0,1.0,1.0,,,diagonal,17,17,False,True,45629944e398,12d77a4,e718e5866dea,"stated by Polaron, not image-verified"
covariates,rms_z,Batch_1,Batch_1,Batch_1_vs_Batch_1,0.0,1.0,1.0,,,diagonal,7,7,True,False,45629944e398,12d77a4,e718e5866dea,"stated by Polaron, not image-verified"
covariates,rms_z,Batch_1,Batch_2,Batch_1_vs_Batch_2,,,,,,not_applicable,7,7,True,False,45629944e398,12d77a4,e718e5866dea,"stated by Polaron, not image-verified"
covariates,rms_z,Batch_1,Batch_3,Batch_1_vs_Batch_3,,,,,,not_applicable,7,17,True,False,45629944e398,12d77a4,e718e5866dea,"stated by Polaron, not image-verified"
covariates,rms_z,Batch_2,Batch_1,Batch_2_vs_Batch_1,,,,,,not_applicable,7,7,True,False,45629944e398,12d77a4,e718e5866dea,"stated by Polaron, not image-verified"
covariates,rms_z,Batch_2,Batch_2,Batch_2_vs_Batch_2,0.0,1.0,1.0,,,diagonal,7,7,True,False,45629944e398,12d77a4,e718e5866dea,"stated by Polaron, not image-verified"
covariates,rms_z,Batch_2,Batch_3,Batch_2_vs_Batch_3,,,,,,not_applicable,7,17,True,False,45629944e398,12d77a4,e718e5866dea,"stated by Polaron, not image-verified"
covariates,rms_z,Batch_3,Batch_1,Batch_3_vs_Batch_1,,,,,,not_applicable,17,7,True,False,45629944e398,12d77a4,e718e5866dea,"stated by Polaron, not image-verified"
covariates,rms_z,Batch_3,Batch_2,Batch_3_vs_Batch_2,,,,,,not_applicable,17,7,True,False,45629944e398,12d77a4,e718e5866dea,"stated by Polaron, not image-verified"
covariates,rms_z,Batch_3,Batch_3,Batch_3_vs_Batch_3,0.0,1.0,1.0,,,diagonal,17,17,True,False,45629944e398,12d77a4,e718e5866dea,"stated by Polaron, not image-verified"
covariates,energy,Batch_1,Batch_1,Batch_1_vs_Batch_1,0.0,1.0,1.0,,,diagonal,7,7,False,False,45629944e398,12d77a4,e718e5866dea,"stated by Polaron, not image-verified"
covariates,energy,Batch_1,Batch_2,Batch_1_vs_Batch_2,,,,,,not_applicable,7,7,False,False,45629944e398,12d77a4,e718e5866dea,"stated by Polaron, not image-verified"
covariates,energy,Batch_1,Batch_3,Batch_1_vs_Batch_3,,,,,,not_applicable,7,17,False,False,45629944e398,12d77a4,e718e5866dea,"stated by Polaron, not image-verified"
covariates,energy,Batch_2,Batch_1,Batch_2_vs_Batch_1,,,,,,not_applicable,7,7,False,False,45629944e398,12d77a4,e718e5866dea,"stated by Polaron, not image-verified"
covariates,energy,Batch_2,Batch_2,Batch_2_vs_Batch_2,0.0,1.0,1.0,,,diagonal,7,7,False,False,45629944e398,12d77a4,e718e5866dea,"stated by Polaron, not image-verified"
covariates,energy,Batch_2,Batch_3,Batch_2_vs_Batch_3,,,,,,not_applicable,7,17,False,False,45629944e398,12d77a4,e718e5866dea,"stated by Polaron, not image-verified"
covariates,energy,Batch_3,Batch_1,Batch_3_vs_Batch_1,,,,,,not_applicable,17,7,False,False,45629944e398,12d77a4,e718e5866dea,"stated by Polaron, not image-verified"
covariates,energy,Batch_3,Batch_2,Batch_3_vs_Batch_2,,,,,,not_applicable,17,7,False,False,45629944e398,12d77a4,e718e5866dea,"stated by Polaron, not image-verified"
covariates,energy,Batch_3,Batch_3,Batch_3_vs_Batch_3,0.0,1.0,1.0,,,diagonal,17,17,False,False,45629944e398,12d77a4,e718e5866dea,"stated by Polaron, not image-verified"
covariates,energy,Batch_1,Batch_1,Batch_1_vs_Batch_1,0.0,1.0,1.0,,,diagonal,7,7,True,False,45629944e398,12d77a4,e718e5866dea,"stated by Polaron, not image-verified"
covariates,energy,Batch_1,Batch_2,Batch_1_vs_Batch_2,,,,,,not_applicable,7,7,True,False,45629944e398,12d77a4,e718e5866dea,"stated by Polaron, not image-verified"
covariates,energy,Batch_1,Batch_3,Batch_1_vs_Batch_3,,,,,,not_applicable,7,17,True,False,45629944e398,12d77a4,e718e5866dea,"stated by Polaron, not image-verified"
covariates,energy,Batch_2,Batch_1,Batch_2_vs_Batch_1,,,,,,not_applicable,7,7,True,False,45629944e398,12d77a4,e718e5866dea,"stated by Polaron, not image-verified"
covariates,energy,Batch_2,Batch_2,Batch_2_vs_Batch_2,0.0,1.0,1.0,,,diagonal,7,7,True,False,45629944e398,12d77a4,e718e5866dea,"stated by Polaron, not image-verified"
covariates,energy,Batch_2,Batch_3,Batch_2_vs_Batch_3,,,,,,not_applicable,7,17,True,False,45629944e398,12d77a4,e718e5866dea,"stated by Polaron, not image-verified"
covariates,energy,Batch_3,Batch_1,Batch_3_vs_Batch_1,,,,,,not_applicable,17,7,True,False,45629944e398,12d77a4,e718e5866dea,"stated by Polaron, not image-verified"
covariates,energy,Batch_3,Batch_2,Batch_3_vs_Batch_2,,,,,,not_applicable,17,7,True,False,45629944e398,12d77a4,e718e5866dea,"stated by Polaron, not image-verified"
covariates,energy,Batch_3,Batch_3,Batch_3_vs_Batch_3,0.0,1.0,1.0,,,diagonal,17,17,True,False,45629944e398,12d77a4,e718e5866dea,"stated by Polaron, not image-verified"
covariates,mmd2,Batch_1,Batch_1,Batch_1_vs_Batch_1,0.0,1.0,1.0,,,diagonal,7,7,False,False,45629944e398,12d77a4,e718e5866dea,"stated by Polaron, not image-verified"
covariates,mmd2,Batch_1,Batch_2,Batch_1_vs_Batch_2,,,,,,not_applicable,7,7,False,False,45629944e398,12d77a4,e718e5866dea,"stated by Polaron, not image-verified"
covariates,mmd2,Batch_1,Batch_3,Batch_1_vs_Batch_3,,,,,,not_applicable,7,17,False,False,45629944e398,12d77a4,e718e5866dea,"stated by Polaron, not image-verified"
covariates,mmd2,Batch_2,Batch_1,Batch_2_vs_Batch_1,,,,,,not_applicable,7,7,False,False,45629944e398,12d77a4,e718e5866dea,"stated by Polaron, not image-verified"
covariates,mmd2,Batch_2,Batch_2,Batch_2_vs_Batch_2,0.0,1.0,1.0,,,diagonal,7,7,False,False,45629944e398,12d77a4,e718e5866dea,"stated by Polaron, not image-verified"
covariates,mmd2,Batch_2,Batch_3,Batch_2_vs_Batch_3,,,,,,not_applicable,7,17,False,False,45629944e398,12d77a4,e718e5866dea,"stated by Polaron, not image-verified"
covariates,mmd2,Batch_3,Batch_1,Batch_3_vs_Batch_1,,,,,,not_applicable,17,7,False,False,45629944e398,12d77a4,e718e5866dea,"stated by Polaron, not image-verified"
covariates,mmd2,Batch_3,Batch_2,Batch_3_vs_Batch_2,,,,,,not_applicable,17,7,False,False,45629944e398,12d77a4,e718e5866dea,"stated by Polaron, not image-verified"
covariates,mmd2,Batch_3,Batch_3,Batch_3_vs_Batch_3,0.0,1.0,1.0,,,diagonal,17,17,False,False,45629944e398,12d77a4,e718e5866dea,"stated by Polaron, not image-verified"
covariates,mmd2,Batch_1,Batch_1,Batch_1_vs_Batch_1,0.0,1.0,1.0,,,diagonal,7,7,True,False,45629944e398,12d77a4,e718e5866dea,"stated by Polaron, not image-verified"
covariates,mmd2,Batch_1,Batch_2,Batch_1_vs_Batch_2,,,,,,not_applicable,7,7,True,False,45629944e398,12d77a4,e718e5866dea,"stated by Polaron, not image-verified"
covariates,mmd2,Batch_1,Batch_3,Batch_1_vs_Batch_3,,,,,,not_applicable,7,17,True,False,45629944e398,12d77a4,e718e5866dea,"stated by Polaron, not image-verified"
covariates,mmd2,Batch_2,Batch_1,Batch_2_vs_Batch_1,,,,,,not_applicable,7,7,True,False,45629944e398,12d77a4,e718e5866dea,"stated by Polaron, not image-verified"
covariates,mmd2,Batch_2,Batch_2,Batch_2_vs_Batch_2,0.0,1.0,1.0,,,diagonal,7,7,True,False,45629944e398,12d77a4,e718e5866dea,"stated by Polaron, not image-verified"
covariates,mmd2,Batch_2,Batch_3,Batch_2_vs_Batch_3,,,,,,not_applicable,7,17,True,False,45629944e398,12d77a4,e718e5866dea,"stated by Polaron, not image-verified"
covariates,mmd2,Batch_3,Batch_1,Batch_3_vs_Batch_1,,,,,,not_applicable,17,7,True,False,45629944e398,12d77a4,e718e5866dea,"stated by Polaron, not image-verified"
covariates,mmd2,Batch_3,Batch_2,Batch_3_vs_Batch_2,,,,,,not_applicable,17,7,True,False,45629944e398,12d77a4,e718e5866dea,"stated by Polaron, not image-verified"
covariates,mmd2,Batch_3,Batch_3,Batch_3_vs_Batch_3,0.0,1.0,1.0,,,diagonal,17,17,True,False,45629944e398,12d77a4,e718e5866dea,"stated by Polaron, not image-verified"
