probe,channel,pair,covariate,energy,energy_p_perm,mmd2,mmd2_p_perm,r2,r2_p_perm,median_energy,p05_energy,n_permutations,n_draws,exploratory,config_hash,git_sha,stats_config_hash,phase_identity
single_covariate_residualisation,BSE,Batch_1_vs_Batch_3,noise_sigma_BSE,0.004149336559182232,0.26186906546726635,0.013748406491837173,0.248375812093953,,,,,2000.0,,True,45629944e398,0f6b661,e718e5866dea,"stated by Polaron, not image-verified"
single_covariate_residualisation,BSE,Batch_2_vs_Batch_3,noise_sigma_BSE,-0.0058419431059917315,0.6916541729135433,-0.018230421149671328,0.6956521739130435,,,,,2000.0,,True,45629944e398,0f6b661,e718e5866dea,"stated by Polaron, not image-verified"
single_covariate_residualisation,BSE,Batch_1_vs_Batch_3,sharpness_BSE,0.0013612909697019449,0.35282358820589704,0.0060879516601994865,0.3233383308345827,,,,,2000.0,,True,45629944e398,0f6b661,e718e5866dea,"stated by Polaron, not image-verified"
single_covariate_residualisation,BSE,Batch_2_vs_Batch_3,sharpness_BSE,-0.005269194255911269,0.6646676661669165,-0.01646053099128708,0.6621689155422289,,,,,2000.0,,True,45629944e398,0f6b661,e718e5866dea,"stated by Polaron, not image-verified"
single_covariate_residualisation,BSE,Batch_1_vs_Batch_3,curtaining_score_BSE,0.0568477920964498,0.001999000499750125,0.14979045873871588,0.001999000499750125,,,,,2000.0,,True,45629944e398,0f6b661,e718e5866dea,"stated by Polaron, not image-verified"
single_covariate_residualisation,BSE,Batch_2_vs_Batch_3,curtaining_score_BSE,0.022582234398807938,0.03248375812093953,0.06683754427031263,0.031984007996002,,,,,2000.0,,True,45629944e398,0f6b661,e718e5866dea,"stated by Polaron, not image-verified"
single_covariate_residualisation,BSE,Batch_1_vs_Batch_3,hstripe_score_BSE,0.029481823362361576,0.014992503748125937,0.0778631662494833,0.017491254372813594,,,,,2000.0,,True,45629944e398,0f6b661,e718e5866dea,"stated by Polaron, not image-verified"
single_covariate_residualisation,BSE,Batch_2_vs_Batch_3,hstripe_score_BSE,0.00800232578112739,0.15992003998001,0.024887089379743044,0.15692153923038482,,,,,2000.0,,True,45629944e398,0f6b661,e718e5866dea,"stated by Polaron, not image-verified"
single_covariate_residualisation,BSE,Batch_1_vs_Batch_3,edge_charging_BSE,0.0499865763037306,0.0034982508745627187,0.1292232490709283,0.00399800099950025,,,,,2000.0,,True,45629944e398,0f6b661,e718e5866dea,"stated by Polaron, not image-verified"
single_covariate_residualisation,BSE,Batch_2_vs_Batch_3,edge_charging_BSE,0.025148042764064737,0.022488755622188907,0.07416039435207278,0.022988505747126436,,,,,2000.0,,True,45629944e398,0f6b661,e718e5866dea,"stated by Polaron, not image-verified"
single_covariate_residualisation,BSE,Batch_1_vs_Batch_3,edge_charging_Inlens,0.07986496049413278,0.0004997501249375312,0.21380049666042178,0.0004997501249375312,,,,,2000.0,,True,45629944e398,0f6b661,e718e5866dea,"stated by Polaron, not image-verified"
single_covariate_residualisation,BSE,Batch_2_vs_Batch_3,edge_charging_Inlens,0.007309133630532594,0.1744127936031984,0.020633188847831718,0.17791104447776113,,,,,2000.0,,True,45629944e398,0f6b661,e718e5866dea,"stated by Polaron, not image-verified"
single_covariate_residualisation,BSE,Batch_1_vs_Batch_3,height,0.07155151144496691,0.0004997501249375312,0.2033159836381201,0.0004997501249375312,,,,,2000.0,,True,45629944e398,0f6b661,e718e5866dea,"stated by Polaron, not image-verified"
single_covariate_residualisation,BSE,Batch_2_vs_Batch_3,height,0.020757708165625693,0.04047976011994003,0.06175121475539114,0.038980509745127435,,,,,2000.0,,True,45629944e398,0f6b661,e718e5866dea,"stated by Polaron, not image-verified"
single_covariate_residualisation,BSE,Batch_1_vs_Batch_3,nm_per_px_if_tag_true,0.10119332436486311,0.0004997501249375312,0.2758951583408201,0.0004997501249375312,,,,,2000.0,,True,45629944e398,0f6b661,e718e5866dea,"stated by Polaron, not image-verified"
single_covariate_residualisation,BSE,Batch_2_vs_Batch_3,nm_per_px_if_tag_true,0.03173255823800247,0.01199400299850075,0.09448738608626184,0.011494252873563218,,,,,2000.0,,True,45629944e398,0f6b661,e718e5866dea,"stated by Polaron, not image-verified"
batch_indicator_ols,BSE,Batch_1_vs_Batch_3,eight_preregistered_covariates,,,,,0.6656230519651398,0.017991004497751123,,,2000.0,,True,45629944e398,0f6b661,e718e5866dea,"stated by Polaron, not image-verified"
batch_indicator_ols,BSE,Batch_2_vs_Batch_3,eight_preregistered_covariates,,,,,0.7141992004385311,0.0074962518740629685,,,2000.0,,True,45629944e398,0f6b661,e718e5866dea,"stated by Polaron, not image-verified"
random_gaussian_covariates,BSE,Batch_1_vs_Batch_3,eight_random_gaussian_covariates,,,,,,,0.05526379896293572,0.02305019426030962,,200.0,True,45629944e398,0f6b661,e718e5866dea,"stated by Polaron, not image-verified"
random_gaussian_covariates,BSE,Batch_2_vs_Batch_3,eight_random_gaussian_covariates,,,,,,,0.023728887953804026,0.004033199903083751,,200.0,True,45629944e398,0f6b661,e718e5866dea,"stated by Polaron, not image-verified"
