table,feature,family,status,reason,config_hash,git_sha,stats_config_hash,phase_identity
kpi,frac_c0,phase_fraction,drop,sensitivity ratio=1.23519 >= 1.0,45629944e398,0f6b661,e718e5866dea,"stated by Polaron, not image-verified"
kpi,frac_c1,phase_fraction,drop,sensitivity ratio=1.70065 >= 1.0,45629944e398,0f6b661,e718e5866dea,"stated by Polaron, not image-verified"
kpi,frac_c2,phase_fraction,drop,sensitivity ratio=1.60511 >= 1.0,45629944e398,0f6b661,e718e5866dea,"stated by Polaron, not image-verified"
kpi,c2_count_density_per_Mpx,silicon_particle,drop,sensitivity ratio=1.36083 >= 1.0,45629944e398,0f6b661,e718e5866dea,"stated by Polaron, not image-verified"
kpi,c2_eqdiam_median_px,silicon_particle,drop,sensitivity ratio=18.6324 >= 1.0,45629944e398,0f6b661,e718e5866dea,"stated by Polaron, not image-verified"
kpi,c2_eqdiam_p90_px,silicon_particle,drop,sensitivity ratio=1.70163 >= 1.0,45629944e398,0f6b661,e718e5866dea,"stated by Polaron, not image-verified"
kpi,c2_tpc_length_px,silicon_particle,drop,sensitivity ratio=1.31482 >= 1.0,45629944e398,0f6b661,e718e5866dea,"stated by Polaron, not image-verified"
kpi,c0_region_eqdiam_median_px,void_morphology,drop,sensitivity ratio=2.1948 >= 1.0,45629944e398,0f6b661,e718e5866dea,"stated by Polaron, not image-verified"
kpi,c0_region_area_mean_px,void_morphology,investigate,rank stability=0.694; keep-rule requirements are not all met,45629944e398,0f6b661,e718e5866dea,"stated by Polaron, not image-verified"
kpi,c0_cracklike_frac,void_morphology,investigate,rank stability=0.288; keep-rule requirements are not all met,45629944e398,0f6b661,e718e5866dea,"stated by Polaron, not image-verified"
kpi,c1_flake_eqdiam_median_px,graphite_morphology,drop,G5 failed: class 1 percolates in 31/31 images,45629944e398,0f6b661,e718e5866dea,"stated by Polaron, not image-verified"
kpi,c1_flake_aspect_median,graphite_morphology,drop,G5 failed: class 1 percolates in 31/31 images,45629944e398,0f6b661,e718e5866dea,"stated by Polaron, not image-verified"
features,F01_c0_area_fraction,phase_fraction,drop,sensitivity ratio=1.65405 >= 1.0,45629944e398,0f6b661,e718e5866dea,"stated by Polaron, not image-verified"
features,F02_c2_area_fraction,phase_fraction,drop,sensitivity ratio=1.21713 >= 1.0,45629944e398,0f6b661,e718e5866dea,"stated by Polaron, not image-verified"
features,F03_c2_eqdiam_median_px,silicon_particle,drop,sensitivity ratio=6.19818 >= 1.0,45629944e398,0f6b661,e718e5866dea,"stated by Polaron, not image-verified"
features,F04_c2_eqdiam_p90_px,silicon_particle,drop,sensitivity ratio=2.35912 >= 1.0,45629944e398,0f6b661,e718e5866dea,"stated by Polaron, not image-verified"
features,F05_c2_count_density_per_Mpx,silicon_particle,drop,sensitivity ratio=1.277 >= 1.0,45629944e398,0f6b661,e718e5866dea,"stated by Polaron, not image-verified"
features,F06_c2_clark_evans_R,silicon_particle,drop,sensitivity ratio=1.08197 >= 1.0,45629944e398,0f6b661,e718e5866dea,"stated by Polaron, not image-verified"
features,F07_c2_solidity_area_weighted_median,silicon_particle,drop,sensitivity ratio=1.00603 >= 1.0,45629944e398,0f6b661,e718e5866dea,"stated by Polaron, not image-verified"
features,F08_c0_local_thickness_median_px,void_morphology,investigate,rank stability=0.396; keep-rule requirements are not all met,45629944e398,0f6b661,e718e5866dea,"stated by Polaron, not image-verified"
features,F09_c0_chord_anisotropy_h_over_v,void_morphology,investigate,rank stability=0.196; keep-rule requirements are not all met,45629944e398,0f6b661,e718e5866dea,"stated by Polaron, not image-verified"
features,F10_c0_fraction_iqr_512px,void_morphology,investigate,rank stability=0.291; keep-rule requirements are not all met,45629944e398,0f6b661,e718e5866dea,"stated by Polaron, not image-verified"
features,F11_c2_perimeter_fraction_adjacent_c0,silicon_particle,investigate,rank stability=0.28; keep-rule requirements are not all met,45629944e398,0f6b661,e718e5866dea,"stated by Polaron, not image-verified"
