table,feature,family,pair,median_a,median_b,s_f,z,p_perm,p_bh,band95,band99,band_position,band95_exact,band99_exact,band_position_exact,frac_splits_exceeding,z_resid,p_resid,n_loo_outliers,loo_outlier_ids,z_loo,p_loo,sens_f,sens_ratio,prevalence_images_outside_band,config_hash,git_sha,stats_config_hash,phase_identity
kpi,frac_c0,phase_fraction,Batch_1_vs_Batch_2,0.09510438870161007,0.09761421497051533,0.01180047422922573,-0.2126885937083166,0.777111444277861,0.9575123152709359,,,not_applicable,,,not_applicable,,-0.27909160791104726,1.0,1,hzumfsms,,,0.014575787079639926,1.235186552379454,,45629944e398,0f6b661,e718e5866dea,"stated by Polaron, not image-verified"
kpi,frac_c1,phase_fraction,Batch_1_vs_Batch_2,0.828973745688414,0.8112869507227188,0.019800664395552402,0.8932424999672195,0.06796601699150424,0.9575123152709359,,,not_applicable,,,not_applicable,,0.3866915278783286,0.5047476261869065,0,none,,,0.03367392833416283,1.7006463854680867,,45629944e398,0f6b661,e718e5866dea,"stated by Polaron, not image-verified"
kpi,frac_c2,phase_fraction,Batch_1_vs_Batch_2,0.08938017258277306,0.09221573976370004,0.02685720055653498,-0.10557940225222096,1.0,1.0,,,not_applicable,,,not_applicable,,-0.31863751938027374,0.7716141929035483,0,none,,,0.043108738385714024,1.6051091510810747,,45629944e398,0f6b661,e718e5866dea,"stated by Polaron, not image-verified"
kpi,c2_count_density_per_Mpx,silicon_particle,Batch_1_vs_Batch_2,119.33155548878206,113.02874638484074,81.01022426898665,0.07780263739319426,0.7626186906546727,0.9575123152709359,,,not_applicable,,,not_applicable,,-0.5097902653703839,0.48825587206396803,0,none,,,110.24108299842248,1.3608292532603983,,45629944e398,0f6b661,e718e5866dea,"stated by Polaron, not image-verified"
kpi,c2_eqdiam_median_px,silicon_particle,Batch_1_vs_Batch_2,8.390454104219266,8.421690029395204,0.20214111860795786,-0.15452534047028132,1.0,1.0,,,not_applicable,,,not_applicable,,-0.3603960216827781,0.47126436781609193,2,ufdvpb81;vc2whyaq,,,3.766366409269443,18.632361566050864,,45629944e398,0f6b661,e718e5866dea,"stated by Polaron, not image-verified"
kpi,c2_eqdiam_p90_px,silicon_particle,Batch_1_vs_Batch_2,33.38431409670444,39.70524196563185,18.39702796011746,-0.34358418558858617,0.4237881059470265,0.9575123152709359,,,not_applicable,,,not_applicable,,0.3948621269112203,0.5232383808095952,0,none,,,31.304917251797402,1.7016290522394537,,45629944e398,0f6b661,e718e5866dea,"stated by Polaron, not image-verified"
kpi,c2_tpc_length_px,silicon_particle,Batch_1_vs_Batch_2,56.40971658585964,53.27000740066947,5.901400019384459,0.5320278535393463,0.6096951524237881,0.9575123152709359,,,not_applicable,,,not_applicable,,0.3816451054185991,0.49525237381309345,1,tuy3zymq,,,7.759307793440129,1.3148249174692377,,45629944e398,0f6b661,e718e5866dea,"stated by Polaron, not image-verified"
kpi,c0_region_eqdiam_median_px,void_morphology,Batch_1_vs_Batch_2,9.94800318314042,10.335382288353495,0.2809788621051455,-1.3786770375207553,0.31584207896051975,0.9575123152709359,,,not_applicable,,,not_applicable,,-0.32039551300826374,0.7756121939030485,0,none,,,0.6166924171856767,2.1948000378580197,,45629944e398,0f6b661,e718e5866dea,"stated by Polaron, not image-verified"
kpi,c0_region_area_mean_px,void_morphology,Batch_1_vs_Batch_2,757.9046966802774,986.4275340191258,182.0415733973613,-1.2553332355572842,0.12093953023488256,0.9575123152709359,,,not_applicable,,,not_applicable,,-0.7324073804203464,0.3308345827086457,0,none,,,53.60371635101899,0.29445865222232787,,45629944e398,0f6b661,e718e5866dea,"stated by Polaron, not image-verified"
kpi,c0_cracklike_frac,void_morphology,Batch_1_vs_Batch_2,0.1284639051399246,0.1381385115503765,0.023322060504016123,-0.41482640047117325,0.768615692153923,0.9575123152709359,,,not_applicable,,,not_applicable,,1.379253984625016,0.03498250874562719,0,none,,,0.0208633712297559,0.8945766702801912,,45629944e398,0f6b661,e718e5866dea,"stated by Polaron, not image-verified"
kpi,c1_flake_eqdiam_median_px,graphite_morphology,Batch_1_vs_Batch_2,7.619303115041311,8.128243663072578,1.3694125786163431,-0.37164880473458256,0.7731134432783608,0.9575123152709359,,,not_applicable,,,not_applicable,,1.204752174828592,0.1619190404797601,2,cfe5vt7s;mgxahqnk,,,1.6699051081085639,1.2194316995363361,,45629944e398,0f6b661,e718e5866dea,"stated by Polaron, not image-verified"
kpi,c1_flake_aspect_median,graphite_morphology,Batch_1_vs_Batch_2,2.035927795533714,1.9218425445635838,0.08235109700050373,1.3853519276061663,0.2988505747126437,0.9575123152709359,,,not_applicable,,,not_applicable,,0.830840346732782,1.0,0,none,,,0.11674524466422787,1.4176525743611375,,45629944e398,0f6b661,e718e5866dea,"stated by Polaron, not image-verified"
kpi,frac_c0,phase_fraction,Batch_1_vs_Batch_3,0.09510438870161007,0.10193223219651443,0.01180047422922573,-0.5786075510418154,0.17991004497751126,0.9575123152709359,0.9194769858505704,1.1809423275941178,within,0.9194769858505704,1.2230275380800937,within,0.2618264088852324,0.03339714858798187,1.0,1,hzumfsms,-0.6708401221917121,0.17691154422788605,0.014575787079639926,1.235186552379454,3/7,45629944e398,0f6b661,e718e5866dea,"stated by Polaron, not image-verified"
kpi,frac_c1,phase_fraction,Batch_1_vs_Batch_3,0.828973745688414,0.8038628284747784,0.019800664395552402,1.2681855877157306,0.0814592703648176,0.9575123152709359,1.1268558457909625,1.236631073824592,outside,1.134930684287775,1.5631521455179975,between,0.014705882352941176,0.9201122505193445,0.27786106946526734,0,none,1.2681855877157306,0.0814592703648176,0.03367392833416283,1.7006463854680867,4/7,45629944e398,0f6b661,e718e5866dea,"stated by Polaron, not image-verified"
kpi,frac_c2,phase_fraction,Batch_1_vs_Batch_3,0.08938017258277306,0.09741885845477764,0.02685720055653498,-0.2993121287932813,0.6261869065467266,0.9575123152709359,1.0406195840328647,1.1272198415878438,within,1.0375906145139608,1.1272198415878438,within,0.6767791032496915,-0.311132425778002,0.6761619190404797,0,none,-0.2993121287932813,0.6261869065467266,0.043108738385714024,1.6051091510810747,3/7,45629944e398,0f6b661,e718e5866dea,"stated by Polaron, not image-verified"
kpi,c2_count_density_per_Mpx,silicon_particle,Batch_1_vs_Batch_3,119.33155548878206,137.57363343850162,81.01022426898665,-0.22518241511279485,0.6351824087956022,0.9575123152709359,0.9769475690516894,1.1853771369275405,within,0.9586477246599827,1.1853771369275405,within,0.638986013986014,-0.02589247110199015,1.0,0,none,-0.22518241511279485,0.6351824087956022,110.24108299842248,1.3608292532603983,3/7,45629944e398,0f6b661,e718e5866dea,"stated by Polaron, not image-verified"
kpi,c2_eqdiam_median_px,silicon_particle,Batch_1_vs_Batch_3,8.390454104219266,8.259573417047646,0.20214111860795786,0.6474718655606959,0.47926036981509246,0.9575123152709359,1.6324224987657632,2.088481683411847,within,1.6324224987657632,2.2218400073886375,within,0.4181406828465652,-0.930599212173394,0.2048975512243878,2,ufdvpb81;vc2whyaq,0.7636710869368702,0.37631184407796103,3.766366409269443,18.632361566050864,1/7,45629944e398,0f6b661,e718e5866dea,"stated by Polaron, not image-verified"
kpi,c2_eqdiam_p90_px,silicon_particle,Batch_1_vs_Batch_3,33.38431409670444,41.788175773005115,18.39702796011746,-0.4568053978348694,0.6016991504247876,0.9575123152709359,0.9728640769974589,1.2063626555365543,within,0.9529897827998847,1.2043201269114119,within,0.43202385849444674,-0.14456076878272062,0.6286856571714143,0,none,-0.4568053978348694,0.6016991504247876,31.304917251797402,1.7016290522394537,2/7,45629944e398,0f6b661,e718e5866dea,"stated by Polaron, not image-verified"
kpi,c2_tpc_length_px,silicon_particle,Batch_1_vs_Batch_3,56.40971658585964,55.154386262302474,5.901400019384459,0.21271737544205718,0.6721639180409795,0.9575123152709359,1.5308505601481022,1.885370430563781,within,1.5308505601481022,1.8045462868445223,within,0.6115281777046483,0.18593830840593353,0.8355822088955522,1,tuy3zymq,0.1884692679237389,0.7326336831584208,7.759307793440129,1.3148249174692377,1/7,45629944e398,0f6b661,e718e5866dea,"stated by Polaron, not image-verified"
kpi,c0_region_eqdiam_median_px,void_morphology,Batch_1_vs_Batch_3,9.94800318314042,10.499673211432208,0.2809788621051455,-1.96338622826847,0.0029985007496251873,0.20689655172413793,0.9349755871655725,1.4290260906405605,outside,0.9695036913305756,1.3986224787617931,outside,0.0,-0.5267489943035369,0.6256871564217891,0,none,-1.96338622826847,0.0029985007496251873,0.6166924171856767,2.1948000378580197,4/7,45629944e398,0f6b661,e718e5866dea,"stated by Polaron, not image-verified"
kpi,c0_region_area_mean_px,void_morphology,Batch_1_vs_Batch_3,757.9046966802774,867.5529022404332,182.0415733973613,-0.6023250816494271,0.2433783108445777,0.9575123152709359,1.0696484841849472,1.4481475440386073,within,1.0696484841849472,1.3232757591040383,within,0.2785376388317565,-1.157567768176942,0.06946526736631684,0,none,-0.6023250816494271,0.2433783108445777,53.60371635101899,0.29445865222232787,2/7,45629944e398,0f6b661,e718e5866dea,"stated by Polaron, not image-verified"
kpi,c0_cracklike_frac,void_morphology,Batch_1_vs_Batch_3,0.1284639051399246,0.14346643415070018,0.023322060504016123,-0.6432763094921271,0.6776611694152923,0.9575123152709359,0.9260009055960429,1.042809461266681,within,0.9260009055960429,1.0575087938397707,within,0.37803373097490744,0.9229931626819807,0.17691154422788605,0,none,-0.6432763094921271,0.6776611694152923,0.0208633712297559,0.8945766702801912,3/7,45629944e398,0f6b661,e718e5866dea,"stated by Polaron, not image-verified"
kpi,c1_flake_eqdiam_median_px,graphite_morphology,Batch_1_vs_Batch_3,7.619303115041311,7.312060385816695,1.3694125786163431,0.22436096617065898,1.0,1.0,1.1532209923780772,1.3838672283403313,within,1.174134792064363,1.4145151309173614,within,0.8135540929658577,0.41901149363521506,0.5092453773113443,2,cfe5vt7s;mgxahqnk,0.2931337016640495,0.8385807096451774,1.6699051081085639,1.2194316995363361,4/7,45629944e398,0f6b661,e718e5866dea,"stated by Polaron, not image-verified"
kpi,c1_flake_aspect_median,graphite_morphology,Batch_1_vs_Batch_3,2.035927795533714,1.9865290108609217,0.08235109700050373,0.5998558182229216,0.40929535232383807,0.9575123152709359,1.7449803248390217,2.1281760443786926,within,1.7449803248390217,2.0724663920482227,within,0.20912176059234883,-0.20913245793226715,1.0,0,none,0.5998558182229216,0.40929535232383807,0.11674524466422787,1.4176525743611375,3/7,45629944e398,0f6b661,e718e5866dea,"stated by Polaron, not image-verified"
kpi,frac_c0,phase_fraction,Batch_2_vs_Batch_3,0.09761421497051533,0.10193223219651443,0.01180047422922573,-0.3659189573334988,0.5382308845577212,0.9575123152709359,0.9194769858505704,1.1809423275941178,within,0.9194769858505704,1.2230275380800937,within,0.5335767174002468,0.31248875649902913,1.0,1,hzumfsms,-0.4241888527794414,0.6106946526736632,0.014575787079639926,1.235186552379454,1/7,45629944e398,0f6b661,e718e5866dea,"stated by Polaron, not image-verified"
kpi,frac_c1,phase_fraction,Batch_2_vs_Batch_3,0.8112869507227188,0.8038628284747784,0.019800664395552402,0.3749430877485111,0.42628685657171417,0.9575123152709359,1.1268558457909625,1.236631073824592,within,1.134930684287775,1.5631521455179975,within,0.7397675853558207,0.5334207226410159,0.5662168915542228,0,none,0.3749430877485111,0.42628685657171417,0.03367392833416283,1.7006463854680867,1/7,45629944e398,0f6b661,e718e5866dea,"stated by Polaron, not image-verified"
kpi,frac_c2,phase_fraction,Batch_2_vs_Batch_3,0.09221573976370004,0.09741885845477764,0.02685720055653498,-0.19373272654106033,0.5647176411794103,0.9575123152709359,1.0406195840328647,1.1272198415878438,within,1.0375906145139608,1.1272198415878438,within,0.7873303167420814,0.007505093602271728,1.0,0,none,-0.19373272654106033,0.5647176411794103,0.043108738385714024,1.6051091510810747,1/7,45629944e398,0f6b661,e718e5866dea,"stated by Polaron, not image-verified"
kpi,c2_count_density_per_Mpx,silicon_particle,Batch_2_vs_Batch_3,113.02874638484074,137.57363343850162,81.01022426898665,-0.3029850525059891,0.6521739130434783,0.9575123152709359,0.9769475690516894,1.1853771369275405,within,0.9586477246599827,1.1853771369275405,within,0.5867955573837926,0.48389779426839374,0.6691654172913544,0,none,-0.3029850525059891,0.6521739130434783,110.24108299842248,1.3608292532603983,0/7,45629944e398,0f6b661,e718e5866dea,"stated by Polaron, not image-verified"
kpi,c2_eqdiam_median_px,silicon_particle,Batch_2_vs_Batch_3,8.421690029395204,8.259573417047646,0.20214111860795786,0.8019972060309772,0.4992503748125937,0.9575123152709359,1.6324224987657632,2.088481683411847,within,1.6324224987657632,2.2218400073886375,within,0.3081036610448375,-0.5702031904906159,0.5772113943028486,2,ufdvpb81;vc2whyaq,0.94587442794929,0.3828085957021489,3.766366409269443,18.632361566050864,2/7,45629944e398,0f6b661,e718e5866dea,"stated by Polaron, not image-verified"
kpi,c2_eqdiam_p90_px,silicon_particle,Batch_2_vs_Batch_3,39.70524196563185,41.788175773005115,18.39702796011746,-0.11322121224628322,0.7181409295352323,0.9575123152709359,0.9728640769974589,1.2063626555365543,within,0.9529897827998847,1.2043201269114119,within,0.6891197038255862,-0.539422895693941,0.31384307846076964,0,none,-0.11322121224628322,0.7181409295352323,31.304917251797402,1.7016290522394537,0/7,45629944e398,0f6b661,e718e5866dea,"stated by Polaron, not image-verified"
kpi,c2_tpc_length_px,silicon_particle,Batch_2_vs_Batch_3,53.27000740066947,55.154386262302474,5.901400019384459,-0.31931047809728913,0.48875562218890556,0.9575123152709359,1.5308505601481022,1.885370430563781,within,1.5308505601481022,1.8045462868445223,within,0.49146441793500617,-0.19570679701266552,0.6476761619190404,1,tuy3zymq,-0.386789720564698,0.4257871064467766,7.759307793440129,1.3148249174692377,0/7,45629944e398,0f6b661,e718e5866dea,"stated by Polaron, not image-verified"
kpi,c0_region_eqdiam_median_px,void_morphology,Batch_2_vs_Batch_3,10.335382288353495,10.499673211432208,0.2809788621051455,-0.5847091907477145,0.23588205897051473,0.9575123152709359,0.9349755871655725,1.4290260906405605,within,0.9695036913305756,1.3986224787617931,within,0.17107157548334018,-0.20635348129527314,0.7461269365317341,0,none,-0.5847091907477145,0.23588205897051473,0.6166924171856767,2.1948000378580197,3/7,45629944e398,0f6b661,e718e5866dea,"stated by Polaron, not image-verified"
kpi,c0_region_area_mean_px,void_morphology,Batch_2_vs_Batch_3,986.4275340191258,867.5529022404332,182.0415733973613,0.653008153907857,0.31634182908545727,0.9575123152709359,1.0696484841849472,1.4481475440386073,within,1.0696484841849472,1.3232757591040383,within,0.2641402714932127,-0.42516038775659576,0.5052473763118441,0,none,0.653008153907857,0.31634182908545727,53.60371635101899,0.29445865222232787,1/7,45629944e398,0f6b661,e718e5866dea,"stated by Polaron, not image-verified"
kpi,c0_cracklike_frac,void_morphology,Batch_2_vs_Batch_3,0.1381385115503765,0.14346643415070018,0.023322060504016123,-0.22844990902095386,0.6806596701649176,0.9575123152709359,0.9260009055960429,1.042809461266681,within,0.9260009055960429,1.0575087938397707,within,0.631530234471411,-0.4562608219430353,0.6831584207896052,0,none,-0.22844990902095386,0.6806596701649176,0.0208633712297559,0.8945766702801912,1/7,45629944e398,0f6b661,e718e5866dea,"stated by Polaron, not image-verified"
kpi,c1_flake_eqdiam_median_px,graphite_morphology,Batch_2_vs_Batch_3,8.128243663072578,7.312060385816695,1.3694125786163431,0.5960097709052415,0.4052973513243378,0.9575123152709359,1.1532209923780772,1.3838672283403313,within,1.174134792064363,1.4145151309173614,within,0.47598724804607156,-0.7857406811933769,0.22938530734632684,2,cfe5vt7s;mgxahqnk,0.6932180138523684,0.31984007996002,1.6699051081085639,1.2194316995363361,0/7,45629944e398,0f6b661,e718e5866dea,"stated by Polaron, not image-verified"
kpi,c1_flake_aspect_median,graphite_morphology,Batch_2_vs_Batch_3,1.9218425445635838,1.9865290108609217,0.08235109700050373,-0.7854961093832447,0.312343828085957,0.9575123152709359,1.7449803248390217,2.1281760443786926,within,1.7449803248390217,2.0724663920482227,within,0.1476758535582065,-1.0399728046650492,0.2538730634682659,0,none,-0.7854961093832447,0.312343828085957,0.11674524466422787,1.4176525743611375,0/7,45629944e398,0f6b661,e718e5866dea,"stated by Polaron, not image-verified"
features,F01_c0_area_fraction,phase_fraction,Batch_1_vs_Batch_2,0.09088308531087612,0.1012971296596946,0.008876017146631388,-1.1732789805133272,0.1794102948525737,0.9575123152709359,,,not_applicable,,,not_applicable,,-0.5603688023265517,0.2178910544727636,2,0grcilhi;hzumfsms,,,0.014681408594948264,1.654053654067143,,45629944e398,0f6b661,e718e5866dea,"stated by Polaron, not image-verified"
features,F02_c2_area_fraction,phase_fraction,Batch_1_vs_Batch_2,0.08909978482191605,0.09710380898472476,0.03310496357886897,-0.24177716262215465,0.6081959020489756,0.9575123152709359,,,not_applicable,,,not_applicable,,-0.20445114458522962,0.7716141929035483,0,none,,,0.040293095181011734,1.2171315363334512,,45629944e398,0f6b661,e718e5866dea,"stated by Polaron, not image-verified"
features,F03_c2_eqdiam_median_px,silicon_particle,Batch_1_vs_Batch_2,8.136857890256438,7.978845608028654,0.11656027466714451,1.3556272295944092,0.5887056471764118,0.9575123152709359,,,not_applicable,,,not_applicable,,0.03908739553800088,1.0,0,none,,,0.7224620212515713,6.198183929427679,,45629944e398,0f6b661,e718e5866dea,"stated by Polaron, not image-verified"
features,F04_c2_eqdiam_p90_px,silicon_particle,Batch_1_vs_Batch_2,23.939194963364102,24.685426914772865,3.9473527411949787,-0.18904617862523657,0.7556221889055472,0.9575123152709359,,,not_applicable,,,not_applicable,,0.3494333663248958,0.35132433783108447,1,x77cy643,,,9.312287362572615,2.3591221694956794,,45629944e398,0f6b661,e718e5866dea,"stated by Polaron, not image-verified"
features,F05_c2_count_density_per_Mpx,silicon_particle,Batch_1_vs_Batch_2,116.2871610409909,109.33074047435112,83.55594131842098,0.0832546490037106,0.7671164417791104,0.9575123152709359,,,not_applicable,,,not_applicable,,-0.5766599714800468,0.48825587206396803,0,none,,,106.70070639622978,1.276997239365745,,45629944e398,0f6b661,e718e5866dea,"stated by Polaron, not image-verified"
features,F06_c2_clark_evans_R,silicon_particle,Batch_1_vs_Batch_2,0.7337448767826733,0.6779684805694204,0.062092165851717014,0.8982839533485295,0.041979010494752625,0.9575123152709359,,,not_applicable,,,not_applicable,,0.5023425302871427,0.3373313343328336,0,none,,,0.06718206570083096,1.081973301773193,,45629944e398,0f6b661,e718e5866dea,"stated by Polaron, not image-verified"
features,F07_c2_solidity_area_weighted_median,silicon_particle,Batch_1_vs_Batch_2,0.869281045751634,0.8697856162213539,0.06359441083628918,-0.007934195208109871,1.0,1.0,,,not_applicable,,,not_applicable,,-0.12684478674873043,1.0,1,tuy3zymq,,,0.06397810573651497,1.0060334689036357,,45629944e398,0f6b661,e718e5866dea,"stated by Polaron, not image-verified"
features,F08_c0_local_thickness_median_px,void_morphology,Batch_1_vs_Batch_2,26.0,26.0,2.9652,0.0,1.0,1.0,,,not_applicable,,,not_applicable,,-0.10275958260569058,0.7736131934032984,2,0grcilhi;hzumfsms,,,2.0,0.6744907594765952,,45629944e398,0f6b661,e718e5866dea,"stated by Polaron, not image-verified"
features,F09_c0_chord_anisotropy_h_over_v,void_morphology,Batch_1_vs_Batch_2,1.1574376294881958,1.1434705261063818,0.029880179216666657,0.4674370685843627,1.0,1.0,,,not_applicable,,,not_applicable,,0.8403575830538275,0.14742628685657172,0,none,,,0.010011451009350525,0.3350532450543773,,45629944e398,0f6b661,e718e5866dea,"stated by Polaron, not image-verified"
features,F10_c0_fraction_iqr_512px,void_morphology,Batch_1_vs_Batch_2,0.04032707214355469,0.04874610900878906,0.006970613479614258,-1.2077899441499762,0.2938530734632684,0.9575123152709359,,,not_applicable,,,not_applicable,,-0.018745685574333936,1.0,2,hzumfsms;mgxahqnk,,,0.0052890777587890625,0.7587679010258006,,45629944e398,0f6b661,e718e5866dea,"stated by Polaron, not image-verified"
features,F11_c2_perimeter_fraction_adjacent_c0,silicon_particle,Batch_1_vs_Batch_2,0.0006993593868016896,0.0009669309611293754,0.0005574286180925141,-0.4800104724499057,0.6691654172913544,0.9575123152709359,,,not_applicable,,,not_applicable,,-0.3028134796560592,1.0,0,none,,,0.0002830632887417004,0.5078018593848397,,45629944e398,0f6b661,e718e5866dea,"stated by Polaron, not image-verified"
features,F01_c0_area_fraction,phase_fraction,Batch_1_vs_Batch_3,0.09088308531087612,0.10185199148779303,0.008876017146631388,-1.2357914586814216,0.05547226386806597,0.9575123152709359,0.9914762715482452,1.5723180643572041,between,1.0411984955374813,1.54078872799888,between,0.027097902097902096,-0.11572428302751801,0.6836581709145427,2,0grcilhi;hzumfsms,-1.365973619377385,0.09095452273863068,0.014681408594948264,1.654053654067143,3/7,45629944e398,0f6b661,e718e5866dea,"stated by Polaron, not image-verified"
features,F02_c2_area_fraction,phase_fraction,Batch_1_vs_Batch_3,0.08909978482191605,0.10060702731450154,0.03310496357886897,-0.3475987057098171,0.5742128935532234,0.9575123152709359,0.9257539655156911,1.0679524052788227,within,0.9416420624110928,1.1852671847623713,within,0.486013986013986,-0.27666854682345293,0.48825587206396803,0,none,-0.3475987057098171,0.5742128935532234,0.040293095181011734,1.2171315363334512,3/7,45629944e398,0f6b661,e718e5866dea,"stated by Polaron, not image-verified"
features,F03_c2_eqdiam_median_px,silicon_particle,Batch_1_vs_Batch_3,8.136857890256438,8.136857890256438,0.11656027466714451,0.0,1.0,1.0,2.711645665422057,4.109002888872817,within,2.3776277369465357,4.109002888872817,within,1.0,-0.1190272002844886,0.8395802098950524,0,none,0.0,1.0,0.7224620212515713,6.198183929427679,1/7,45629944e398,0f6b661,e718e5866dea,"stated by Polaron, not image-verified"
features,F04_c2_eqdiam_p90_px,silicon_particle,Batch_1_vs_Batch_3,23.939194963364102,26.606745326442343,3.9473527411949787,-0.6757821096755332,0.21339330334832585,0.9575123152709359,1.19348356310672,1.3699532877360616,within,1.19348356310672,1.3607207463713544,within,0.24460098724804608,-0.20441756666575864,1.0,1,x77cy643,-0.7663479219874539,0.2098950524737631,9.312287362572615,2.3591221694956794,2/7,45629944e398,0f6b661,e718e5866dea,"stated by Polaron, not image-verified"
features,F05_c2_count_density_per_Mpx,silicon_particle,Batch_1_vs_Batch_3,116.2871610409909,130.71409910802205,83.55594131842098,-0.17266202545731546,0.6806596701649176,0.9575123152709359,0.9618478779239416,1.1621111760765854,within,0.9618094355306517,1.1621111760765854,within,0.7341114767585356,-0.14605096722266742,0.6861569215392304,0,none,-0.17266202545731546,0.6806596701649176,106.70070639622978,1.276997239365745,3/7,45629944e398,0f6b661,e718e5866dea,"stated by Polaron, not image-verified"
features,F06_c2_clark_evans_R,silicon_particle,Batch_1_vs_Batch_3,0.7337448767826733,0.7239069285439732,0.062092165851717014,0.15844105457996446,0.8525737131434283,1.0,1.079178415944135,1.187932407936724,within,1.077744892355701,1.187632068869061,within,0.8559749074454956,-0.1452265388449844,1.0,0,none,0.15844105457996446,0.8525737131434283,0.06718206570083096,1.081973301773193,3/7,45629944e398,0f6b661,e718e5866dea,"stated by Polaron, not image-verified"
features,F07_c2_solidity_area_weighted_median,silicon_particle,Batch_1_vs_Batch_3,0.869281045751634,0.8243649481436945,0.06359441083628918,0.7062900185295652,0.3423288355822089,0.9575123152709359,1.0447488111369867,1.113103417704148,within,1.0401258460236265,1.113103417704148,within,0.34949609214315097,-0.00825020155537176,1.0,1,tuy3zymq,0.6950239904103296,0.44627686156921537,0.06397810573651497,1.0060334689036357,2/7,45629944e398,0f6b661,e718e5866dea,"stated by Polaron, not image-verified"
features,F08_c0_local_thickness_median_px,void_morphology,Batch_1_vs_Batch_3,26.0,26.0,2.9652,0.0,1.0,1.0,0.6744907594765952,0.6744907594765952,within,0.6744907594765952,0.6744907594765952,within,1.0,-0.5730788718367003,0.23788105947026486,2,0grcilhi;hzumfsms,0.0,1.0,2.0,0.6744907594765952,1/7,45629944e398,0f6b661,e718e5866dea,"stated by Polaron, not image-verified"
features,F09_c0_chord_anisotropy_h_over_v,void_morphology,Batch_1_vs_Batch_3,1.1574376294881958,1.163799784923226,0.029880179216666657,-0.21292226492006636,0.5972013993003499,0.9575123152709359,0.9414967373781705,1.608998567199262,within,0.9414967373781705,1.608998567199262,within,0.5289489921842863,0.594148811775774,0.2683658170914543,0,none,-0.21292226492006636,0.5972013993003499,0.010011451009350525,0.3350532450543773,2/7,45629944e398,0f6b661,e718e5866dea,"stated by Polaron, not image-verified"
features,F10_c0_fraction_iqr_512px,void_morphology,Batch_1_vs_Batch_3,0.04032707214355469,0.04763221740722656,0.006970613479614258,-1.0479917277060282,0.28235882058970513,0.9575123152709359,1.51076353174854,1.6903997117065055,within,1.534911121819051,2.2225359812773404,within,0.2181201151789387,-0.38284371034735154,0.49375312343828087,2,hzumfsms;mgxahqnk,-1.21240134521379,0.18140929535232383,0.0052890777587890625,0.7587679010258006,1/7,45629944e398,0f6b661,e718e5866dea,"stated by Polaron, not image-verified"
features,F11_c2_perimeter_fraction_adjacent_c0,silicon_particle,Batch_1_vs_Batch_3,0.0006993593868016896,0.0005640387500436112,0.0005574286180925141,0.24275868221681401,0.8350824587706147,1.0,1.291293045289104,1.9409170127583262,within,1.291293045289104,1.9409170127583262,within,0.7876388317564789,-0.07619052292563717,0.841079460269865,0,none,0.24275868221681401,0.8350824587706147,0.0002830632887417004,0.5078018593848397,2/7,45629944e398,0f6b661,e718e5866dea,"stated by Polaron, not image-verified"
features,F01_c0_area_fraction,phase_fraction,Batch_2_vs_Batch_3,0.1012971296596946,0.10185199148779303,0.008876017146631388,-0.06251247816809448,1.0,1.0,0.9914762715482452,1.5723180643572041,within,1.0411984955374813,1.54078872799888,within,0.969097079391197,0.4446445192990337,1.0,2,0grcilhi;hzumfsms,0.14826373070211518,1.0,0.014681408594948264,1.654053654067143,1/7,45629944e398,0f6b661,e718e5866dea,"stated by Polaron, not image-verified"
features,F02_c2_area_fraction,phase_fraction,Batch_2_vs_Batch_3,0.09710380898472476,0.10060702731450154,0.03310496357886897,-0.10582154308766242,0.6796601699150425,0.9575123152709359,0.9257539655156911,1.0679524052788227,within,0.9416420624110928,1.1852671847623713,within,0.8582887700534759,-0.0722174022382233,1.0,0,none,-0.10582154308766242,0.6796601699150425,0.040293095181011734,1.2171315363334512,0/7,45629944e398,0f6b661,e718e5866dea,"stated by Polaron, not image-verified"
features,F03_c2_eqdiam_median_px,silicon_particle,Batch_2_vs_Batch_3,7.978845608028654,8.136857890256438,0.11656027466714451,-1.3556272295944092,0.4147926036981509,0.9575123152709359,2.711645665422057,4.109002888872817,within,2.3776277369465357,4.109002888872817,within,0.09779925956396544,-0.1581145958224895,0.7681159420289855,0,none,-1.3556272295944092,0.4147926036981509,0.7224620212515713,6.198183929427679,1/7,45629944e398,0f6b661,e718e5866dea,"stated by Polaron, not image-verified"
features,F04_c2_eqdiam_p90_px,silicon_particle,Batch_2_vs_Batch_3,24.685426914772865,26.606745326442343,3.9473527411949787,-0.4867359310502966,0.14392803598200898,0.9575123152709359,1.19348356310672,1.3699532877360616,within,1.19348356310672,1.3607207463713544,within,0.3160736322501028,-0.5538509329906545,0.39430284857571213,1,x77cy643,-0.5126777669168006,0.3078460769615192,9.312287362572615,2.3591221694956794,0/7,45629944e398,0f6b661,e718e5866dea,"stated by Polaron, not image-verified"
features,F05_c2_count_density_per_Mpx,silicon_particle,Batch_2_vs_Batch_3,109.33074047435112,130.71409910802205,83.55594131842098,-0.25591667446102606,0.5082458770614693,0.9575123152709359,0.9618478779239416,1.1621111760765854,within,0.9618094355306517,1.1621111760765854,within,0.6073632250102838,0.43060900425737936,0.600199900049975,0,none,-0.25591667446102606,0.5082458770614693,106.70070639622978,1.276997239365745,0/7,45629944e398,0f6b661,e718e5866dea,"stated by Polaron, not image-verified"
features,F06_c2_clark_evans_R,silicon_particle,Batch_2_vs_Batch_3,0.6779684805694204,0.7239069285439732,0.062092165851717014,-0.739842898768565,0.11494252873563218,0.9575123152709359,1.079178415944135,1.187932407936724,within,1.077744892355701,1.187632068869061,within,0.316330728095434,-0.6475690691321272,0.46976511744127936,0,none,-0.739842898768565,0.11494252873563218,0.06718206570083096,1.081973301773193,2/7,45629944e398,0f6b661,e718e5866dea,"stated by Polaron, not image-verified"
features,F07_c2_solidity_area_weighted_median,silicon_particle,Batch_2_vs_Batch_3,0.8697856162213539,0.8243649481436945,0.06359441083628918,0.714224213737675,0.35782108945527236,0.9575123152709359,1.0447488111369867,1.113103417704148,within,1.0401258460236265,1.113103417704148,within,0.34949609214315097,0.11859458519335868,0.7581209395302348,1,tuy3zymq,0.7047723076313713,0.4482758620689655,0.06397810573651497,1.0060334689036357,1/7,45629944e398,0f6b661,e718e5866dea,"stated by Polaron, not image-verified"
features,F08_c0_local_thickness_median_px,void_morphology,Batch_2_vs_Batch_3,26.0,26.0,2.9652,0.0,1.0,1.0,0.6744907594765952,0.6744907594765952,within,0.6744907594765952,0.6744907594765952,within,1.0,-0.4703192892310097,0.4577711144427786,2,0grcilhi;hzumfsms,0.0,1.0,2.0,0.6744907594765952,0/7,45629944e398,0f6b661,e718e5866dea,"stated by Polaron, not image-verified"
features,F09_c0_chord_anisotropy_h_over_v,void_morphology,Batch_2_vs_Batch_3,1.1434705261063818,1.163799784923226,0.029880179216666657,-0.6803593335044291,0.26436781609195403,0.9575123152709359,0.9414967373781705,1.608998567199262,within,0.9414967373781705,1.608998567199262,within,0.1327642945290004,-0.2462087712780534,0.7616191904047976,0,none,-0.6803593335044291,0.26436781609195403,0.010011451009350525,0.3350532450543773,1/7,45629944e398,0f6b661,e718e5866dea,"stated by Polaron, not image-verified"
features,F10_c0_fraction_iqr_512px,void_morphology,Batch_2_vs_Batch_3,0.04874610900878906,0.04763221740722656,0.006970613479614258,0.1597982164439479,1.0,1.0,1.51076353174854,1.6903997117065055,within,1.534911121819051,2.2225359812773404,within,0.8830213903743316,-0.3640980247730176,0.4832583708145927,2,hzumfsms;mgxahqnk,0.27248753874116816,0.6771614192903548,0.0052890777587890625,0.7587679010258006,0/7,45629944e398,0f6b661,e718e5866dea,"stated by Polaron, not image-verified"
features,F11_c2_perimeter_fraction_adjacent_c0,silicon_particle,Batch_2_vs_Batch_3,0.0009669309611293754,0.0005640387500436112,0.0005574286180925141,0.7227691546667196,0.3403298350824588,0.9575123152709359,1.291293045289104,1.9409170127583262,within,1.291293045289104,1.9409170127583262,within,0.29010695187165775,0.22662295673042204,0.6166916541729135,0,none,0.7227691546667196,0.3403298350824588,0.0002830632887417004,0.5078018593848397,1/7,45629944e398,0f6b661,e718e5866dea,"stated by Polaron, not image-verified"
