table,feature,family,pair,G1,G2,G3,G4,G5,sens_f,s_f,sens_ratio,rank_stability,status_pair,config_hash,git_sha,stats_config_hash,phase_identity
kpi,frac_c0,phase_fraction,Batch_1_vs_Batch_3,False,True,False,True,True,0.014575787079639926,0.01180047422922573,1.235186552379454,0.445,drop,45629944e398,0f6b661,e718e5866dea,"stated by Polaron, not image-verified"
kpi,frac_c0,phase_fraction,Batch_2_vs_Batch_3,False,True,False,True,True,0.014575787079639926,0.01180047422922573,1.235186552379454,0.445,drop,45629944e398,0f6b661,e718e5866dea,"stated by Polaron, not image-verified"
kpi,frac_c1,phase_fraction,Batch_1_vs_Batch_3,False,True,False,True,True,0.03367392833416283,0.019800664395552402,1.7006463854680867,0.556,drop,45629944e398,0f6b661,e718e5866dea,"stated by Polaron, not image-verified"
kpi,frac_c1,phase_fraction,Batch_2_vs_Batch_3,False,True,False,True,True,0.03367392833416283,0.019800664395552402,1.7006463854680867,0.556,drop,45629944e398,0f6b661,e718e5866dea,"stated by Polaron, not image-verified"
kpi,frac_c2,phase_fraction,Batch_1_vs_Batch_3,False,True,False,True,True,0.043108738385714024,0.02685720055653498,1.6051091510810747,0.423,drop,45629944e398,0f6b661,e718e5866dea,"stated by Polaron, not image-verified"
kpi,frac_c2,phase_fraction,Batch_2_vs_Batch_3,False,True,False,True,True,0.043108738385714024,0.02685720055653498,1.6051091510810747,0.423,drop,45629944e398,0f6b661,e718e5866dea,"stated by Polaron, not image-verified"
kpi,c2_count_density_per_Mpx,silicon_particle,Batch_1_vs_Batch_3,False,True,False,True,True,110.24108299842248,81.01022426898665,1.3608292532603983,0.382,drop,45629944e398,0f6b661,e718e5866dea,"stated by Polaron, not image-verified"
kpi,c2_count_density_per_Mpx,silicon_particle,Batch_2_vs_Batch_3,False,True,False,True,True,110.24108299842248,81.01022426898665,1.3608292532603983,0.382,drop,45629944e398,0f6b661,e718e5866dea,"stated by Polaron, not image-verified"
kpi,c2_eqdiam_median_px,silicon_particle,Batch_1_vs_Batch_3,False,True,False,True,True,3.766366409269443,0.20214111860795786,18.632361566050864,0.391,drop,45629944e398,0f6b661,e718e5866dea,"stated by Polaron, not image-verified"
kpi,c2_eqdiam_median_px,silicon_particle,Batch_2_vs_Batch_3,False,True,False,True,True,3.766366409269443,0.20214111860795786,18.632361566050864,0.391,drop,45629944e398,0f6b661,e718e5866dea,"stated by Polaron, not image-verified"
kpi,c2_eqdiam_p90_px,silicon_particle,Batch_1_vs_Batch_3,False,True,False,True,True,31.304917251797402,18.39702796011746,1.7016290522394537,0.349,drop,45629944e398,0f6b661,e718e5866dea,"stated by Polaron, not image-verified"
kpi,c2_eqdiam_p90_px,silicon_particle,Batch_2_vs_Batch_3,False,True,False,True,True,31.304917251797402,18.39702796011746,1.7016290522394537,0.349,drop,45629944e398,0f6b661,e718e5866dea,"stated by Polaron, not image-verified"
kpi,c2_tpc_length_px,silicon_particle,Batch_1_vs_Batch_3,False,True,False,True,True,7.759307793440129,5.901400019384459,1.3148249174692377,0.449,drop,45629944e398,0f6b661,e718e5866dea,"stated by Polaron, not image-verified"
kpi,c2_tpc_length_px,silicon_particle,Batch_2_vs_Batch_3,False,True,False,True,True,7.759307793440129,5.901400019384459,1.3148249174692377,0.449,drop,45629944e398,0f6b661,e718e5866dea,"stated by Polaron, not image-verified"
kpi,c0_region_eqdiam_median_px,void_morphology,Batch_1_vs_Batch_3,False,True,False,True,True,0.6166924171856767,0.2809788621051455,2.1948000378580197,0.731,drop,45629944e398,0f6b661,e718e5866dea,"stated by Polaron, not image-verified"
kpi,c0_region_eqdiam_median_px,void_morphology,Batch_2_vs_Batch_3,False,True,False,True,True,0.6166924171856767,0.2809788621051455,2.1948000378580197,0.731,drop,45629944e398,0f6b661,e718e5866dea,"stated by Polaron, not image-verified"
kpi,c0_region_area_mean_px,void_morphology,Batch_1_vs_Batch_3,False,True,True,True,True,53.60371635101899,182.0415733973613,0.29445865222232787,0.694,investigate,45629944e398,0f6b661,e718e5866dea,"stated by Polaron, not image-verified"
kpi,c0_region_area_mean_px,void_morphology,Batch_2_vs_Batch_3,False,True,True,True,True,53.60371635101899,182.0415733973613,0.29445865222232787,0.694,investigate,45629944e398,0f6b661,e718e5866dea,"stated by Polaron, not image-verified"
kpi,c0_cracklike_frac,void_morphology,Batch_1_vs_Batch_3,False,True,False,True,True,0.0208633712297559,0.023322060504016123,0.8945766702801912,0.288,investigate,45629944e398,0f6b661,e718e5866dea,"stated by Polaron, not image-verified"
kpi,c0_cracklike_frac,void_morphology,Batch_2_vs_Batch_3,False,True,False,True,True,0.0208633712297559,0.023322060504016123,0.8945766702801912,0.288,investigate,45629944e398,0f6b661,e718e5866dea,"stated by Polaron, not image-verified"
kpi,c1_flake_eqdiam_median_px,graphite_morphology,Batch_1_vs_Batch_3,False,True,False,True,False,1.6699051081085639,1.3694125786163431,1.2194316995363361,0.184,drop,45629944e398,0f6b661,e718e5866dea,"stated by Polaron, not image-verified"
kpi,c1_flake_eqdiam_median_px,graphite_morphology,Batch_2_vs_Batch_3,False,True,False,True,False,1.6699051081085639,1.3694125786163431,1.2194316995363361,0.184,drop,45629944e398,0f6b661,e718e5866dea,"stated by Polaron, not image-verified"
kpi,c1_flake_aspect_median,graphite_morphology,Batch_1_vs_Batch_3,False,True,False,True,False,0.11674524466422787,0.08235109700050373,1.4176525743611375,0.422,drop,45629944e398,0f6b661,e718e5866dea,"stated by Polaron, not image-verified"
kpi,c1_flake_aspect_median,graphite_morphology,Batch_2_vs_Batch_3,False,True,False,True,False,0.11674524466422787,0.08235109700050373,1.4176525743611375,0.422,drop,45629944e398,0f6b661,e718e5866dea,"stated by Polaron, not image-verified"
features,F01_c0_area_fraction,phase_fraction,Batch_1_vs_Batch_3,False,True,False,True,True,0.014681408594948264,0.008876017146631388,1.654053654067143,0.453,drop,45629944e398,0f6b661,e718e5866dea,"stated by Polaron, not image-verified"
features,F01_c0_area_fraction,phase_fraction,Batch_2_vs_Batch_3,False,True,False,False,True,0.014681408594948264,0.008876017146631388,1.654053654067143,0.453,drop,45629944e398,0f6b661,e718e5866dea,"stated by Polaron, not image-verified"
features,F02_c2_area_fraction,phase_fraction,Batch_1_vs_Batch_3,False,True,False,True,True,0.040293095181011734,0.03310496357886897,1.2171315363334512,0.488,drop,45629944e398,0f6b661,e718e5866dea,"stated by Polaron, not image-verified"
features,F02_c2_area_fraction,phase_fraction,Batch_2_vs_Batch_3,False,True,False,True,True,0.040293095181011734,0.03310496357886897,1.2171315363334512,0.488,drop,45629944e398,0f6b661,e718e5866dea,"stated by Polaron, not image-verified"
features,F03_c2_eqdiam_median_px,silicon_particle,Batch_1_vs_Batch_3,False,True,False,True,True,0.7224620212515713,0.11656027466714451,6.198183929427679,0.537,drop,45629944e398,0f6b661,e718e5866dea,"stated by Polaron, not image-verified"
features,F03_c2_eqdiam_median_px,silicon_particle,Batch_2_vs_Batch_3,False,True,False,True,True,0.7224620212515713,0.11656027466714451,6.198183929427679,0.537,drop,45629944e398,0f6b661,e718e5866dea,"stated by Polaron, not image-verified"
features,F04_c2_eqdiam_p90_px,silicon_particle,Batch_1_vs_Batch_3,False,True,False,True,True,9.312287362572615,3.9473527411949787,2.3591221694956794,0.502,drop,45629944e398,0f6b661,e718e5866dea,"stated by Polaron, not image-verified"
features,F04_c2_eqdiam_p90_px,silicon_particle,Batch_2_vs_Batch_3,False,True,False,True,True,9.312287362572615,3.9473527411949787,2.3591221694956794,0.502,drop,45629944e398,0f6b661,e718e5866dea,"stated by Polaron, not image-verified"
features,F05_c2_count_density_per_Mpx,silicon_particle,Batch_1_vs_Batch_3,False,True,False,True,True,106.70070639622978,83.55594131842098,1.276997239365745,0.404,drop,45629944e398,0f6b661,e718e5866dea,"stated by Polaron, not image-verified"
features,F05_c2_count_density_per_Mpx,silicon_particle,Batch_2_vs_Batch_3,False,True,False,True,True,106.70070639622978,83.55594131842098,1.276997239365745,0.404,drop,45629944e398,0f6b661,e718e5866dea,"stated by Polaron, not image-verified"
features,F06_c2_clark_evans_R,silicon_particle,Batch_1_vs_Batch_3,False,True,False,True,True,0.06718206570083096,0.062092165851717014,1.081973301773193,0.555,drop,45629944e398,0f6b661,e718e5866dea,"stated by Polaron, not image-verified"
features,F06_c2_clark_evans_R,silicon_particle,Batch_2_vs_Batch_3,False,True,False,True,True,0.06718206570083096,0.062092165851717014,1.081973301773193,0.555,drop,45629944e398,0f6b661,e718e5866dea,"stated by Polaron, not image-verified"
features,F07_c2_solidity_area_weighted_median,silicon_particle,Batch_1_vs_Batch_3,False,True,False,True,True,0.06397810573651497,0.06359441083628918,1.0060334689036357,0.437,drop,45629944e398,0f6b661,e718e5866dea,"stated by Polaron, not image-verified"
features,F07_c2_solidity_area_weighted_median,silicon_particle,Batch_2_vs_Batch_3,False,True,False,True,True,0.06397810573651497,0.06359441083628918,1.0060334689036357,0.437,drop,45629944e398,0f6b661,e718e5866dea,"stated by Polaron, not image-verified"
features,F08_c0_local_thickness_median_px,void_morphology,Batch_1_vs_Batch_3,False,True,False,True,True,2.0,2.9652,0.6744907594765952,0.396,investigate,45629944e398,0f6b661,e718e5866dea,"stated by Polaron, not image-verified"
features,F08_c0_local_thickness_median_px,void_morphology,Batch_2_vs_Batch_3,False,True,False,True,True,2.0,2.9652,0.6744907594765952,0.396,investigate,45629944e398,0f6b661,e718e5866dea,"stated by Polaron, not image-verified"
features,F09_c0_chord_anisotropy_h_over_v,void_morphology,Batch_1_vs_Batch_3,False,True,True,True,True,0.010011451009350525,0.029880179216666657,0.3350532450543773,0.196,investigate,45629944e398,0f6b661,e718e5866dea,"stated by Polaron, not image-verified"
features,F09_c0_chord_anisotropy_h_over_v,void_morphology,Batch_2_vs_Batch_3,False,True,True,True,True,0.010011451009350525,0.029880179216666657,0.3350532450543773,0.196,investigate,45629944e398,0f6b661,e718e5866dea,"stated by Polaron, not image-verified"
features,F10_c0_fraction_iqr_512px,void_morphology,Batch_1_vs_Batch_3,False,True,False,True,True,0.0052890777587890625,0.006970613479614258,0.7587679010258006,0.291,investigate,45629944e398,0f6b661,e718e5866dea,"stated by Polaron, not image-verified"
features,F10_c0_fraction_iqr_512px,void_morphology,Batch_2_vs_Batch_3,False,True,False,True,True,0.0052890777587890625,0.006970613479614258,0.7587679010258006,0.291,investigate,45629944e398,0f6b661,e718e5866dea,"stated by Polaron, not image-verified"
features,F11_c2_perimeter_fraction_adjacent_c0,silicon_particle,Batch_1_vs_Batch_3,False,True,False,True,True,0.0002830632887417004,0.0005574286180925141,0.5078018593848397,0.28,investigate,45629944e398,0f6b661,e718e5866dea,"stated by Polaron, not image-verified"
features,F11_c2_perimeter_fraction_adjacent_c0,silicon_particle,Batch_2_vs_Batch_3,False,True,False,True,True,0.0002830632887417004,0.0005574286180925141,0.5078018593848397,0.28,investigate,45629944e398,0f6b661,e718e5866dea,"stated by Polaron, not image-verified"
