table,feature,channel,statistic,residualised,band95,band99,band95_exact,band99_exact,pair,band_position_exact,frac_splits_exceeding,config_hash,git_sha,stats_config_hash,phase_identity
kpi,frac_c0,,|z|,False,0.9194769858505704,1.1809423275941178,0.9194769858505704,1.2230275380800937,Batch_1_vs_Batch_3,within,0.2618264088852324,45629944e398,0f6b661,e718e5866dea,"stated by Polaron, not image-verified"
kpi,frac_c0,,|z|,False,0.9194769858505704,1.1809423275941178,0.9194769858505704,1.2230275380800937,Batch_2_vs_Batch_3,within,0.5335767174002468,45629944e398,0f6b661,e718e5866dea,"stated by Polaron, not image-verified"
kpi,frac_c0,,|z|,True,1.0760982312387162,1.154068046792169,1.0760982312387162,1.154068046792169,Batch_1_vs_Batch_3,within,1.0,45629944e398,0f6b661,e718e5866dea,"stated by Polaron, not image-verified"
kpi,frac_c0,,|z|,True,1.0760982312387162,1.154068046792169,1.0760982312387162,1.154068046792169,Batch_2_vs_Batch_3,within,0.819724393253805,45629944e398,0f6b661,e718e5866dea,"stated by Polaron, not image-verified"
kpi,frac_c1,,|z|,False,1.1268558457909625,1.236631073824592,1.134930684287775,1.5631521455179975,Batch_1_vs_Batch_3,between,0.014705882352941176,45629944e398,0f6b661,e718e5866dea,"stated by Polaron, not image-verified"
kpi,frac_c1,,|z|,False,1.1268558457909625,1.236631073824592,1.134930684287775,1.5631521455179975,Batch_2_vs_Batch_3,within,0.7397675853558207,45629944e398,0f6b661,e718e5866dea,"stated by Polaron, not image-verified"
kpi,frac_c1,,|z|,True,1.0416167248357626,1.668744586626692,1.0544769923879456,1.668744586626692,Batch_1_vs_Batch_3,within,0.10427807486631016,45629944e398,0f6b661,e718e5866dea,"stated by Polaron, not image-verified"
kpi,frac_c1,,|z|,True,1.0416167248357626,1.668744586626692,1.0544769923879456,1.668744586626692,Batch_2_vs_Batch_3,within,0.5119806663924311,45629944e398,0f6b661,e718e5866dea,"stated by Polaron, not image-verified"
kpi,frac_c2,,|z|,False,1.0406195840328647,1.1272198415878438,1.0375906145139608,1.1272198415878438,Batch_1_vs_Batch_3,within,0.6767791032496915,45629944e398,0f6b661,e718e5866dea,"stated by Polaron, not image-verified"
kpi,frac_c2,,|z|,False,1.0406195840328647,1.1272198415878438,1.0375906145139608,1.1272198415878438,Batch_2_vs_Batch_3,within,0.7873303167420814,45629944e398,0f6b661,e718e5866dea,"stated by Polaron, not image-verified"
kpi,frac_c2,,|z|,True,1.1158567518536375,1.3351547236880819,1.2147741691879157,1.3351547236880819,Batch_1_vs_Batch_3,within,0.7415672562731386,45629944e398,0f6b661,e718e5866dea,"stated by Polaron, not image-verified"
kpi,frac_c2,,|z|,True,1.1158567518536375,1.3351547236880819,1.2147741691879157,1.3351547236880819,Batch_2_vs_Batch_3,within,0.9485808309337721,45629944e398,0f6b661,e718e5866dea,"stated by Polaron, not image-verified"
kpi,c2_count_density_per_Mpx,,|z|,False,0.9769475690516894,1.1853771369275405,0.9586477246599827,1.1853771369275405,Batch_1_vs_Batch_3,within,0.638986013986014,45629944e398,0f6b661,e718e5866dea,"stated by Polaron, not image-verified"
kpi,c2_count_density_per_Mpx,,|z|,False,0.9769475690516894,1.1853771369275405,0.9586477246599827,1.1853771369275405,Batch_2_vs_Batch_3,within,0.5867955573837926,45629944e398,0f6b661,e718e5866dea,"stated by Polaron, not image-verified"
kpi,c2_count_density_per_Mpx,,|z|,True,1.2310314143364152,1.3915871863972584,1.1863378226598873,1.3652533336839496,Batch_1_vs_Batch_3,within,0.998200329082682,45629944e398,0f6b661,e718e5866dea,"stated by Polaron, not image-verified"
kpi,c2_count_density_per_Mpx,,|z|,True,1.2310314143364152,1.3915871863972584,1.1863378226598873,1.3652533336839496,Batch_2_vs_Batch_3,within,0.6973467708761827,45629944e398,0f6b661,e718e5866dea,"stated by Polaron, not image-verified"
kpi,c2_eqdiam_median_px,,|z|,False,1.6324224987657632,2.088481683411847,1.6324224987657632,2.2218400073886375,Batch_1_vs_Batch_3,within,0.4181406828465652,45629944e398,0f6b661,e718e5866dea,"stated by Polaron, not image-verified"
kpi,c2_eqdiam_median_px,,|z|,False,1.6324224987657632,2.088481683411847,1.6324224987657632,2.2218400073886375,Batch_2_vs_Batch_3,within,0.3081036610448375,45629944e398,0f6b661,e718e5866dea,"stated by Polaron, not image-verified"
kpi,c2_eqdiam_median_px,,|z|,True,1.0762675206182182,1.2256465011886446,1.11094347666735,1.2256465011886446,Batch_1_vs_Batch_3,within,0.14716166186754423,45629944e398,0f6b661,e718e5866dea,"stated by Polaron, not image-verified"
kpi,c2_eqdiam_median_px,,|z|,True,1.0762675206182182,1.2256465011886446,1.11094347666735,1.2256465011886446,Batch_2_vs_Batch_3,within,0.5004113533525298,45629944e398,0f6b661,e718e5866dea,"stated by Polaron, not image-verified"
kpi,c2_eqdiam_p90_px,,|z|,False,0.9728640769974589,1.2063626555365543,0.9529897827998847,1.2043201269114119,Batch_1_vs_Batch_3,within,0.43202385849444674,45629944e398,0f6b661,e718e5866dea,"stated by Polaron, not image-verified"
kpi,c2_eqdiam_p90_px,,|z|,False,0.9728640769974589,1.2063626555365543,0.9529897827998847,1.2043201269114119,Batch_2_vs_Batch_3,within,0.6891197038255862,45629944e398,0f6b661,e718e5866dea,"stated by Polaron, not image-verified"
kpi,c2_eqdiam_p90_px,,|z|,True,1.1469732394527883,1.3667172213730656,1.1469732394527883,1.3664124131065347,Batch_1_vs_Batch_3,within,0.6994549568078979,45629944e398,0f6b661,e718e5866dea,"stated by Polaron, not image-verified"
kpi,c2_eqdiam_p90_px,,|z|,True,1.1469732394527883,1.3667172213730656,1.1469732394527883,1.3664124131065347,Batch_2_vs_Batch_3,within,0.20320855614973263,45629944e398,0f6b661,e718e5866dea,"stated by Polaron, not image-verified"
kpi,c2_tpc_length_px,,|z|,False,1.5308505601481022,1.885370430563781,1.5308505601481022,1.8045462868445223,Batch_1_vs_Batch_3,within,0.6115281777046483,45629944e398,0f6b661,e718e5866dea,"stated by Polaron, not image-verified"
kpi,c2_tpc_length_px,,|z|,False,1.5308505601481022,1.885370430563781,1.5308505601481022,1.8045462868445223,Batch_2_vs_Batch_3,within,0.49146441793500617,45629944e398,0f6b661,e718e5866dea,"stated by Polaron, not image-verified"
kpi,c2_tpc_length_px,,|z|,True,1.1186025770959698,1.2298062120388378,0.9971158390095115,1.1972564829572336,Batch_1_vs_Batch_3,within,0.7811600164541341,45629944e398,0f6b661,e718e5866dea,"stated by Polaron, not image-verified"
kpi,c2_tpc_length_px,,|z|,True,1.1186025770959698,1.2298062120388378,0.9971158390095115,1.1972564829572336,Batch_2_vs_Batch_3,within,0.780902920608803,45629944e398,0f6b661,e718e5866dea,"stated by Polaron, not image-verified"
kpi,c0_region_eqdiam_median_px,,|z|,False,0.9349755871655725,1.4290260906405605,0.9695036913305756,1.3986224787617931,Batch_1_vs_Batch_3,outside,0.0,45629944e398,0f6b661,e718e5866dea,"stated by Polaron, not image-verified"
kpi,c0_region_eqdiam_median_px,,|z|,False,0.9349755871655725,1.4290260906405605,0.9695036913305756,1.3986224787617931,Batch_2_vs_Batch_3,within,0.17107157548334018,45629944e398,0f6b661,e718e5866dea,"stated by Polaron, not image-verified"
kpi,c0_region_eqdiam_median_px,,|z|,True,0.871991709315182,0.9715138666637408,0.871991709315182,0.9712861992876156,Batch_1_vs_Batch_3,within,0.41968325791855204,45629944e398,0f6b661,e718e5866dea,"stated by Polaron, not image-verified"
kpi,c0_region_eqdiam_median_px,,|z|,True,0.871991709315182,0.9715138666637408,0.871991709315182,0.9712861992876156,Batch_2_vs_Batch_3,within,0.7102529823118059,45629944e398,0f6b661,e718e5866dea,"stated by Polaron, not image-verified"
kpi,c0_region_area_mean_px,,|z|,False,1.0696484841849472,1.4481475440386073,1.0696484841849472,1.3232757591040383,Batch_1_vs_Batch_3,within,0.2785376388317565,45629944e398,0f6b661,e718e5866dea,"stated by Polaron, not image-verified"
kpi,c0_region_area_mean_px,,|z|,False,1.0696484841849472,1.4481475440386073,1.0696484841849472,1.3232757591040383,Batch_2_vs_Batch_3,within,0.2641402714932127,45629944e398,0f6b661,e718e5866dea,"stated by Polaron, not image-verified"
kpi,c0_region_area_mean_px,,|z|,True,1.7830619586943564,2.0095794608713673,1.7830619586943564,2.0095794608713673,Batch_1_vs_Batch_3,within,0.1001131221719457,45629944e398,0f6b661,e718e5866dea,"stated by Polaron, not image-verified"
kpi,c0_region_area_mean_px,,|z|,True,1.7830619586943564,2.0095794608713673,1.7830619586943564,2.0095794608713673,Batch_2_vs_Batch_3,within,0.6796585767174003,45629944e398,0f6b661,e718e5866dea,"stated by Polaron, not image-verified"
kpi,c0_cracklike_frac,,|z|,False,0.9260009055960429,1.042809461266681,0.9260009055960429,1.0575087938397707,Batch_1_vs_Batch_3,within,0.37803373097490744,45629944e398,0f6b661,e718e5866dea,"stated by Polaron, not image-verified"
kpi,c0_cracklike_frac,,|z|,False,0.9260009055960429,1.042809461266681,0.9260009055960429,1.0575087938397707,Batch_2_vs_Batch_3,within,0.631530234471411,45629944e398,0f6b661,e718e5866dea,"stated by Polaron, not image-verified"
kpi,c0_cracklike_frac,,|z|,True,1.0383693511965577,1.1991377991892098,1.0749941315498002,1.5068306335570514,Batch_1_vs_Batch_3,within,0.1346153846153846,45629944e398,0f6b661,e718e5866dea,"stated by Polaron, not image-verified"
kpi,c0_cracklike_frac,,|z|,True,1.0383693511965577,1.1991377991892098,1.0749941315498002,1.5068306335570514,Batch_2_vs_Batch_3,within,0.5849958864664747,45629944e398,0f6b661,e718e5866dea,"stated by Polaron, not image-verified"
kpi,c1_flake_eqdiam_median_px,,|z|,False,1.1532209923780772,1.3838672283403313,1.174134792064363,1.4145151309173614,Batch_1_vs_Batch_3,within,0.8135540929658577,45629944e398,0f6b661,e718e5866dea,"stated by Polaron, not image-verified"
kpi,c1_flake_eqdiam_median_px,,|z|,False,1.1532209923780772,1.3838672283403313,1.174134792064363,1.4145151309173614,Batch_2_vs_Batch_3,within,0.47598724804607156,45629944e398,0f6b661,e718e5866dea,"stated by Polaron, not image-verified"
kpi,c1_flake_eqdiam_median_px,,|z|,True,0.9908784770596178,1.3224388031560081,0.9908784770596178,1.3013162280484105,Batch_1_vs_Batch_3,within,0.5155800082270671,45629944e398,0f6b661,e718e5866dea,"stated by Polaron, not image-verified"
kpi,c1_flake_eqdiam_median_px,,|z|,True,0.9908784770596178,1.3224388031560081,0.9908784770596178,1.3013162280484105,Batch_2_vs_Batch_3,within,0.10114150555327026,45629944e398,0f6b661,e718e5866dea,"stated by Polaron, not image-verified"
kpi,c1_flake_aspect_median,,|z|,False,1.7449803248390217,2.1281760443786926,1.7449803248390217,2.0724663920482227,Batch_1_vs_Batch_3,within,0.20912176059234883,45629944e398,0f6b661,e718e5866dea,"stated by Polaron, not image-verified"
kpi,c1_flake_aspect_median,,|z|,False,1.7449803248390217,2.1281760443786926,1.7449803248390217,2.0724663920482227,Batch_2_vs_Batch_3,within,0.1476758535582065,45629944e398,0f6b661,e718e5866dea,"stated by Polaron, not image-verified"
kpi,c1_flake_aspect_median,,|z|,True,1.9550566817577517,2.314089196658307,1.9550566817577517,2.314089196658307,Batch_1_vs_Batch_3,within,1.0,45629944e398,0f6b661,e718e5866dea,"stated by Polaron, not image-verified"
kpi,c1_flake_aspect_median,,|z|,True,1.9550566817577517,2.314089196658307,1.9550566817577517,2.314089196658307,Batch_2_vs_Batch_3,within,0.0949712052653229,45629944e398,0f6b661,e718e5866dea,"stated by Polaron, not image-verified"
kpi,,,rms_z,False,0.888306316708621,0.9906957044381451,0.8747813331405198,0.9851338846530634,Batch_1_vs_Batch_3,within,0.10196421225832991,45629944e398,0f6b661,e718e5866dea,"stated by Polaron, not image-verified"
kpi,,,rms_z,False,0.888306316708621,0.9906957044381451,0.8747813331405198,0.9851338846530634,Batch_2_vs_Batch_3,within,0.7110756890168655,45629944e398,0f6b661,e718e5866dea,"stated by Polaron, not image-verified"
kpi,,,rms_z,True,0.8586465228673157,1.0355348093810408,0.8650565786665942,0.9886323963038658,Batch_1_vs_Batch_3,within,0.5351707116412999,45629944e398,0f6b661,e718e5866dea,"stated by Polaron, not image-verified"
kpi,,,rms_z,True,0.8586465228673157,1.0355348093810408,0.8650565786665942,0.9886323963038658,Batch_2_vs_Batch_3,within,0.8106232003290826,45629944e398,0f6b661,e718e5866dea,"stated by Polaron, not image-verified"
features,F01_c0_area_fraction,,|z|,False,0.9914762715482452,1.5723180643572041,1.0411984955374813,1.54078872799888,Batch_1_vs_Batch_3,between,0.027097902097902096,45629944e398,0f6b661,e718e5866dea,"stated by Polaron, not image-verified"
features,F01_c0_area_fraction,,|z|,False,0.9914762715482452,1.5723180643572041,1.0411984955374813,1.54078872799888,Batch_2_vs_Batch_3,within,0.969097079391197,45629944e398,0f6b661,e718e5866dea,"stated by Polaron, not image-verified"
features,F01_c0_area_fraction,,|z|,True,1.0668905966058735,1.2030630811727703,1.106575856487794,1.2030630811727703,Batch_1_vs_Batch_3,within,0.9974290415466887,45629944e398,0f6b661,e718e5866dea,"stated by Polaron, not image-verified"
features,F01_c0_area_fraction,,|z|,True,1.0668905966058735,1.2030630811727703,1.106575856487794,1.2030630811727703,Batch_2_vs_Batch_3,within,0.7487659399424106,45629944e398,0f6b661,e718e5866dea,"stated by Polaron, not image-verified"
features,F02_c2_area_fraction,,|z|,False,0.9257539655156911,1.0679524052788227,0.9416420624110928,1.1852671847623713,Batch_1_vs_Batch_3,within,0.486013986013986,45629944e398,0f6b661,e718e5866dea,"stated by Polaron, not image-verified"
features,F02_c2_area_fraction,,|z|,False,0.9257539655156911,1.0679524052788227,0.9416420624110928,1.1852671847623713,Batch_2_vs_Batch_3,within,0.8582887700534759,45629944e398,0f6b661,e718e5866dea,"stated by Polaron, not image-verified"
features,F02_c2_area_fraction,,|z|,True,1.0338880778449644,1.2256786612604094,1.056480648230403,1.2628124573042276,Batch_1_vs_Batch_3,within,0.49064171122994654,45629944e398,0f6b661,e718e5866dea,"stated by Polaron, not image-verified"
features,F02_c2_area_fraction,,|z|,True,1.0338880778449644,1.2256786612604094,1.056480648230403,1.2628124573042276,Batch_2_vs_Batch_3,within,0.8711949814890991,45629944e398,0f6b661,e718e5866dea,"stated by Polaron, not image-verified"
features,F03_c2_eqdiam_median_px,,|z|,False,2.711645665422057,4.109002888872817,2.3776277369465357,4.109002888872817,Batch_1_vs_Batch_3,within,1.0,45629944e398,0f6b661,e718e5866dea,"stated by Polaron, not image-verified"
features,F03_c2_eqdiam_median_px,,|z|,False,2.711645665422057,4.109002888872817,2.3776277369465357,4.109002888872817,Batch_2_vs_Batch_3,within,0.09779925956396544,45629944e398,0f6b661,e718e5866dea,"stated by Polaron, not image-verified"
features,F03_c2_eqdiam_median_px,,|z|,True,1.0966548239228417,1.4108800167251525,1.1159893145053368,1.4108800167251525,Batch_1_vs_Batch_3,within,0.869600987248046,45629944e398,0f6b661,e718e5866dea,"stated by Polaron, not image-verified"
features,F03_c2_eqdiam_median_px,,|z|,True,1.0966548239228417,1.4108800167251525,1.1159893145053368,1.4108800167251525,Batch_2_vs_Batch_3,within,0.7796174413821473,45629944e398,0f6b661,e718e5866dea,"stated by Polaron, not image-verified"
features,F04_c2_eqdiam_p90_px,,|z|,False,1.19348356310672,1.3699532877360616,1.19348356310672,1.3607207463713544,Batch_1_vs_Batch_3,within,0.24460098724804608,45629944e398,0f6b661,e718e5866dea,"stated by Polaron, not image-verified"
features,F04_c2_eqdiam_p90_px,,|z|,False,1.19348356310672,1.3699532877360616,1.19348356310672,1.3607207463713544,Batch_2_vs_Batch_3,within,0.3160736322501028,45629944e398,0f6b661,e718e5866dea,"stated by Polaron, not image-verified"
features,F04_c2_eqdiam_p90_px,,|z|,True,1.1376706826800185,1.2670395205610623,1.1334151716965133,1.2670395205610623,Batch_1_vs_Batch_3,within,0.8413204442616208,45629944e398,0f6b661,e718e5866dea,"stated by Polaron, not image-verified"
features,F04_c2_eqdiam_p90_px,,|z|,True,1.1376706826800185,1.2670395205610623,1.1334151716965133,1.2670395205610623,Batch_2_vs_Batch_3,within,0.5418037844508433,45629944e398,0f6b661,e718e5866dea,"stated by Polaron, not image-verified"
features,F05_c2_count_density_per_Mpx,,|z|,False,0.9618478779239416,1.1621111760765854,0.9618094355306517,1.1621111760765854,Batch_1_vs_Batch_3,within,0.7341114767585356,45629944e398,0f6b661,e718e5866dea,"stated by Polaron, not image-verified"
features,F05_c2_count_density_per_Mpx,,|z|,False,0.9618478779239416,1.1621111760765854,0.9618094355306517,1.1621111760765854,Batch_2_vs_Batch_3,within,0.6073632250102838,45629944e398,0f6b661,e718e5866dea,"stated by Polaron, not image-verified"
features,F05_c2_count_density_per_Mpx,,|z|,True,1.2387637860588077,1.4542876532291475,1.2045463871463742,1.4035309803435212,Batch_1_vs_Batch_3,within,0.8318078979843686,45629944e398,0f6b661,e718e5866dea,"stated by Polaron, not image-verified"
features,F05_c2_count_density_per_Mpx,,|z|,True,1.2387637860588077,1.4542876532291475,1.2045463871463742,1.4035309803435212,Batch_2_vs_Batch_3,within,0.5885952283011107,45629944e398,0f6b661,e718e5866dea,"stated by Polaron, not image-verified"
features,F06_c2_clark_evans_R,,|z|,False,1.079178415944135,1.187932407936724,1.077744892355701,1.187632068869061,Batch_1_vs_Batch_3,within,0.8559749074454956,45629944e398,0f6b661,e718e5866dea,"stated by Polaron, not image-verified"
features,F06_c2_clark_evans_R,,|z|,False,1.079178415944135,1.187932407936724,1.077744892355701,1.187632068869061,Batch_2_vs_Batch_3,within,0.316330728095434,45629944e398,0f6b661,e718e5866dea,"stated by Polaron, not image-verified"
features,F06_c2_clark_evans_R,,|z|,True,1.2082298119621804,1.3754887230735777,1.2015803617108494,1.4897934018029513,Batch_1_vs_Batch_3,within,0.9460098724804608,45629944e398,0f6b661,e718e5866dea,"stated by Polaron, not image-verified"
features,F06_c2_clark_evans_R,,|z|,True,1.2082298119621804,1.3754887230735777,1.2015803617108494,1.4897934018029513,Batch_2_vs_Batch_3,within,0.5245783628136569,45629944e398,0f6b661,e718e5866dea,"stated by Polaron, not image-verified"
features,F07_c2_solidity_area_weighted_median,,|z|,False,1.0447488111369867,1.113103417704148,1.0401258460236265,1.113103417704148,Batch_1_vs_Batch_3,within,0.34949609214315097,45629944e398,0f6b661,e718e5866dea,"stated by Polaron, not image-verified"
features,F07_c2_solidity_area_weighted_median,,|z|,False,1.0447488111369867,1.113103417704148,1.0401258460236265,1.113103417704148,Batch_2_vs_Batch_3,within,0.34949609214315097,45629944e398,0f6b661,e718e5866dea,"stated by Polaron, not image-verified"
features,F07_c2_solidity_area_weighted_median,,|z|,True,1.0548506718248867,1.2343360607860443,1.0548506718248867,1.2343360607860443,Batch_1_vs_Batch_3,within,1.0,45629944e398,0f6b661,e718e5866dea,"stated by Polaron, not image-verified"
features,F07_c2_solidity_area_weighted_median,,|z|,True,1.0548506718248867,1.2343360607860443,1.0548506718248867,1.2343360607860443,Batch_2_vs_Batch_3,within,0.957579185520362,45629944e398,0f6b661,e718e5866dea,"stated by Polaron, not image-verified"
features,F08_c0_local_thickness_median_px,,|z|,False,0.6744907594765952,0.6744907594765952,0.6744907594765952,0.6744907594765952,Batch_1_vs_Batch_3,within,1.0,45629944e398,0f6b661,e718e5866dea,"stated by Polaron, not image-verified"
features,F08_c0_local_thickness_median_px,,|z|,False,0.6744907594765952,0.6744907594765952,0.6744907594765952,0.6744907594765952,Batch_2_vs_Batch_3,within,1.0,45629944e398,0f6b661,e718e5866dea,"stated by Polaron, not image-verified"
features,F08_c0_local_thickness_median_px,,|z|,True,0.8941466608890141,1.5123657144915161,0.9943532433832482,1.6034027938444309,Batch_1_vs_Batch_3,within,0.2723673385438091,45629944e398,0f6b661,e718e5866dea,"stated by Polaron, not image-verified"
features,F08_c0_local_thickness_median_px,,|z|,True,0.8941466608890141,1.5123657144915161,0.9943532433832482,1.6034027938444309,Batch_2_vs_Batch_3,within,0.3407548334018922,45629944e398,0f6b661,e718e5866dea,"stated by Polaron, not image-verified"
features,F09_c0_chord_anisotropy_h_over_v,,|z|,False,0.9414967373781705,1.608998567199262,0.9414967373781705,1.608998567199262,Batch_1_vs_Batch_3,within,0.5289489921842863,45629944e398,0f6b661,e718e5866dea,"stated by Polaron, not image-verified"
features,F09_c0_chord_anisotropy_h_over_v,,|z|,False,0.9414967373781705,1.608998567199262,0.9414967373781705,1.608998567199262,Batch_2_vs_Batch_3,within,0.1327642945290004,45629944e398,0f6b661,e718e5866dea,"stated by Polaron, not image-verified"
features,F09_c0_chord_anisotropy_h_over_v,,|z|,True,0.9597852022829211,1.3250305913827456,0.9512215673027071,1.3249437481064426,Batch_1_vs_Batch_3,within,0.36620732208967505,45629944e398,0f6b661,e718e5866dea,"stated by Polaron, not image-verified"
features,F09_c0_chord_anisotropy_h_over_v,,|z|,True,0.9597852022829211,1.3250305913827456,0.9512215673027071,1.3249437481064426,Batch_2_vs_Batch_3,within,0.8405491567256274,45629944e398,0f6b661,e718e5866dea,"stated by Polaron, not image-verified"
features,F10_c0_fraction_iqr_512px,,|z|,False,1.51076353174854,1.6903997117065055,1.534911121819051,2.2225359812773404,Batch_1_vs_Batch_3,within,0.2181201151789387,45629944e398,0f6b661,e718e5866dea,"stated by Polaron, not image-verified"
features,F10_c0_fraction_iqr_512px,,|z|,False,1.51076353174854,1.6903997117065055,1.534911121819051,2.2225359812773404,Batch_2_vs_Batch_3,within,0.8830213903743316,45629944e398,0f6b661,e718e5866dea,"stated by Polaron, not image-verified"
features,F10_c0_fraction_iqr_512px,,|z|,True,1.067211957825039,1.296511537941207,1.0505909288715298,1.2963138995726309,Batch_1_vs_Batch_3,within,0.390117235705471,45629944e398,0f6b661,e718e5866dea,"stated by Polaron, not image-verified"
features,F10_c0_fraction_iqr_512px,,|z|,True,1.067211957825039,1.296511537941207,1.0505909288715298,1.2963138995726309,Batch_2_vs_Batch_3,within,0.4042575071986837,45629944e398,0f6b661,e718e5866dea,"stated by Polaron, not image-verified"
features,F11_c2_perimeter_fraction_adjacent_c0,,|z|,False,1.291293045289104,1.9409170127583262,1.291293045289104,1.9409170127583262,Batch_1_vs_Batch_3,within,0.7876388317564789,45629944e398,0f6b661,e718e5866dea,"stated by Polaron, not image-verified"
features,F11_c2_perimeter_fraction_adjacent_c0,,|z|,False,1.291293045289104,1.9409170127583262,1.291293045289104,1.9409170127583262,Batch_2_vs_Batch_3,within,0.29010695187165775,45629944e398,0f6b661,e718e5866dea,"stated by Polaron, not image-verified"
features,F11_c2_perimeter_fraction_adjacent_c0,,|z|,True,0.9222009187356709,1.110786004688809,0.9222009187356709,1.1301684502230342,Batch_1_vs_Batch_3,within,0.893048128342246,45629944e398,0f6b661,e718e5866dea,"stated by Polaron, not image-verified"
features,F11_c2_perimeter_fraction_adjacent_c0,,|z|,True,0.9222009187356709,1.110786004688809,0.9222009187356709,1.1301684502230342,Batch_2_vs_Batch_3,within,0.6155902920608803,45629944e398,0f6b661,e718e5866dea,"stated by Polaron, not image-verified"
features,,,rms_z,False,0.9591179678488772,1.3249867270120905,0.9759101030240133,1.3257182133710967,Batch_1_vs_Batch_3,within,0.5360448375154258,45629944e398,0f6b661,e718e5866dea,"stated by Polaron, not image-verified"
features,,,rms_z,False,0.9591179678488772,1.3249867270120905,0.9759101030240133,1.3257182133710967,Batch_2_vs_Batch_3,within,0.46308103661044836,45629944e398,0f6b661,e718e5866dea,"stated by Polaron, not image-verified"
features,,,rms_z,True,0.7897505582593014,0.8789347850905428,0.8024412870290496,0.8883379600952688,Batch_1_vs_Batch_3,within,0.995475113122172,45629944e398,0f6b661,e718e5866dea,"stated by Polaron, not image-verified"
features,,,rms_z,True,0.7897505582593014,0.8789347850905428,0.8024412870290496,0.8883379600952688,Batch_2_vs_Batch_3,within,0.9549568078979843,45629944e398,0f6b661,e718e5866dea,"stated by Polaron, not image-verified"
covariates,noise_sigma_BSE,,|z|,False,1.0793871585037134,1.107366408421523,1.0793871585037134,1.1071543679133045,Batch_1_vs_Batch_3,within,0.1620732208967503,45629944e398,0f6b661,e718e5866dea,"stated by Polaron, not image-verified"
covariates,noise_sigma_BSE,,|z|,False,1.0793871585037134,1.107366408421523,1.0793871585037134,1.1071543679133045,Batch_2_vs_Batch_3,within,0.43202385849444674,45629944e398,0f6b661,e718e5866dea,"stated by Polaron, not image-verified"
covariates,sharpness_BSE,,|z|,False,1.0256161331040317,1.0592554816962882,1.0285621176812774,1.0590928413243823,Batch_1_vs_Batch_3,within,0.14479638009049775,45629944e398,0f6b661,e718e5866dea,"stated by Polaron, not image-verified"
covariates,sharpness_BSE,,|z|,False,1.0256161331040317,1.0592554816962882,1.0285621176812774,1.0590928413243823,Batch_2_vs_Batch_3,within,0.3212669683257919,45629944e398,0f6b661,e718e5866dea,"stated by Polaron, not image-verified"
covariates,curtaining_score_BSE,,|z|,False,1.0562712120188653,1.2249607998389018,1.0663198676586314,1.2563836088850282,Batch_1_vs_Batch_3,within,0.43202385849444674,45629944e398,0f6b661,e718e5866dea,"stated by Polaron, not image-verified"
covariates,curtaining_score_BSE,,|z|,False,1.0562712120188653,1.2249607998389018,1.0663198676586314,1.2563836088850282,Batch_2_vs_Batch_3,within,0.49861168243521187,45629944e398,0f6b661,e718e5866dea,"stated by Polaron, not image-verified"
covariates,hstripe_score_BSE,,|z|,False,1.1956025011964129,1.4145101770964235,1.1956025011964129,1.4145101770964235,Batch_1_vs_Batch_3,within,0.08417317976141506,45629944e398,0f6b661,e718e5866dea,"stated by Polaron, not image-verified"
covariates,hstripe_score_BSE,,|z|,False,1.1956025011964129,1.4145101770964235,1.1956025011964129,1.4145101770964235,Batch_2_vs_Batch_3,within,0.40528589058000825,45629944e398,0f6b661,e718e5866dea,"stated by Polaron, not image-verified"
covariates,edge_charging_BSE,,|z|,False,0.9743635632107146,1.1470147387329208,0.9468109166587666,1.1470147387329208,Batch_1_vs_Batch_3,within,0.09008638420403127,45629944e398,0f6b661,e718e5866dea,"stated by Polaron, not image-verified"
covariates,edge_charging_BSE,,|z|,False,0.9743635632107146,1.1470147387329208,0.9468109166587666,1.1470147387329208,Batch_2_vs_Batch_3,within,0.2605409296585767,45629944e398,0f6b661,e718e5866dea,"stated by Polaron, not image-verified"
covariates,edge_charging_Inlens,,|z|,False,1.090675824733538,1.3563768963788434,1.169326573452951,1.3057717430991063,Batch_1_vs_Batch_3,within,0.998200329082682,45629944e398,0f6b661,e718e5866dea,"stated by Polaron, not image-verified"
covariates,edge_charging_Inlens,,|z|,False,1.090675824733538,1.3563768963788434,1.169326573452951,1.3057717430991063,Batch_2_vs_Batch_3,within,0.067461949814891,45629944e398,0f6b661,e718e5866dea,"stated by Polaron, not image-verified"
covariates,height,,|z|,False,2.3703532404463115,3.952034071418935,3.8542329112948295,3.9987666454683857,Batch_1_vs_Batch_3,within,0.07003290826820238,45629944e398,0f6b661,e718e5866dea,"stated by Polaron, not image-verified"
covariates,height,,|z|,False,2.3703532404463115,3.952034071418935,3.8542329112948295,3.9987666454683857,Batch_2_vs_Batch_3,within,0.15055532702591526,45629944e398,0f6b661,e718e5866dea,"stated by Polaron, not image-verified"
covariates,nm_per_px_if_tag_true,,|z|,False,1.6248842697271944,1.9621296494654918,1.6248842697271944,1.9621296494654918,Batch_1_vs_Batch_3,within,0.3160736322501028,45629944e398,0f6b661,e718e5866dea,"stated by Polaron, not image-verified"
covariates,nm_per_px_if_tag_true,,|z|,False,1.6248842697271944,1.9621296494654918,1.6248842697271944,1.9621296494654918,Batch_2_vs_Batch_3,outside,0.0,45629944e398,0f6b661,e718e5866dea,"stated by Polaron, not image-verified"
covariates,,,rms_z,False,1.103674719641608,1.536275612244133,1.4435248134813414,1.5586776918996492,Batch_1_vs_Batch_3,within,0.07224393253805018,45629944e398,0f6b661,e718e5866dea,"stated by Polaron, not image-verified"
covariates,,,rms_z,False,1.103674719641608,1.536275612244133,1.4435248134813414,1.5586776918996492,Batch_2_vs_Batch_3,within,0.08031674208144797,45629944e398,0f6b661,e718e5866dea,"stated by Polaron, not image-verified"
emb_BSE,,BSE,energy,False,0.0217172855107526,0.037503303609775156,0.024429004553209153,0.040477948519380115,Batch_1_vs_Batch_3,outside,0.0,45629944e398,0f6b661,e718e5866dea,"stated by Polaron, not image-verified"
emb_BSE,,BSE,energy,False,0.0217172855107526,0.037503303609775156,0.024429004553209153,0.040477948519380115,Batch_2_vs_Batch_3,between,0.010335252982311806,45629944e398,0f6b661,e718e5866dea,"stated by Polaron, not image-verified"
emb_BSE,,BSE,mmd2,False,0.061115938749818924,0.10500282265137091,0.07000799643827646,0.11580729307747695,Batch_1_vs_Batch_3,outside,5.141916906622789e-05,45629944e398,0f6b661,e718e5866dea,"stated by Polaron, not image-verified"
emb_BSE,,BSE,mmd2,False,0.061115938749818924,0.10500282265137091,0.07000799643827646,0.11580729307747695,Batch_2_vs_Batch_3,outside,0.009718222953517071,45629944e398,0f6b661,e718e5866dea,"stated by Polaron, not image-verified"
emb_BSE,,BSE,energy,True,0.025937129130156056,0.040651647417897833,0.02602691144857864,0.04794637760934721,Batch_1_vs_Batch_3,within,0.3589058000822707,45629944e398,0f6b661,e718e5866dea,"stated by Polaron, not image-verified"
emb_BSE,,BSE,energy,True,0.025937129130156056,0.040651647417897833,0.02602691144857864,0.04794637760934721,Batch_2_vs_Batch_3,within,0.887392019744961,45629944e398,0f6b661,e718e5866dea,"stated by Polaron, not image-verified"
emb_BSE,,BSE,mmd2,True,0.09560718272976879,0.15058522409341335,0.0967785833589466,0.17722011552630468,Batch_1_vs_Batch_3,within,0.34985602632661456,45629944e398,0f6b661,e718e5866dea,"stated by Polaron, not image-verified"
emb_BSE,,BSE,mmd2,True,0.09560718272976879,0.15058522409341335,0.0967785833589466,0.17722011552630468,Batch_2_vs_Batch_3,within,0.8836384204031262,45629944e398,0f6b661,e718e5866dea,"stated by Polaron, not image-verified"
emb_Inlens,,Inlens,energy,False,0.0556423001297141,0.1039117215780564,0.060886741221848964,0.11314232044825064,Batch_1_vs_Batch_3,between,0.0374331550802139,45629944e398,0f6b661,e718e5866dea,"stated by Polaron, not image-verified"
emb_Inlens,,Inlens,energy,False,0.0556423001297141,0.1039117215780564,0.060886741221848964,0.11314232044825064,Batch_2_vs_Batch_3,between,0.027457836281365694,45629944e398,0f6b661,e718e5866dea,"stated by Polaron, not image-verified"
emb_Inlens,,Inlens,mmd2,False,0.10844441463523125,0.19832186505788102,0.11819568799078024,0.21911332101601352,Batch_1_vs_Batch_3,between,0.037587412587412584,45629944e398,0f6b661,e718e5866dea,"stated by Polaron, not image-verified"
emb_Inlens,,Inlens,mmd2,False,0.10844441463523125,0.19832186505788102,0.11819568799078024,0.21911332101601352,Batch_2_vs_Batch_3,between,0.025915261209378856,45629944e398,0f6b661,e718e5866dea,"stated by Polaron, not image-verified"
emb_Inlens,,Inlens,energy,True,0.03507968889137767,0.07911745385880259,0.039110899040876355,0.07282391467219468,Batch_1_vs_Batch_3,within,0.43629164952694366,45629944e398,0f6b661,e718e5866dea,"stated by Polaron, not image-verified"
emb_Inlens,,Inlens,energy,True,0.03507968889137767,0.07911745385880259,0.039110899040876355,0.07282391467219468,Batch_2_vs_Batch_3,within,0.6531262854792267,45629944e398,0f6b661,e718e5866dea,"stated by Polaron, not image-verified"
emb_Inlens,,Inlens,mmd2,True,0.10329718844684803,0.23595810922991745,0.11447230673375723,0.2125564129840566,Batch_1_vs_Batch_3,within,0.431869600987248,45629944e398,0f6b661,e718e5866dea,"stated by Polaron, not image-verified"
emb_Inlens,,Inlens,mmd2,True,0.10329718844684803,0.23595810922991745,0.11447230673375723,0.2125564129840566,Batch_2_vs_Batch_3,within,0.640785684903332,45629944e398,0f6b661,e718e5866dea,"stated by Polaron, not image-verified"
emb_ETD,,ETD,energy,False,0.02067154435825294,0.03903081650532553,0.023532837826639626,0.04402037666647962,Batch_1_vs_Batch_3,outside,0.0,45629944e398,0f6b661,e718e5866dea,"stated by Polaron, not image-verified"
emb_ETD,,ETD,energy,False,0.02067154435825294,0.03903081650532553,0.023532837826639626,0.04402037666647962,Batch_2_vs_Batch_3,outside,0.0,45629944e398,0f6b661,e718e5866dea,"stated by Polaron, not image-verified"
emb_ETD,,ETD,mmd2,False,0.04888058625655935,0.08971614039175817,0.05301712223347757,0.09930874516957741,Batch_1_vs_Batch_3,outside,0.0,45629944e398,0f6b661,e718e5866dea,"stated by Polaron, not image-verified"
emb_ETD,,ETD,mmd2,False,0.04888058625655935,0.08971614039175817,0.05301712223347757,0.09930874516957741,Batch_2_vs_Batch_3,outside,0.0,45629944e398,0f6b661,e718e5866dea,"stated by Polaron, not image-verified"
emb_ETD,,ETD,energy,True,0.022459934772160645,0.03627036942111039,0.02248669280492049,0.0358876893665602,Batch_1_vs_Batch_3,within,0.5110722610722611,45629944e398,0f6b661,e718e5866dea,"stated by Polaron, not image-verified"
emb_ETD,,ETD,energy,True,0.022459934772160645,0.03627036942111039,0.02248669280492049,0.0358876893665602,Batch_2_vs_Batch_3,within,0.9020979020979021,45629944e398,0f6b661,e718e5866dea,"stated by Polaron, not image-verified"
emb_ETD,,ETD,mmd2,True,0.07640877467250085,0.11991295174595962,0.07504527644870365,0.11944724390857986,Batch_1_vs_Batch_3,within,0.5192307692307693,45629944e398,0f6b661,e718e5866dea,"stated by Polaron, not image-verified"
emb_ETD,,ETD,mmd2,True,0.07640877467250085,0.11991295174595962,0.07504527644870365,0.11944724390857986,Batch_2_vs_Batch_3,within,0.6130536130536131,45629944e398,0f6b661,e718e5866dea,"stated by Polaron, not image-verified"
