table,feature,family,sample_id,value,median_other16,scale_other16,robust_z,outlier,config_hash,git_sha,stats_config_hash,phase_identity
kpi,frac_c0,phase_fraction,0grcilhi,0.13261007651304588,0.10193059383294521,0.010175606535031237,3.0150028476908366,False,45629944e398,0f6b661,e718e5866dea,"stated by Polaron, not image-verified"
kpi,frac_c0,phase_fraction,71vgq3fw,0.08812674497946715,0.10313902451441839,0.009881049444125243,-1.519300112790829,False,45629944e398,0f6b661,e718e5866dea,"stated by Polaron, not image-verified"
kpi,frac_c0,phase_fraction,9luzk4jm,0.12953967314500076,0.10193059383294521,0.010175606535031237,2.713261289831387,False,45629944e398,0f6b661,e718e5866dea,"stated by Polaron, not image-verified"
kpi,frac_c0,phase_fraction,cfe5vt7s,0.10989154302156888,0.10193059383294521,0.011940542701574467,0.6667158593699385,False,45629944e398,0f6b661,e718e5866dea,"stated by Polaron, not image-verified"
kpi,frac_c0,phase_fraction,hawkfj64,0.10016103891225961,0.10313902451441839,0.01221327017453999,-0.24383195979458047,False,45629944e398,0f6b661,e718e5866dea,"stated by Polaron, not image-verified"
kpi,frac_c0,phase_fraction,hzumfsms,0.1392694619985727,0.10193059383294521,0.010175606535031237,3.6694488959534906,True,45629944e398,0f6b661,e718e5866dea,"stated by Polaron, not image-verified"
kpi,frac_c0,phase_fraction,kbdh4tri,0.08652491447253105,0.10313902451441839,0.009881049444125243,-1.6814114872955348,False,45629944e398,0f6b661,e718e5866dea,"stated by Polaron, not image-verified"
kpi,frac_c0,phase_fraction,mgxahqnk,0.101928955469376,0.10313902451441839,0.01221327017453999,-0.09907821801608278,False,45629944e398,0f6b661,e718e5866dea,"stated by Polaron, not image-verified"
kpi,frac_c0,phase_fraction,pl8uabbv,0.09792151817908654,0.10313902451441839,0.01221327017453999,-0.42719978030195116,False,45629944e398,0f6b661,e718e5866dea,"stated by Polaron, not image-verified"
kpi,frac_c0,phase_fraction,ptg8lmto,0.08371120844131862,0.10313902451441839,0.009881049444125243,-1.9661693004330167,False,45629944e398,0f6b661,e718e5866dea,"stated by Polaron, not image-verified"
kpi,frac_c0,phase_fraction,tuy3zymq,0.09656218993358123,0.10313902451441839,0.01221327017453999,-0.5384990659215376,False,45629944e398,0f6b661,e718e5866dea,"stated by Polaron, not image-verified"
kpi,frac_c0,phase_fraction,ufdvpb81,0.11286198175870456,0.10193059383294521,0.010175606535031237,1.074273841871362,False,45629944e398,0f6b661,e718e5866dea,"stated by Polaron, not image-verified"
kpi,frac_c0,phase_fraction,utfgcjfa,0.10669306608346793,0.10193059383294521,0.013567839433596678,0.35101183750228393,False,45629944e398,0f6b661,e718e5866dea,"stated by Polaron, not image-verified"
kpi,frac_c0,phase_fraction,vc2whyaq,0.10434581683232234,0.10193059383294521,0.013567839433596678,0.17801087720691602,False,45629944e398,0f6b661,e718e5866dea,"stated by Polaron, not image-verified"
kpi,frac_c0,phase_fraction,x77cy643,0.107696349804218,0.10193059383294521,0.013567839433596678,0.42495756229216713,False,45629944e398,0f6b661,e718e5866dea,"stated by Polaron, not image-verified"
kpi,frac_c0,phase_fraction,x7u69zsw,0.10193223219651443,0.10313738615084916,0.012215699212367728,-0.09865615822584958,False,45629944e398,0f6b661,e718e5866dea,"stated by Polaron, not image-verified"
kpi,frac_c0,phase_fraction,xgj4xftb,0.09158877837352264,0.10313902451441839,0.009881049444125243,-1.1689290906000807,False,45629944e398,0f6b661,e718e5866dea,"stated by Polaron, not image-verified"
kpi,frac_c1,phase_fraction,0grcilhi,0.7513366356874124,0.8041911797645764,0.019531725496512123,-2.706086775927839,False,45629944e398,0f6b661,e718e5866dea,"stated by Polaron, not image-verified"
kpi,frac_c1,phase_fraction,71vgq3fw,0.8144543965657552,0.7982740096556835,0.021040035629272404,0.7690284938282338,False,45629944e398,0f6b661,e718e5866dea,"stated by Polaron, not image-verified"
kpi,frac_c1,phase_fraction,9luzk4jm,0.8038628284747784,0.7986023609454815,0.02242388023229746,0.23459220593410693,False,45629944e398,0f6b661,e718e5866dea,"stated by Polaron, not image-verified"
kpi,frac_c1,phase_fraction,cfe5vt7s,0.8119309131915753,0.7982740096556835,0.02291069385455201,0.5960929696233689,False,45629944e398,0f6b661,e718e5866dea,"stated by Polaron, not image-verified"
kpi,frac_c1,phase_fraction,hawkfj64,0.8117710260244516,0.7982740096556835,0.02291069385455201,0.589114256183317,False,45629944e398,0f6b661,e718e5866dea,"stated by Polaron, not image-verified"
kpi,frac_c1,phase_fraction,hzumfsms,0.766258955001831,0.8041911797645764,0.019531725496512123,-1.9420826270325746,False,45629944e398,0f6b661,e718e5866dea,"stated by Polaron, not image-verified"
kpi,frac_c1,phase_fraction,kbdh4tri,0.8045195310543745,0.7982740096556835,0.02291069385455201,0.27260289183472525,False,45629944e398,0f6b661,e718e5866dea,"stated by Polaron, not image-verified"
kpi,frac_c1,phase_fraction,mgxahqnk,0.7926851908365885,0.8041911797645764,0.02184262416912955,-0.5267677014856799,False,45629944e398,0f6b661,e718e5866dea,"stated by Polaron, not image-verified"
kpi,frac_c1,phase_fraction,pl8uabbv,0.84259033203125,0.7982740096556835,0.021040035629272404,2.1062855194936287,False,45629944e398,0f6b661,e718e5866dea,"stated by Polaron, not image-verified"
kpi,frac_c1,phase_fraction,ptg8lmto,0.8406540063711313,0.7982740096556835,0.021040035629272404,2.0142549880707286,False,45629944e398,0f6b661,e718e5866dea,"stated by Polaron, not image-verified"
kpi,frac_c1,phase_fraction,tuy3zymq,0.7771938275068234,0.8041911797645764,0.019531725496512123,-1.3822307846060025,False,45629944e398,0f6b661,e718e5866dea,"stated by Polaron, not image-verified"
kpi,frac_c1,phase_fraction,ufdvpb81,0.7731781189258282,0.8041911797645764,0.019531725496512123,-1.5878300585519889,False,45629944e398,0f6b661,e718e5866dea,"stated by Polaron, not image-verified"
kpi,frac_c1,phase_fraction,utfgcjfa,0.7915269594926101,0.8041911797645764,0.02184262416912955,-0.5797939008566948,False,45629944e398,0f6b661,e718e5866dea,"stated by Polaron, not image-verified"
kpi,frac_c1,phase_fraction,vc2whyaq,0.8274745207566482,0.7982740096556835,0.021040035629272404,1.387854641288669,False,45629944e398,0f6b661,e718e5866dea,"stated by Polaron, not image-verified"
kpi,frac_c1,phase_fraction,x77cy643,0.8129997253417969,0.7982740096556835,0.022118383407592746,0.6657681718754523,False,45629944e398,0f6b661,e718e5866dea,"stated by Polaron, not image-verified"
kpi,frac_c1,phase_fraction,x7u69zsw,0.7905074633084811,0.8041911797645764,0.021086871647834723,-0.6489211242247227,False,45629944e398,0f6b661,e718e5866dea,"stated by Polaron, not image-verified"
kpi,frac_c1,phase_fraction,xgj4xftb,0.7884095998910757,0.8041911797645764,0.019531725496512123,-0.8079972184904453,False,45629944e398,0f6b661,e718e5866dea,"stated by Polaron, not image-verified"
kpi,frac_c2,phase_fraction,0grcilhi,0.11605328779954177,0.09594522072718693,0.02550737154667193,0.7883237610571613,False,45629944e398,0f6b661,e718e5866dea,"stated by Polaron, not image-verified"
kpi,frac_c2,phase_fraction,71vgq3fw,0.09741885845477764,0.09812577871175912,0.027242302751541138,-0.025949357637965683,False,45629944e398,0f6b661,e718e5866dea,"stated by Polaron, not image-verified"
kpi,frac_c2,phase_fraction,9luzk4jm,0.06659749838022086,0.09959941643934983,0.02284268079537613,-1.4447480291284067,False,45629944e398,0f6b661,e718e5866dea,"stated by Polaron, not image-verified"
kpi,frac_c2,phase_fraction,cfe5vt7s,0.07817754378685585,0.09959941643934983,0.02284268079537613,-0.9378002890462074,False,45629944e398,0f6b661,e718e5866dea,"stated by Polaron, not image-verified"
kpi,frac_c2,phase_fraction,hawkfj64,0.08806793506328876,0.09959941643934983,0.027242302751541138,-0.4232931951910238,False,45629944e398,0f6b661,e718e5866dea,"stated by Polaron, not image-verified"
kpi,frac_c2,phase_fraction,hzumfsms,0.09447158299959622,0.09959941643934983,0.027242302751541138,-0.1882305430095669,False,45629944e398,0f6b661,e718e5866dea,"stated by Polaron, not image-verified"
kpi,frac_c2,phase_fraction,kbdh4tri,0.10895555447309445,0.09594522072718693,0.026525460153359635,0.49048475203396863,False,45629944e398,0f6b661,e718e5866dea,"stated by Polaron, not image-verified"
kpi,frac_c2,phase_fraction,mgxahqnk,0.10538585369403546,0.09594522072718693,0.026525460153359635,0.35590835794238995,False,45629944e398,0f6b661,e718e5866dea,"stated by Polaron, not image-verified"
kpi,frac_c2,phase_fraction,pl8uabbv,0.059488149789663464,0.09959941643934983,0.02284268079537613,-1.755978950500669,False,45629944e398,0f6b661,e718e5866dea,"stated by Polaron, not image-verified"
kpi,frac_c2,phase_fraction,ptg8lmto,0.07563478518755008,0.09959941643934983,0.02284268079537613,-1.0491164091672955,False,45629944e398,0f6b661,e718e5866dea,"stated by Polaron, not image-verified"
kpi,frac_c2,phase_fraction,tuy3zymq,0.12624398255959535,0.09594522072718693,0.02550737154667193,1.1878433564575428,False,45629944e398,0f6b661,e718e5866dea,"stated by Polaron, not image-verified"
kpi,frac_c2,phase_fraction,ufdvpb81,0.11395989931546725,0.09594522072718693,0.02550737154667193,0.7062538198151107,False,45629944e398,0f6b661,e718e5866dea,"stated by Polaron, not image-verified"
kpi,frac_c2,phase_fraction,utfgcjfa,0.10177997442392203,0.09594522072718693,0.026525460153359635,0.21996804816960305,False,45629944e398,0f6b661,e718e5866dea,"stated by Polaron, not image-verified"
kpi,frac_c2,phase_fraction,vc2whyaq,0.06817966241102952,0.09959941643934983,0.02284268079537613,-1.3754845287108497,False,45629944e398,0f6b661,e718e5866dea,"stated by Polaron, not image-verified"
kpi,frac_c2,phase_fraction,x77cy643,0.07930392485398513,0.09959941643934983,0.02284268079537613,-0.8884899179378701,False,45629944e398,0f6b661,e718e5866dea,"stated by Polaron, not image-verified"
kpi,frac_c2,phase_fraction,x7u69zsw,0.1075603044950045,0.09594522072718693,0.026525460153359635,0.4378843458572929,False,45629944e398,0f6b661,e718e5866dea,"stated by Polaron, not image-verified"
kpi,frac_c2,phase_fraction,xgj4xftb,0.12000162173540165,0.09594522072718693,0.02550737154667193,0.9431156387163485,False,45629944e398,0f6b661,e718e5866dea,"stated by Polaron, not image-verified"
kpi,c2_count_density_per_Mpx,silicon_particle,0grcilhi,186.89571282802484,136.4854665902945,80.53891842181869,0.6259116365793382,False,45629944e398,0f6b661,e718e5866dea,"stated by Polaron, not image-verified"
kpi,c2_count_density_per_Mpx,silicon_particle,71vgq3fw,151.90320137219553,136.4854665902945,80.53891842181869,0.19143210616700104,False,45629944e398,0f6b661,e718e5866dea,"stated by Polaron, not image-verified"
kpi,c2_count_density_per_Mpx,silicon_particle,9luzk4jm,83.66658137394832,140.28488061366937,82.59634971618652,-0.6854818576640498,False,45629944e398,0f6b661,e718e5866dea,"stated by Polaron, not image-verified"
kpi,c2_count_density_per_Mpx,silicon_particle,cfe5vt7s,67.56415733924278,140.28488061366937,82.05253527714656,-0.886270278289389,False,45629944e398,0f6b661,e718e5866dea,"stated by Polaron, not image-verified"
kpi,c2_count_density_per_Mpx,silicon_particle,hawkfj64,147.42826804136618,136.4854665902945,80.53891842181869,0.13586973435326377,False,45629944e398,0f6b661,e718e5866dea,"stated by Polaron, not image-verified"
kpi,c2_count_density_per_Mpx,silicon_particle,hzumfsms,82.93298574594351,140.28488061366937,82.05253527714656,-0.6989655429172293,False,45629944e398,0f6b661,e718e5866dea,"stated by Polaron, not image-verified"
kpi,c2_count_density_per_Mpx,silicon_particle,kbdh4tri,204.03739733573718,136.4854665902945,78.8530936607948,0.8566807922087784,False,45629944e398,0f6b661,e718e5866dea,"stated by Polaron, not image-verified"
kpi,c2_count_density_per_Mpx,silicon_particle,mgxahqnk,135.39729974208734,140.28488061366937,84.48610489185039,-0.057850706667546846,False,45629944e398,0f6b661,e718e5866dea,"stated by Polaron, not image-verified"
kpi,c2_count_density_per_Mpx,silicon_particle,pl8uabbv,73.04778465857872,140.28488061366937,82.05253527714656,-0.819439591086196,False,45629944e398,0f6b661,e718e5866dea,"stated by Polaron, not image-verified"
kpi,c2_count_density_per_Mpx,silicon_particle,ptg8lmto,137.57363343850162,139.19671376546222,82.87278872269847,-0.01958520223558074,False,45629944e398,0f6b661,e718e5866dea,"stated by Polaron, not image-verified"
kpi,c2_count_density_per_Mpx,silicon_particle,tuy3zymq,218.68485670823318,136.4854665902945,78.8530936607948,1.0424370979221027,False,45629944e398,0f6b661,e718e5866dea,"stated by Polaron, not image-verified"
kpi,c2_count_density_per_Mpx,silicon_particle,ufdvpb81,81.39243492713341,140.28488061366937,82.05253527714656,-0.7177407192552502,False,45629944e398,0f6b661,e718e5866dea,"stated by Polaron, not image-verified"
kpi,c2_count_density_per_Mpx,silicon_particle,utfgcjfa,142.99612778883713,136.4854665902945,80.53891842181869,0.08083869669621539,False,45629944e398,0f6b661,e718e5866dea,"stated by Polaron, not image-verified"
kpi,c2_count_density_per_Mpx,silicon_particle,vc2whyaq,67.06898029033954,140.28488061366937,82.05253527714656,-0.8923051563980385,False,45629944e398,0f6b661,e718e5866dea,"stated by Polaron, not image-verified"
kpi,c2_count_density_per_Mpx,silicon_particle,x77cy643,64.51973548302284,140.28488061366937,82.05253527714656,-0.9233736029573822,False,45629944e398,0f6b661,e718e5866dea,"stated by Polaron, not image-verified"
kpi,c2_count_density_per_Mpx,silicon_particle,x7u69zsw,178.1903780423678,136.4854665902945,80.53891842181869,0.5178230881329428,False,45629944e398,0f6b661,e718e5866dea,"stated by Polaron, not image-verified"
kpi,c2_count_density_per_Mpx,silicon_particle,xgj4xftb,194.35393504607373,136.4854665902945,78.8530936607948,0.7338769573799364,False,45629944e398,0f6b661,e718e5866dea,"stated by Polaron, not image-verified"
kpi,c2_eqdiam_median_px,silicon_particle,0grcilhi,8.123231100436316,8.271717603413656,0.259365868091907,-0.5724982399176877,False,45629944e398,0f6b661,e718e5866dea,"stated by Polaron, not image-verified"
kpi,c2_eqdiam_median_px,silicon_particle,71vgq3fw,8.205114817758508,8.271717603413656,0.2771668952992199,-0.24029848724626932,False,45629944e398,0f6b661,e718e5866dea,"stated by Polaron, not image-verified"
kpi,c2_eqdiam_median_px,silicon_particle,9luzk4jm,7.93946710583981,8.271717603413656,0.2023450621068912,-1.6419995334421853,False,45629944e398,0f6b661,e718e5866dea,"stated by Polaron, not image-verified"
kpi,c2_eqdiam_median_px,silicon_particle,cfe5vt7s,8.867984678943106,8.259554003424718,0.18675898965068852,3.257838761370409,False,45629944e398,0f6b661,e718e5866dea,"stated by Polaron, not image-verified"
kpi,c2_eqdiam_median_px,silicon_particle,hawkfj64,8.259573417047646,8.27169818979073,0.2771668952992199,-0.04374538571785161,False,45629944e398,0f6b661,e718e5866dea,"stated by Polaron, not image-verified"
kpi,c2_eqdiam_median_px,silicon_particle,hzumfsms,7.974278807656891,8.271717603413656,0.2023450621068912,-1.469958261692788,False,45629944e398,0f6b661,e718e5866dea,"stated by Polaron, not image-verified"
kpi,c2_eqdiam_median_px,silicon_particle,kbdh4tri,8.375165525973465,8.259554003424718,0.2771668952992199,0.41711879921278694,False,45629944e398,0f6b661,e718e5866dea,"stated by Polaron, not image-verified"
kpi,c2_eqdiam_median_px,silicon_particle,mgxahqnk,8.17370021603334,8.271717603413656,0.2771668952992199,-0.35364031218266073,False,45629944e398,0f6b661,e718e5866dea,"stated by Polaron, not image-verified"
kpi,c2_eqdiam_median_px,silicon_particle,pl8uabbv,8.283861789779667,8.259554003424718,0.2771668952992199,0.08770090067469133,False,45629944e398,0f6b661,e718e5866dea,"stated by Polaron, not image-verified"
kpi,c2_eqdiam_median_px,silicon_particle,ptg8lmto,8.259534589801792,8.271717603413656,0.2771668952992199,-0.043955514956833315,False,45629944e398,0f6b661,e718e5866dea,"stated by Polaron, not image-verified"
kpi,c2_eqdiam_median_px,silicon_particle,tuy3zymq,8.557837834390234,8.259554003424718,0.18675898965068852,1.5971591596389685,False,45629944e398,0f6b661,e718e5866dea,"stated by Polaron, not image-verified"
kpi,c2_eqdiam_median_px,silicon_particle,ufdvpb81,9.515520081396911,8.259554003424718,0.18675898965068852,6.725063571618882,True,45629944e398,0f6b661,e718e5866dea,"stated by Polaron, not image-verified"
kpi,c2_eqdiam_median_px,silicon_particle,utfgcjfa,8.681449928241603,8.259554003424718,0.18675898965068852,2.25903944761103,False,45629944e398,0f6b661,e718e5866dea,"stated by Polaron, not image-verified"
kpi,c2_eqdiam_median_px,silicon_particle,vc2whyaq,10.281224629916588,8.259554003424718,0.18675898965068852,10.825024435360117,True,45629944e398,0f6b661,e718e5866dea,"stated by Polaron, not image-verified"
kpi,c2_eqdiam_median_px,silicon_particle,x77cy643,8.497124119860597,8.259554003424718,0.18675898965068852,1.272067903559702,False,45629944e398,0f6b661,e718e5866dea,"stated by Polaron, not image-verified"
kpi,c2_eqdiam_median_px,silicon_particle,x7u69zsw,8.147244357157364,8.271717603413656,0.2771668952992199,-0.449091317784957,False,45629944e398,0f6b661,e718e5866dea,"stated by Polaron, not image-verified"
kpi,c2_eqdiam_median_px,silicon_particle,xgj4xftb,8.160588603805234,8.271717603413656,0.2771668952992199,-0.400946150110931,False,45629944e398,0f6b661,e718e5866dea,"stated by Polaron, not image-verified"
kpi,c2_eqdiam_p90_px,silicon_particle,0grcilhi,29.379550412073332,42.02187996515255,18.31065363828987,-0.6904357322691377,False,45629944e398,0f6b661,e718e5866dea,"stated by Polaron, not image-verified"
kpi,c2_eqdiam_p90_px,silicon_particle,71vgq3fw,27.836371917804343,42.02187996515255,17.298665150023417,-0.8200348364641884,False,45629944e398,0f6b661,e718e5866dea,"stated by Polaron, not image-verified"
kpi,c2_eqdiam_p90_px,silicon_particle,9luzk4jm,42.25558415729999,41.378845448434646,18.802143309175737,0.04662972164654677,False,45629944e398,0f6b661,e718e5866dea,"stated by Polaron, not image-verified"
kpi,c2_eqdiam_p90_px,silicon_particle,cfe5vt7s,57.72803558851077,41.378845448434646,17.146603182361822,0.9534944015555238,False,45629944e398,0f6b661,e718e5866dea,"stated by Polaron, not image-verified"
kpi,c2_eqdiam_p90_px,silicon_particle,hawkfj64,42.712912642433004,41.378845448434646,18.802143309175737,0.07095293191108232,False,45629944e398,0f6b661,e718e5866dea,"stated by Polaron, not image-verified"
kpi,c2_eqdiam_p90_px,silicon_particle,hzumfsms,52.510001217903394,41.378845448434646,18.802143309175737,0.5920152605174843,False,45629944e398,0f6b661,e718e5866dea,"stated by Polaron, not image-verified"
kpi,c2_eqdiam_p90_px,silicon_particle,kbdh4tri,28.01439664400851,42.02187996515255,17.298665150023417,-0.8097435958013834,False,45629944e398,0f6b661,e718e5866dea,"stated by Polaron, not image-verified"
kpi,c2_eqdiam_p90_px,silicon_particle,mgxahqnk,47.88626985005769,41.378845448434646,18.802143309175737,0.346100138405355,False,45629944e398,0f6b661,e718e5866dea,"stated by Polaron, not image-verified"
kpi,c2_eqdiam_p90_px,silicon_particle,pl8uabbv,40.96951512386417,42.02187996515255,19.7555062836617,-0.053269444284437924,False,45629944e398,0f6b661,e718e5866dea,"stated by Polaron, not image-verified"
kpi,c2_eqdiam_p90_px,silicon_particle,ptg8lmto,31.328629928290557,42.02187996515255,19.7555062836617,-0.5412794733438737,False,45629944e398,0f6b661,e718e5866dea,"stated by Polaron, not image-verified"
kpi,c2_eqdiam_p90_px,silicon_particle,tuy3zymq,32.300327908064425,42.02187996515255,19.7555062836617,-0.4920932887013933,False,45629944e398,0f6b661,e718e5866dea,"stated by Polaron, not image-verified"
kpi,c2_eqdiam_p90_px,silicon_particle,ufdvpb81,76.70750923134278,41.378845448434646,17.146603182361822,2.060388486697449,False,45629944e398,0f6b661,e718e5866dea,"stated by Polaron, not image-verified"
kpi,c2_eqdiam_p90_px,silicon_particle,utfgcjfa,41.788175773005115,41.61254964058208,19.148633144453523,0.009171732055136505,False,45629944e398,0f6b661,e718e5866dea,"stated by Polaron, not image-verified"
kpi,c2_eqdiam_p90_px,silicon_particle,vc2whyaq,68.2452405248059,41.378845448434646,17.146603182361822,1.5668639899480425,False,45629944e398,0f6b661,e718e5866dea,"stated by Polaron, not image-verified"
kpi,c2_eqdiam_p90_px,silicon_particle,x77cy643,61.46595692056478,41.378845448434646,17.146603182361822,1.171492175942645,False,45629944e398,0f6b661,e718e5866dea,"stated by Polaron, not image-verified"
kpi,c2_eqdiam_p90_px,silicon_particle,x7u69zsw,25.976257910699022,42.02187996515255,17.298665150023417,-0.9275641741890013,False,45629944e398,0f6b661,e718e5866dea,"stated by Polaron, not image-verified"
kpi,c2_eqdiam_p90_px,silicon_particle,xgj4xftb,24.759682059734,42.02187996515255,17.298665150023417,-0.9978919041273645,False,45629944e398,0f6b661,e718e5866dea,"stated by Polaron, not image-verified"
kpi,c2_tpc_length_px,silicon_particle,0grcilhi,42.107161266272044,55.38106913581093,5.457905479130607,-2.4320516213214627,False,45629944e398,0f6b661,e718e5866dea,"stated by Polaron, not image-verified"
kpi,c2_tpc_length_px,silicon_particle,71vgq3fw,54.73892491964117,55.38106913581093,6.948613442492447,-0.09241328813067863,False,45629944e398,0f6b661,e718e5866dea,"stated by Polaron, not image-verified"
kpi,c2_tpc_length_px,silicon_particle,9luzk4jm,57.8266157199329,54.94665559097182,6.948613442492447,0.4144654401624114,False,45629944e398,0f6b661,e718e5866dea,"stated by Polaron, not image-verified"
kpi,c2_tpc_length_px,silicon_particle,cfe5vt7s,64.25861073882629,54.94665559097182,5.457905479130607,1.7061407866919995,False,45629944e398,0f6b661,e718e5866dea,"stated by Polaron, not image-verified"
kpi,c2_tpc_length_px,silicon_particle,hawkfj64,45.2188012247476,55.38106913581093,5.457905479130607,-1.8619354897076899,False,45629944e398,0f6b661,e718e5866dea,"stated by Polaron, not image-verified"
kpi,c2_tpc_length_px,silicon_particle,hzumfsms,60.547497597524675,54.94665559097182,5.457905479130607,1.0261888975484812,False,45629944e398,0f6b661,e718e5866dea,"stated by Polaron, not image-verified"
kpi,c2_tpc_length_px,silicon_particle,kbdh4tri,39.089096959680866,55.38106913581093,5.457905479130607,-2.985022778138185,False,45629944e398,0f6b661,e718e5866dea,"stated by Polaron, not image-verified"
kpi,c2_tpc_length_px,silicon_particle,mgxahqnk,57.082500631127765,54.94665559097182,6.948613442492447,0.30737715629635326,False,45629944e398,0f6b661,e718e5866dea,"stated by Polaron, not image-verified"
kpi,c2_tpc_length_px,silicon_particle,pl8uabbv,55.6077520093194,54.94665559097182,6.948613442492447,0.09514076784079134,False,45629944e398,0f6b661,e718e5866dea,"stated by Polaron, not image-verified"
kpi,c2_tpc_length_px,silicon_particle,ptg8lmto,46.8339891915793,55.38106913581093,5.457905479130607,-1.5659999933881417,False,45629944e398,0f6b661,e718e5866dea,"stated by Polaron, not image-verified"
kpi,c2_tpc_length_px,silicon_particle,tuy3zymq,33.991678149979826,55.38106913581093,5.457905479130607,-3.918974241605634,True,45629944e398,0f6b661,e718e5866dea,"stated by Polaron, not image-verified"
kpi,c2_tpc_length_px,silicon_particle,ufdvpb81,55.154386262302474,55.17333846448028,6.948613442492447,-0.002727479710111686,False,45629944e398,0f6b661,e718e5866dea,"stated by Polaron, not image-verified"
kpi,c2_tpc_length_px,silicon_particle,utfgcjfa,51.173946481252656,55.38106913581093,6.169038873974954,-0.6819737629319657,False,45629944e398,0f6b661,e718e5866dea,"stated by Polaron, not image-verified"
kpi,c2_tpc_length_px,silicon_particle,vc2whyaq,62.36884794862518,54.94665559097182,5.457905479130607,1.3598975625418201,False,45629944e398,0f6b661,e718e5866dea,"stated by Polaron, not image-verified"
kpi,c2_tpc_length_px,silicon_particle,x77cy643,58.5365601047932,54.94665559097182,6.948613442492447,0.5166360948888377,False,45629944e398,0f6b661,e718e5866dea,"stated by Polaron, not image-verified"
kpi,c2_tpc_length_px,silicon_particle,x7u69zsw,56.12854942450464,54.94665559097182,6.948613442492447,0.17009060056575498,False,45629944e398,0f6b661,e718e5866dea,"stated by Polaron, not image-verified"
kpi,c2_tpc_length_px,silicon_particle,xgj4xftb,53.74296729932566,55.38106913581093,6.948613442492447,-0.23574513822684126,False,45629944e398,0f6b661,e718e5866dea,"stated by Polaron, not image-verified"
kpi,c0_region_eqdiam_median_px,void_morphology,0grcilhi,10.823208405759916,10.498447517968044,0.259094647357033,1.253444990487782,False,45629944e398,0f6b661,e718e5866dea,"stated by Polaron, not image-verified"
kpi,c0_region_eqdiam_median_px,void_morphology,71vgq3fw,10.496729859109829,10.530594062318679,0.35326673076292064,-0.09586015398539341,False,45629944e398,0f6b661,e718e5866dea,"stated by Polaron, not image-verified"
kpi,c0_region_eqdiam_median_px,void_morphology,9luzk4jm,10.689190857530377,10.498447517968044,0.3267909341053842,0.5836861419809828,False,45629944e398,0f6b661,e718e5866dea,"stated by Polaron, not image-verified"
kpi,c0_region_eqdiam_median_px,void_morphology,cfe5vt7s,10.120283761571049,10.530594062318679,0.2539195222603639,-1.6159068711814386,False,45629944e398,0f6b661,e718e5866dea,"stated by Polaron, not image-verified"
kpi,c0_region_eqdiam_median_px,void_morphology,hawkfj64,10.49722182450388,10.530594062318679,0.35326673076292064,-0.0944675365911975,False,45629944e398,0f6b661,e718e5866dea,"stated by Polaron, not image-verified"
kpi,c0_region_eqdiam_median_px,void_morphology,hzumfsms,10.499673211432208,10.529368368854515,0.35326673076292064,-0.08405874325662199,False,45629944e398,0f6b661,e718e5866dea,"stated by Polaron, not image-verified"
kpi,c0_region_eqdiam_median_px,void_morphology,kbdh4tri,10.21638313868043,10.530594062318679,0.2539195222603639,-1.2374429537405323,False,45629944e398,0f6b661,e718e5866dea,"stated by Polaron, not image-verified"
kpi,c0_region_eqdiam_median_px,void_morphology,mgxahqnk,10.9480654657848,10.498447517968044,0.259094647357033,1.7353424796814965,False,45629944e398,0f6b661,e718e5866dea,"stated by Polaron, not image-verified"
kpi,c0_region_eqdiam_median_px,void_morphology,pl8uabbv,10.58091824804301,10.498447517968044,0.35049236198346645,0.23529964992177738,False,45629944e398,0f6b661,e718e5866dea,"stated by Polaron, not image-verified"
kpi,c0_region_eqdiam_median_px,void_morphology,ptg8lmto,10.062752527921797,10.530594062318679,0.2539195222603639,-1.8424795786956747,False,45629944e398,0f6b661,e718e5866dea,"stated by Polaron, not image-verified"
kpi,c0_region_eqdiam_median_px,void_morphology,tuy3zymq,10.903848802834663,10.498447517968044,0.259094647357033,1.5646841376386087,False,45629944e398,0f6b661,e718e5866dea,"stated by Polaron, not image-verified"
kpi,c0_region_eqdiam_median_px,void_morphology,ufdvpb81,10.346658114699723,10.530594062318679,0.3344828170834208,-0.5499114998576493,False,45629944e398,0f6b661,e718e5866dea,"stated by Polaron, not image-verified"
kpi,c0_region_eqdiam_median_px,void_morphology,utfgcjfa,10.482642978236978,10.530594062318679,0.35326673076292064,-0.1357362013064323,False,45629944e398,0f6b661,e718e5866dea,"stated by Polaron, not image-verified"
kpi,c0_region_eqdiam_median_px,void_morphology,vc2whyaq,10.031599687843501,10.530594062318679,0.2539195222603639,-1.9651674279834184,False,45629944e398,0f6b661,e718e5866dea,"stated by Polaron, not image-verified"
kpi,c0_region_eqdiam_median_px,void_morphology,x77cy643,10.657218069350042,10.498447517968044,0.35049236198346645,0.45299289971257045,False,45629944e398,0f6b661,e718e5866dea,"stated by Polaron, not image-verified"
kpi,c0_region_eqdiam_median_px,void_morphology,x7u69zsw,10.89712050980739,10.498447517968044,0.259094647357033,1.5387156620413458,False,45629944e398,0f6b661,e718e5866dea,"stated by Polaron, not image-verified"
kpi,c0_region_eqdiam_median_px,void_morphology,xgj4xftb,10.56151491320515,10.498447517968044,0.35049236198346645,0.17993942829510365,False,45629944e398,0f6b661,e718e5866dea,"stated by Polaron, not image-verified"
kpi,c0_region_area_mean_px,void_morphology,0grcilhi,1359.7000196645818,853.7630513111692,189.4036244595607,2.671210594818551,False,45629944e398,0f6b661,e718e5866dea,"stated by Polaron, not image-verified"
kpi,c0_region_area_mean_px,void_morphology,71vgq3fw,703.7166234388881,871.6423402217762,168.76800852435397,-0.9950091741389228,False,45629944e398,0f6b661,e718e5866dea,"stated by Polaron, not image-verified"
kpi,c0_region_area_mean_px,void_morphology,9luzk4jm,1133.756653380472,853.7630513111692,189.4036244595607,1.4782906233617714,False,45629944e398,0f6b661,e718e5866dea,"stated by Polaron, not image-verified"
kpi,c0_region_area_mean_px,void_morphology,cfe5vt7s,839.973200381905,871.6423402217762,202.95454674421296,-0.15604055365058808,False,45629944e398,0f6b661,e718e5866dea,"stated by Polaron, not image-verified"
kpi,c0_region_area_mean_px,void_morphology,hawkfj64,875.7317782031191,853.7630513111692,202.95454674421296,0.10824456630497412,False,45629944e398,0f6b661,e718e5866dea,"stated by Polaron, not image-verified"
kpi,c0_region_area_mean_px,void_morphology,hzumfsms,1228.7785046619329,853.7630513111692,189.4036244595607,1.9799803431471963,False,45629944e398,0f6b661,e718e5866dea,"stated by Polaron, not image-verified"
kpi,c0_region_area_mean_px,void_morphology,kbdh4tri,637.922712416881,871.6423402217762,168.76800852435397,-1.384857413727012,False,45629944e398,0f6b661,e718e5866dea,"stated by Polaron, not image-verified"
kpi,c0_region_area_mean_px,void_morphology,mgxahqnk,900.018562728448,853.7630513111692,202.95454674421296,0.2279106931049712,False,45629944e398,0f6b661,e718e5866dea,"stated by Polaron, not image-verified"
kpi,c0_region_area_mean_px,void_morphology,pl8uabbv,762.6733368476458,871.6423402217762,202.95454674421296,-0.5369133390811186,False,45629944e398,0f6b661,e718e5866dea,"stated by Polaron, not image-verified"
kpi,c0_region_area_mean_px,void_morphology,ptg8lmto,716.5563285920691,871.6423402217762,168.76800852435397,-0.9189301514293063,False,45629944e398,0f6b661,e718e5866dea,"stated by Polaron, not image-verified"
kpi,c0_region_area_mean_px,void_morphology,tuy3zymq,810.7051520190827,871.6423402217762,202.95454674421296,-0.30025042148719966,False,45629944e398,0f6b661,e718e5866dea,"stated by Polaron, not image-verified"
kpi,c0_region_area_mean_px,void_morphology,ufdvpb81,1064.9328446309655,853.7630513111692,189.4036244595607,1.1149194949269987,False,45629944e398,0f6b661,e718e5866dea,"stated by Polaron, not image-verified"
kpi,c0_region_area_mean_px,void_morphology,utfgcjfa,990.3382613375338,853.7630513111692,189.87176481868548,0.7193023678733096,False,45629944e398,0f6b661,e718e5866dea,"stated by Polaron, not image-verified"
kpi,c0_region_area_mean_px,void_morphology,vc2whyaq,972.6898303035024,853.7630513111692,202.95454674421296,0.585977406764967,False,45629944e398,0f6b661,e718e5866dea,"stated by Polaron, not image-verified"
kpi,c0_region_area_mean_px,void_morphology,x77cy643,867.5529022404332,857.852489292512,202.95454674421296,0.04779598734561397,False,45629944e398,0f6b661,e718e5866dea,"stated by Polaron, not image-verified"
kpi,c0_region_area_mean_px,void_morphology,x7u69zsw,780.5303845697242,871.6423402217762,202.95454674421296,-0.4489278861383771,False,45629944e398,0f6b661,e718e5866dea,"stated by Polaron, not image-verified"
kpi,c0_region_area_mean_px,void_morphology,xgj4xftb,704.0898137226909,871.6423402217762,168.76800852435397,-0.9927979121404795,False,45629944e398,0f6b661,e718e5866dea,"stated by Polaron, not image-verified"
kpi,c0_cracklike_frac,void_morphology,0grcilhi,0.12836436130391962,0.14443670690822075,0.02578907600716345,-0.6232230111632032,False,45629944e398,0f6b661,e718e5866dea,"stated by Polaron, not image-verified"
kpi,c0_cracklike_frac,void_morphology,71vgq3fw,0.12556766738193906,0.14443670690822075,0.02429472324362648,-0.776672338971049,False,45629944e398,0f6b661,e718e5866dea,"stated by Polaron, not image-verified"
kpi,c0_cracklike_frac,void_morphology,9luzk4jm,0.12773591984878724,0.14443670690822075,0.025323212356473813,-0.6595050748039869,False,45629944e398,0f6b661,e718e5866dea,"stated by Polaron, not image-verified"
kpi,c0_cracklike_frac,void_morphology,cfe5vt7s,0.07341939612340467,0.14443670690822075,0.02429472324362648,-2.9231578426581533,False,45629944e398,0f6b661,e718e5866dea,"stated by Polaron, not image-verified"
kpi,c0_cracklike_frac,void_morphology,hawkfj64,0.1921372322332067,0.1433101202464277,0.022624445858852107,2.1581572557135034,False,45629944e398,0f6b661,e718e5866dea,"stated by Polaron, not image-verified"
kpi,c0_cracklike_frac,void_morphology,hzumfsms,0.14799718270119183,0.1433101202464277,0.024118798622389075,0.19433233504479835,False,45629944e398,0f6b661,e718e5866dea,"stated by Polaron, not image-verified"
kpi,c0_cracklike_frac,void_morphology,kbdh4tri,0.1527134246498137,0.1433101202464277,0.024118798622389075,0.3898744937758659,False,45629944e398,0f6b661,e718e5866dea,"stated by Polaron, not image-verified"
kpi,c0_cracklike_frac,void_morphology,mgxahqnk,0.14540697966574131,0.1433101202464277,0.024118798622389075,0.08693880039974872,False,45629944e398,0f6b661,e718e5866dea,"stated by Polaron, not image-verified"
kpi,c0_cracklike_frac,void_morphology,pl8uabbv,0.10586146730704593,0.14443670690822075,0.02429472324362648,-1.5878032120120862,False,45629944e398,0f6b661,e718e5866dea,"stated by Polaron, not image-verified"
kpi,c0_cracklike_frac,void_morphology,ptg8lmto,0.14346643415070018,0.14428039300394827,0.02555732501268907,-0.0318483586542786,False,45629944e398,0f6b661,e718e5866dea,"stated by Polaron, not image-verified"
kpi,c0_cracklike_frac,void_morphology,tuy3zymq,0.21746391943747725,0.1433101202464277,0.022624445858852107,3.277596262630049,False,45629944e398,0f6b661,e718e5866dea,"stated by Polaron, not image-verified"
kpi,c0_cracklike_frac,void_morphology,ufdvpb81,0.14315380634215522,0.14443670690822075,0.02578907600716345,-0.04974589107842324,False,45629944e398,0f6b661,e718e5866dea,"stated by Polaron, not image-verified"
kpi,c0_cracklike_frac,void_morphology,utfgcjfa,0.12634850704311162,0.14443670690822075,0.02429472324362648,-0.7445320403003319,False,45629944e398,0f6b661,e718e5866dea,"stated by Polaron, not image-verified"
kpi,c0_cracklike_frac,void_morphology,vc2whyaq,0.14789232967920068,0.1433101202464277,0.024118798622389075,0.18998497829487246,False,45629944e398,0f6b661,e718e5866dea,"stated by Polaron, not image-verified"
kpi,c0_cracklike_frac,void_morphology,x77cy643,0.15177908276233024,0.1433101202464277,0.024118798622389075,0.3511353383928893,False,45629944e398,0f6b661,e718e5866dea,"stated by Polaron, not image-verified"
kpi,c0_cracklike_frac,void_morphology,x7u69zsw,0.12461465729799973,0.14443670690822075,0.02429472324362648,-0.8158993791139881,False,45629944e398,0f6b661,e718e5866dea,"stated by Polaron, not image-verified"
kpi,c0_cracklike_frac,void_morphology,xgj4xftb,0.18246580897685238,0.1433101202464277,0.022624445858852107,1.730680564496766,False,45629944e398,0f6b661,e718e5866dea,"stated by Polaron, not image-verified"
kpi,c1_flake_eqdiam_median_px,graphite_morphology,0grcilhi,6.861771298839537,7.485731062011003,1.7225331975598843,-0.36223381009745304,False,45629944e398,0f6b661,e718e5866dea,"stated by Polaron, not image-verified"
kpi,c1_flake_eqdiam_median_px,graphite_morphology,71vgq3fw,7.659401738205311,7.279236515979129,1.525699840991862,0.24917432119481356,False,45629944e398,0f6b661,e718e5866dea,"stated by Polaron, not image-verified"
kpi,c1_flake_eqdiam_median_px,graphite_morphology,9luzk4jm,8.030714042765219,7.279236515979129,1.525699840991862,0.49254611332826254,False,45629944e398,0f6b661,e718e5866dea,"stated by Polaron, not image-verified"
kpi,c1_flake_eqdiam_median_px,graphite_morphology,cfe5vt7s,18.450837771234728,7.279236515979129,1.3334857208129636,8.37774344403538,True,45629944e398,0f6b661,e718e5866dea,"stated by Polaron, not image-verified"
kpi,c1_flake_eqdiam_median_px,graphite_morphology,hawkfj64,7.246412646141564,7.485731062011003,1.7225331975598843,-0.13893399338163948,False,45629944e398,0f6b661,e718e5866dea,"stated by Polaron, not image-verified"
kpi,c1_flake_eqdiam_median_px,graphite_morphology,hzumfsms,7.312060385816695,7.452907192173438,1.7225331975598843,-0.0817672521819983,False,45629944e398,0f6b661,e718e5866dea,"stated by Polaron, not image-verified"
kpi,c1_flake_eqdiam_median_px,graphite_morphology,kbdh4tri,5.678138721096743,7.485731062011003,1.4707221686709593,-1.2290508563882727,False,45629944e398,0f6b661,e718e5866dea,"stated by Polaron, not image-verified"
kpi,c1_flake_eqdiam_median_px,graphite_morphology,mgxahqnk,23.201721489545587,7.279236515979129,1.3334857208129636,11.940499043258797,True,45629944e398,0f6b661,e718e5866dea,"stated by Polaron, not image-verified"
kpi,c1_flake_eqdiam_median_px,graphite_morphology,pl8uabbv,8.712069704920584,7.279236515979129,1.3334857208129636,1.0745020862075103,False,45629944e398,0f6b661,e718e5866dea,"stated by Polaron, not image-verified"
kpi,c1_flake_eqdiam_median_px,graphite_morphology,ptg8lmto,5.7843232252815815,7.485731062011003,1.4707221686709593,-1.156851969034318,False,45629944e398,0f6b661,e718e5866dea,"stated by Polaron, not image-verified"
kpi,c1_flake_eqdiam_median_px,graphite_morphology,tuy3zymq,5.44455347551027,7.485731062011003,1.4707221686709593,-1.3878743585848536,False,45629944e398,0f6b661,e718e5866dea,"stated by Polaron, not image-verified"
kpi,c1_flake_eqdiam_median_px,graphite_morphology,ufdvpb81,9.099889232449879,7.279236515979129,1.3334857208129636,1.3653334925557237,False,45629944e398,0f6b661,e718e5866dea,"stated by Polaron, not image-verified"
kpi,c1_flake_eqdiam_median_px,graphite_morphology,utfgcjfa,6.59908084334117,7.485731062011003,1.7225331975598843,-0.5147362152008732,False,45629944e398,0f6b661,e718e5866dea,"stated by Polaron, not image-verified"
kpi,c1_flake_eqdiam_median_px,graphite_morphology,vc2whyaq,8.101617502729086,7.279236515979129,1.525699840991862,0.539018858529424,False,45629944e398,0f6b661,e718e5866dea,"stated by Polaron, not image-verified"
kpi,c1_flake_eqdiam_median_px,graphite_morphology,x77cy643,8.187251848793617,7.279236515979129,1.5129620293740662,0.6001573834540623,False,45629944e398,0f6b661,e718e5866dea,"stated by Polaron, not image-verified"
kpi,c1_flake_eqdiam_median_px,graphite_morphology,x7u69zsw,6.129110959825773,7.485731062011003,1.4707221686709593,-0.9224176605777012,False,45629944e398,0f6b661,e718e5866dea,"stated by Polaron, not image-verified"
kpi,c1_flake_eqdiam_median_px,graphite_morphology,xgj4xftb,6.388404255628955,7.485731062011003,1.5663586430888192,-0.7005591032575704,False,45629944e398,0f6b661,e718e5866dea,"stated by Polaron, not image-verified"
kpi,c1_flake_aspect_median,graphite_morphology,0grcilhi,1.8508205926617074,1.9875633593604938,0.07930535795266752,-1.7242563457112154,False,45629944e398,0f6b661,e718e5866dea,"stated by Polaron, not image-verified"
kpi,c1_flake_aspect_median,graphite_morphology,71vgq3fw,1.9457034769477726,1.9875633593604938,0.08706435849433224,-0.4807924061767046,False,45629944e398,0f6b661,e718e5866dea,"stated by Polaron, not image-verified"
kpi,c1_flake_aspect_median,graphite_morphology,9luzk4jm,1.7297954439967262,1.9875633593604938,0.07930535795266752,-3.2503215673979216,False,45629944e398,0f6b661,e718e5866dea,"stated by Polaron, not image-verified"
kpi,c1_flake_aspect_median,graphite_morphology,cfe5vt7s,1.9657427742404157,1.9875633593604938,0.08706435849433224,-0.2506259219896349,False,45629944e398,0f6b661,e718e5866dea,"stated by Polaron, not image-verified"
kpi,c1_flake_aspect_median,graphite_morphology,hawkfj64,1.7646870005713038,1.9875633593604938,0.07930535795266752,-2.8103568856244383,False,45629944e398,0f6b661,e718e5866dea,"stated by Polaron, not image-verified"
kpi,c1_flake_aspect_median,graphite_morphology,hzumfsms,1.9865290108609217,1.9860527975465236,0.08930391743972435,0.005332501955689528,False,45629944e398,0f6b661,e718e5866dea,"stated by Polaron, not image-verified"
kpi,c1_flake_aspect_median,graphite_morphology,kbdh4tri,2.0731087413050693,1.9850184490469516,0.0830784419835252,1.0603267244177061,False,45629944e398,0f6b661,e718e5866dea,"stated by Polaron, not image-verified"
kpi,c1_flake_aspect_median,graphite_morphology,mgxahqnk,1.7889784665299386,1.9875633593604938,0.07930535795266752,-2.5040539246929345,False,45629944e398,0f6b661,e718e5866dea,"stated by Polaron, not image-verified"
kpi,c1_flake_aspect_median,graphite_morphology,pl8uabbv,1.8356140683048108,1.9875633593604938,0.07930535795266752,-1.9160028398884748,False,45629944e398,0f6b661,e718e5866dea,"stated by Polaron, not image-verified"
kpi,c1_flake_aspect_median,graphite_morphology,ptg8lmto,2.0505008644688347,1.9850184490469516,0.0830784419835252,0.7881998489435875,False,45629944e398,0f6b661,e718e5866dea,"stated by Polaron, not image-verified"
kpi,c1_flake_aspect_median,graphite_morphology,tuy3zymq,2.249870710336872,1.9850184490469516,0.0830784419835252,3.187978192254036,False,45629944e398,0f6b661,e718e5866dea,"stated by Polaron, not image-verified"
kpi,c1_flake_aspect_median,graphite_morphology,ufdvpb81,1.9835078872329814,1.9875633593604938,0.08706435849433224,-0.04658016434792136,False,45629944e398,0f6b661,e718e5866dea,"stated by Polaron, not image-verified"
kpi,c1_flake_aspect_median,graphite_morphology,utfgcjfa,2.0004455654529267,1.9850184490469516,0.09083744252518991,0.1698321306403701,False,45629944e398,0f6b661,e718e5866dea,"stated by Polaron, not image-verified"
kpi,c1_flake_aspect_median,graphite_morphology,vc2whyaq,2.0121223329203897,1.9850184490469516,0.09083744252518991,0.29837788383267155,False,45629944e398,0f6b661,e718e5866dea,"stated by Polaron, not image-verified"
kpi,c1_flake_aspect_median,graphite_morphology,x77cy643,1.9885977078600658,1.9850184490469516,0.09083744252518991,0.039402901640716234,False,45629944e398,0f6b661,e718e5866dea,"stated by Polaron, not image-verified"
kpi,c1_flake_aspect_median,graphite_morphology,x7u69zsw,2.0400341161325812,1.9850184490469516,0.09083744252518991,0.6056496699626193,False,45629944e398,0f6b661,e718e5866dea,"stated by Polaron, not image-verified"
kpi,c1_flake_aspect_median,graphite_morphology,xgj4xftb,2.0420740648205222,1.9850184490469516,0.08932522856281924,0.6387402158556524,False,45629944e398,0f6b661,e718e5866dea,"stated by Polaron, not image-verified"
features,F01_c0_area_fraction,phase_fraction,0grcilhi,0.1397652867571398,0.10106472469274008,0.008747404380099032,4.424233793563524,True,45629944e398,0f6b661,e718e5866dea,"stated by Polaron, not image-verified"
features,F01_c0_area_fraction,phase_fraction,71vgq3fw,0.08745829158288557,0.10194284238193746,0.008747404380099032,-1.6558684347559463,False,45629944e398,0f6b661,e718e5866dea,"stated by Polaron, not image-verified"
features,F01_c0_area_fraction,phase_fraction,9luzk4jm,0.123762615708492,0.10106472469274008,0.008747404380099032,2.594814419165442,False,45629944e398,0f6b661,e718e5866dea,"stated by Polaron, not image-verified"
features,F01_c0_area_fraction,phase_fraction,cfe5vt7s,0.11334725774083841,0.10106472469274008,0.008747404380099032,1.4041345883176461,False,45629944e398,0f6b661,e718e5866dea,"stated by Polaron, not image-verified"
features,F01_c0_area_fraction,phase_fraction,hawkfj64,0.09749038965577494,0.10194284238193746,0.01162777744449022,-0.382915200038705,False,45629944e398,0f6b661,e718e5866dea,"stated by Polaron, not image-verified"
features,F01_c0_area_fraction,phase_fraction,hzumfsms,0.14395749302321467,0.10106472469274008,0.008747404380099032,4.903485247356198,True,45629944e398,0f6b661,e718e5866dea,"stated by Polaron, not image-verified"
features,F01_c0_area_fraction,phase_fraction,kbdh4tri,0.08688793563369894,0.10194284238193746,0.008747404380099032,-1.7210713137361644,False,45629944e398,0f6b661,e718e5866dea,"stated by Polaron, not image-verified"
features,F01_c0_area_fraction,phase_fraction,mgxahqnk,0.09935679252334634,0.10194284238193746,0.01162777744449022,-0.22240276535534417,False,45629944e398,0f6b661,e718e5866dea,"stated by Polaron, not image-verified"
features,F01_c0_area_fraction,phase_fraction,pl8uabbv,0.10027745789768712,0.10194284238193746,0.01162777744449022,-0.14322466113586277,False,45629944e398,0f6b661,e718e5866dea,"stated by Polaron, not image-verified"
features,F01_c0_area_fraction,phase_fraction,ptg8lmto,0.08572584094830432,0.10194284238193746,0.008747404380099032,-1.8539215439185561,False,45629944e398,0f6b661,e718e5866dea,"stated by Polaron, not image-verified"
features,F01_c0_area_fraction,phase_fraction,tuy3zymq,0.09233482794332251,0.10194284238193746,0.008747404380099032,-1.0983846202964922,False,45629944e398,0f6b661,e718e5866dea,"stated by Polaron, not image-verified"
features,F01_c0_area_fraction,phase_fraction,ufdvpb81,0.10766528678899813,0.10106472469274008,0.010325880158486187,0.6392251309282786,False,45629944e398,0f6b661,e718e5866dea,"stated by Polaron, not image-verified"
features,F01_c0_area_fraction,phase_fraction,utfgcjfa,0.10272646156939627,0.10106472469274008,0.011364469142299336,0.14622212932684114,False,45629944e398,0f6b661,e718e5866dea,"stated by Polaron, not image-verified"
features,F01_c0_area_fraction,phase_fraction,vc2whyaq,0.10203369327608189,0.10106472469274008,0.011364469142299336,0.08526298687681225,False,45629944e398,0f6b661,e718e5866dea,"stated by Polaron, not image-verified"
features,F01_c0_area_fraction,phase_fraction,x77cy643,0.10185199148779303,0.10115557558688451,0.011364469142299336,0.06128010839647691,False,45629944e398,0f6b661,e718e5866dea,"stated by Polaron, not image-verified"
features,F01_c0_area_fraction,phase_fraction,x7u69zsw,0.10491621329603253,0.10106472469274008,0.011364469142299336,0.3389061605136432,False,45629944e398,0f6b661,e718e5866dea,"stated by Polaron, not image-verified"
features,F01_c0_area_fraction,phase_fraction,xgj4xftb,0.09586519994143435,0.10194284238193746,0.011364469142299336,-0.5347933426896037,False,45629944e398,0f6b661,e718e5866dea,"stated by Polaron, not image-verified"
features,F02_c2_area_fraction,phase_fraction,0grcilhi,0.12552935766012388,0.09938715437475323,0.031092295004995277,0.8407936204506824,False,45629944e398,0f6b661,e718e5866dea,"stated by Polaron, not image-verified"
features,F02_c2_area_fraction,phase_fraction,71vgq3fw,0.09816728143500492,0.10262384409174197,0.03482332032124147,-0.12797638523913657,False,45629944e398,0f6b661,e718e5866dea,"stated by Polaron, not image-verified"
features,F02_c2_area_fraction,phase_fraction,9luzk4jm,0.0695779542429027,0.10262384409174197,0.03302324280484743,-1.000685791038926,False,45629944e398,0f6b661,e718e5866dea,"stated by Polaron, not image-verified"
features,F02_c2_area_fraction,phase_fraction,cfe5vt7s,0.07827803528774518,0.10262384409174197,0.03302324280484743,-0.737232528854589,False,45629944e398,0f6b661,e718e5866dea,"stated by Polaron, not image-verified"
features,F02_c2_area_fraction,phase_fraction,hawkfj64,0.09150235344225056,0.10262384409174197,0.03482332032124147,-0.31936904772137814,False,45629944e398,0f6b661,e718e5866dea,"stated by Polaron, not image-verified"
features,F02_c2_area_fraction,phase_fraction,hzumfsms,0.10060702731450154,0.10140397115199365,0.03409093366300874,-0.023377002383389002,False,45629944e398,0f6b661,e718e5866dea,"stated by Polaron, not image-verified"
features,F02_c2_area_fraction,phase_fraction,kbdh4tri,0.10820609253916696,0.09938715437475323,0.031783309696697265,0.2774707306624566,False,45629944e398,0f6b661,e718e5866dea,"stated by Polaron, not image-verified"
features,F02_c2_area_fraction,phase_fraction,mgxahqnk,0.1095887148834139,0.09938715437475323,0.031783309696697265,0.32097225260718376,False,45629944e398,0f6b661,e718e5866dea,"stated by Polaron, not image-verified"
features,F02_c2_area_fraction,phase_fraction,pl8uabbv,0.06714847970640085,0.10262384409174197,0.03302324280484743,-1.074254415139804,False,45629944e398,0f6b661,e718e5866dea,"stated by Polaron, not image-verified"
features,F02_c2_area_fraction,phase_fraction,ptg8lmto,0.07855334211818206,0.10262384409174197,0.03302324280484743,-0.7288957694374774,False,45629944e398,0f6b661,e718e5866dea,"stated by Polaron, not image-verified"
features,F02_c2_area_fraction,phase_fraction,tuy3zymq,0.12426607476300316,0.09938715437475323,0.031092295004995277,0.8001635255375292,False,45629944e398,0f6b661,e718e5866dea,"stated by Polaron, not image-verified"
features,F02_c2_area_fraction,phase_fraction,ufdvpb81,0.12877876956485204,0.09938715437475323,0.031092295004995277,0.945302210254237,False,45629944e398,0f6b661,e718e5866dea,"stated by Polaron, not image-verified"
features,F02_c2_area_fraction,phase_fraction,utfgcjfa,0.10464066086898238,0.09938715437475323,0.031783309696697265,0.16529136028822897,False,45629944e398,0f6b661,e718e5866dea,"stated by Polaron, not image-verified"
features,F02_c2_area_fraction,phase_fraction,vc2whyaq,0.06909464741464198,0.10262384409174197,0.03302324280484743,-1.015321144420689,False,45629944e398,0f6b661,e718e5866dea,"stated by Polaron, not image-verified"
features,F02_c2_area_fraction,phase_fraction,x77cy643,0.07762117606975094,0.10262384409174197,0.03302324280484743,-0.7571233439957907,False,45629944e398,0f6b661,e718e5866dea,"stated by Polaron, not image-verified"
features,F02_c2_area_fraction,phase_fraction,x7u69zsw,0.11766326946915846,0.09938715437475323,0.031783309696697265,0.5750224022863288,False,45629944e398,0f6b661,e718e5866dea,"stated by Polaron, not image-verified"
features,F02_c2_area_fraction,phase_fraction,xgj4xftb,0.13680284617615057,0.09938715437475323,0.031092295004995277,1.2033750418033196,False,45629944e398,0f6b661,e718e5866dea,"stated by Polaron, not image-verified"
features,F03_c2_eqdiam_median_px,silicon_particle,0grcilhi,8.214724333230155,8.136857890256438,0.17318289536089862,0.4496197087561647,False,45629944e398,0f6b661,e718e5866dea,"stated by Polaron, not image-verified"
features,F03_c2_eqdiam_median_px,silicon_particle,71vgq3fw,8.214724333230155,8.136857890256438,0.17318289536089862,0.4496197087561647,False,45629944e398,0f6b661,e718e5866dea,"stated by Polaron, not image-verified"
features,F03_c2_eqdiam_median_px,silicon_particle,9luzk4jm,7.735777827895049,8.175791111743298,0.17318289536089862,-2.5407433160838298,False,45629944e398,0f6b661,e718e5866dea,"stated by Polaron, not image-verified"
features,F03_c2_eqdiam_median_px,silicon_particle,cfe5vt7s,8.136857890256438,8.175791111743298,0.17428266884356194,-0.22339123990467505,False,45629944e398,0f6b661,e718e5866dea,"stated by Polaron, not image-verified"
features,F03_c2_eqdiam_median_px,silicon_particle,hawkfj64,8.214724333230155,8.136857890256438,0.17318289536089862,0.4496197087561647,False,45629944e398,0f6b661,e718e5866dea,"stated by Polaron, not image-verified"
features,F03_c2_eqdiam_median_px,silicon_particle,hzumfsms,7.611218711693146,8.175791111743298,0.17318289536089862,-3.2599778336863454,False,45629944e398,0f6b661,e718e5866dea,"stated by Polaron, not image-verified"
features,F03_c2_eqdiam_median_px,silicon_particle,kbdh4tri,8.214724333230155,8.136857890256438,0.17318289536089862,0.4496197087561647,False,45629944e398,0f6b661,e718e5866dea,"stated by Polaron, not image-verified"
features,F03_c2_eqdiam_median_px,silicon_particle,mgxahqnk,8.058239062071396,8.175791111743298,0.17318289536089862,-0.6787740176472591,False,45629944e398,0f6b661,e718e5866dea,"stated by Polaron, not image-verified"
features,F03_c2_eqdiam_median_px,silicon_particle,pl8uabbv,7.735777827895049,8.175791111743298,0.17318289536089862,-2.5407433160838298,False,45629944e398,0f6b661,e718e5866dea,"stated by Polaron, not image-verified"
features,F03_c2_eqdiam_median_px,silicon_particle,ptg8lmto,7.898654169668588,8.175791111743298,0.17318289536089862,-1.60025585377343,False,45629944e398,0f6b661,e718e5866dea,"stated by Polaron, not image-verified"
features,F03_c2_eqdiam_median_px,silicon_particle,tuy3zymq,8.51907589177983,8.136857890256438,0.11656027466714451,3.2791446538271503,False,45629944e398,0f6b661,e718e5866dea,"stated by Polaron, not image-verified"
features,F03_c2_eqdiam_median_px,silicon_particle,ufdvpb81,8.058239062071396,8.175791111743298,0.17318289536089862,-0.6787740176472591,False,45629944e398,0f6b661,e718e5866dea,"stated by Polaron, not image-verified"
features,F03_c2_eqdiam_median_px,silicon_particle,utfgcjfa,8.214724333230155,8.136857890256438,0.17318289536089862,0.4496197087561647,False,45629944e398,0f6b661,e718e5866dea,"stated by Polaron, not image-verified"
features,F03_c2_eqdiam_median_px,silicon_particle,vc2whyaq,8.291859587312052,8.136857890256438,0.11656027466714451,1.329798659948635,False,45629944e398,0f6b661,e718e5866dea,"stated by Polaron, not image-verified"
features,F03_c2_eqdiam_median_px,silicon_particle,x77cy643,7.735777827895049,8.175791111743298,0.17318289536089862,-2.5407433160838298,False,45629944e398,0f6b661,e718e5866dea,"stated by Polaron, not image-verified"
features,F03_c2_eqdiam_median_px,silicon_particle,x7u69zsw,8.136857890256438,8.175791111743298,0.17428266884356194,-0.22339123990467505,False,45629944e398,0f6b661,e718e5866dea,"stated by Polaron, not image-verified"
features,F03_c2_eqdiam_median_px,silicon_particle,xgj4xftb,8.51907589177983,8.136857890256438,0.11656027466714451,3.2791446538271503,False,45629944e398,0f6b661,e718e5866dea,"stated by Polaron, not image-verified"
features,F04_c2_eqdiam_p90_px,silicon_particle,0grcilhi,25.780439141949365,26.72112351247356,4.0524743235685134,-0.2321259298432398,False,45629944e398,0f6b661,e718e5866dea,"stated by Polaron, not image-verified"
features,F04_c2_eqdiam_p90_px,silicon_particle,71vgq3fw,25.562207165594927,26.72112351247356,4.0524743235685134,-0.2859774681701424,False,45629944e398,0f6b661,e718e5866dea,"stated by Polaron, not image-verified"
features,F04_c2_eqdiam_p90_px,silicon_particle,9luzk4jm,24.474537551203763,26.72112351247356,4.0524743235685134,-0.5543738915763214,False,45629944e398,0f6b661,e718e5866dea,"stated by Polaron, not image-verified"
features,F04_c2_eqdiam_p90_px,silicon_particle,cfe5vt7s,32.09259412751611,26.193592234195854,2.9417412198172044,2.0052756012599944,False,45629944e398,0f6b661,e718e5866dea,"stated by Polaron, not image-verified"
features,F04_c2_eqdiam_p90_px,silicon_particle,hawkfj64,26.606745326442343,26.307970420227072,3.5160628665495914,0.0849742787757568,False,45629944e398,0f6b661,e718e5866dea,"stated by Polaron, not image-verified"
features,F04_c2_eqdiam_p90_px,silicon_particle,hzumfsms,23.944292378111722,26.72112351247356,3.659403576755383,-0.7588206865185175,False,45629944e398,0f6b661,e718e5866dea,"stated by Polaron, not image-verified"
features,F04_c2_eqdiam_p90_px,silicon_particle,kbdh4tri,25.125128128935906,26.72112351247356,4.0524743235685134,-0.3938323246752269,False,45629944e398,0f6b661,e718e5866dea,"stated by Polaron, not image-verified"
features,F04_c2_eqdiam_p90_px,silicon_particle,mgxahqnk,26.83550169850478,26.193592234195854,3.3464857679397086,0.19181598513240372,False,45629944e398,0f6b661,e718e5866dea,"stated by Polaron, not image-verified"
features,F04_c2_eqdiam_p90_px,silicon_particle,pl8uabbv,34.154472608397334,26.193592234195854,2.9417412198172044,2.7061797008426725,False,45629944e398,0f6b661,e718e5866dea,"stated by Polaron, not image-verified"
features,F04_c2_eqdiam_p90_px,silicon_particle,ptg8lmto,21.498510523728477,26.72112351247356,3.659403576755383,-1.4271760081121534,False,45629944e398,0f6b661,e718e5866dea,"stated by Polaron, not image-verified"
features,F04_c2_eqdiam_p90_px,silicon_particle,tuy3zymq,30.382423768172607,26.193592234195854,2.9417412198172044,1.4239293061396614,False,45629944e398,0f6b661,e718e5866dea,"stated by Polaron, not image-verified"
features,F04_c2_eqdiam_p90_px,silicon_particle,ufdvpb81,30.71491241545526,26.193592234195854,2.9417412198172044,1.5369537438579841,False,45629944e398,0f6b661,e718e5866dea,"stated by Polaron, not image-verified"
features,F04_c2_eqdiam_p90_px,silicon_particle,utfgcjfa,27.22174181298092,26.193592234195854,3.3464857679397086,0.3072326165660205,False,45629944e398,0f6b661,e718e5866dea,"stated by Polaron, not image-verified"
features,F04_c2_eqdiam_p90_px,silicon_particle,vc2whyaq,29.411005346637978,26.193592234195854,2.9417412198172044,1.0937104497050387,False,45629944e398,0f6b661,e718e5866dea,"stated by Polaron, not image-verified"
features,F04_c2_eqdiam_p90_px,silicon_particle,x77cy643,39.48023955835883,26.193592234195854,2.9417412198172044,4.5165928378256845,True,45629944e398,0f6b661,e718e5866dea,"stated by Polaron, not image-verified"
features,F04_c2_eqdiam_p90_px,silicon_particle,x7u69zsw,23.928544635889445,26.72112351247356,3.659403576755383,-0.7631240495917537,False,45629944e398,0f6b661,e718e5866dea,"stated by Polaron, not image-verified"
features,F04_c2_eqdiam_p90_px,silicon_particle,xgj4xftb,24.824341676101277,26.72112351247356,4.0524743235685134,-0.468055238583726,False,45629944e398,0f6b661,e718e5866dea,"stated by Polaron, not image-verified"
features,F05_c2_count_density_per_Mpx,silicon_particle,0grcilhi,192.9349408818219,129.58958249412956,82.05585695423758,0.7719785124298919,False,45629944e398,0f6b661,e718e5866dea,"stated by Polaron, not image-verified"
features,F05_c2_count_density_per_Mpx,silicon_particle,71vgq3fw,154.67279977942314,129.58958249412956,82.82426389210327,0.30284865939732303,False,45629944e398,0f6b661,e718e5866dea,"stated by Polaron, not image-verified"
features,F05_c2_count_density_per_Mpx,silicon_particle,9luzk4jm,84.37653411880216,136.72174270251512,81.66940195445466,-0.6409402705422627,False,45629944e398,0f6b661,e718e5866dea,"stated by Polaron, not image-verified"
features,F05_c2_count_density_per_Mpx,silicon_particle,cfe5vt7s,70.34350941687312,136.72174270251512,78.80206126724096,-0.8423413324244641,False,45629944e398,0f6b661,e718e5866dea,"stated by Polaron, not image-verified"
features,F05_c2_count_density_per_Mpx,silicon_particle,hawkfj64,144.32200962975907,129.58958249412956,82.82426389210327,0.17787573886345331,False,45629944e398,0f6b661,e718e5866dea,"stated by Polaron, not image-verified"
features,F05_c2_count_density_per_Mpx,silicon_particle,hzumfsms,74.35638878937847,136.72174270251512,78.80206126724096,-0.7914177993598085,False,45629944e398,0f6b661,e718e5866dea,"stated by Polaron, not image-verified"
features,F05_c2_count_density_per_Mpx,silicon_particle,kbdh4tri,190.67905842372724,129.58958249412956,82.05585695423758,0.744486477835058,False,45629944e398,0f6b661,e718e5866dea,"stated by Polaron, not image-verified"
features,F05_c2_count_density_per_Mpx,silicon_particle,mgxahqnk,142.72938629700818,129.58958249412956,82.82426389210327,0.15864679244232205,False,45629944e398,0f6b661,e718e5866dea,"stated by Polaron, not image-verified"
features,F05_c2_count_density_per_Mpx,silicon_particle,pl8uabbv,74.13094164574753,136.72174270251512,78.80206126724096,-0.7942787288838014,False,45629944e398,0f6b661,e718e5866dea,"stated by Polaron, not image-verified"
features,F05_c2_count_density_per_Mpx,silicon_particle,ptg8lmto,130.71409910802205,135.59722608862262,83.33661028621167,-0.05859521960192441,False,45629944e398,0f6b661,e718e5866dea,"stated by Polaron, not image-verified"
features,F05_c2_count_density_per_Mpx,silicon_particle,tuy3zymq,200.48621058365447,129.58958249412956,82.05585695423758,0.8640044808631253,False,45629944e398,0f6b661,e718e5866dea,"stated by Polaron, not image-verified"
features,F05_c2_count_density_per_Mpx,silicon_particle,ufdvpb81,73.31982203116223,136.72174270251512,78.80206126724096,-0.8045718557581677,False,45629944e398,0f6b661,e718e5866dea,"stated by Polaron, not image-verified"
features,F05_c2_count_density_per_Mpx,silicon_particle,utfgcjfa,128.46506588023706,136.72174270251512,81.66940195445466,-0.10109877903700863,False,45629944e398,0f6b661,e718e5866dea,"stated by Polaron, not image-verified"
features,F05_c2_count_density_per_Mpx,silicon_particle,vc2whyaq,70.12687312018113,136.72174270251512,78.80206126724096,-0.8450904520947898,False,45629944e398,0f6b661,e718e5866dea,"stated by Polaron, not image-verified"
features,F05_c2_count_density_per_Mpx,silicon_particle,x77cy643,59.90381876371923,136.72174270251512,78.80206126724096,-0.9748212509097157,False,45629944e398,0f6b661,e718e5866dea,"stated by Polaron, not image-verified"
features,F05_c2_count_density_per_Mpx,silicon_particle,x7u69zsw,171.34495845129936,129.58958249412956,82.82426389210327,0.5041442446330138,False,45629944e398,0f6b661,e718e5866dea,"stated by Polaron, not image-verified"
features,F05_c2_count_density_per_Mpx,silicon_particle,xgj4xftb,186.78569275422234,129.58958249412956,82.05585695423758,0.6970387292645174,False,45629944e398,0f6b661,e718e5866dea,"stated by Polaron, not image-verified"
features,F06_c2_clark_evans_R,silicon_particle,0grcilhi,0.7589025293269391,0.7165975289641693,0.05697894790273397,0.7424672079762983,False,45629944e398,0f6b661,e718e5866dea,"stated by Polaron, not image-verified"
features,F06_c2_clark_evans_R,silicon_particle,71vgq3fw,0.7603993145971254,0.7165975289641693,0.05697894790273397,0.7687363007777546,False,45629944e398,0f6b661,e718e5866dea,"stated by Polaron, not image-verified"
features,F06_c2_clark_evans_R,silicon_particle,9luzk4jm,0.7425038454323877,0.7165975289641693,0.06212602506478711,0.41699620153071787,False,45629944e398,0f6b661,e718e5866dea,"stated by Polaron, not image-verified"
features,F06_c2_clark_evans_R,silicon_particle,cfe5vt7s,0.6820034610895626,0.7284414252452952,0.05137504389768023,-0.9039012063565262,False,45629944e398,0f6b661,e718e5866dea,"stated by Polaron, not image-verified"
features,F06_c2_clark_evans_R,silicon_particle,hawkfj64,0.7239069285439732,0.7211320256654912,0.05868388329657852,0.047285604200017546,False,45629944e398,0f6b661,e718e5866dea,"stated by Polaron, not image-verified"
features,F06_c2_clark_evans_R,silicon_particle,hzumfsms,0.6526204355814968,0.7284414252452952,0.05137504389768023,-1.475833087652543,False,45629944e398,0f6b661,e718e5866dea,"stated by Polaron, not image-verified"
features,F06_c2_clark_evans_R,silicon_particle,kbdh4tri,0.7657875206468445,0.7165975289641693,0.05697894790273397,0.8633011575897315,False,45629944e398,0f6b661,e718e5866dea,"stated by Polaron, not image-verified"
features,F06_c2_clark_evans_R,silicon_particle,mgxahqnk,0.7329759219466172,0.7165975289641693,0.06212602506478711,0.2636317544115849,False,45629944e398,0f6b661,e718e5866dea,"stated by Polaron, not image-verified"
features,F06_c2_clark_evans_R,silicon_particle,pl8uabbv,0.6982688738898901,0.7284414252452952,0.06210912334981312,-0.4857990215940775,False,45629944e398,0f6b661,e718e5866dea,"stated by Polaron, not image-verified"
features,F06_c2_clark_evans_R,silicon_particle,ptg8lmto,0.6741764658068937,0.7284414252452952,0.05137504389768023,-1.0562513493219954,False,45629944e398,0f6b661,e718e5866dea,"stated by Polaron, not image-verified"
features,F06_c2_clark_evans_R,silicon_particle,tuy3zymq,0.8015176653539027,0.7165975289641693,0.05697894790273397,1.490377402803163,False,45629944e398,0f6b661,e718e5866dea,"stated by Polaron, not image-verified"
features,F06_c2_clark_evans_R,silicon_particle,ufdvpb81,0.6623700009162444,0.7284414252452952,0.05137504389768023,-1.2860606885444266,False,45629944e398,0f6b661,e718e5866dea,"stated by Polaron, not image-verified"
features,F06_c2_clark_evans_R,silicon_particle,utfgcjfa,0.7092881293843653,0.7284414252452952,0.06210912334981312,-0.30838135893585406,False,45629944e398,0f6b661,e718e5866dea,"stated by Polaron, not image-verified"
features,F06_c2_clark_evans_R,silicon_particle,vc2whyaq,0.6750956696685186,0.7284414252452952,0.05137504389768023,-1.0383593186415812,False,45629944e398,0f6b661,e718e5866dea,"stated by Polaron, not image-verified"
features,F06_c2_clark_evans_R,silicon_particle,x77cy643,0.6812358405696352,0.7284414252452952,0.05137504389768023,-0.9188427122257223,False,45629944e398,0f6b661,e718e5866dea,"stated by Polaron, not image-verified"
features,F06_c2_clark_evans_R,silicon_particle,x7u69zsw,0.7510544465944022,0.7165975289641693,0.06212602506478711,0.554629361757816,False,45629944e398,0f6b661,e718e5866dea,"stated by Polaron, not image-verified"
features,F06_c2_clark_evans_R,silicon_particle,xgj4xftb,0.7817392408667544,0.7165975289641693,0.05697894790273397,1.1432592966403206,False,45629944e398,0f6b661,e718e5866dea,"stated by Polaron, not image-verified"
features,F07_c2_solidity_area_weighted_median,silicon_particle,0grcilhi,0.6663169196232492,0.833306777233684,0.05175975076300818,-3.226249260260727,False,45629944e398,0f6b661,e718e5866dea,"stated by Polaron, not image-verified"
features,F07_c2_solidity_area_weighted_median,silicon_particle,71vgq3fw,0.8422486063236734,0.8225262669387883,0.06932491084024421,0.2844913775703837,False,45629944e398,0f6b661,e718e5866dea,"stated by Polaron, not image-verified"
features,F07_c2_solidity_area_weighted_median,silicon_particle,9luzk4jm,0.8996859930469889,0.8225262669387883,0.06377452775298129,1.2098831434246669,False,45629944e398,0f6b661,e718e5866dea,"stated by Polaron, not image-verified"
features,F07_c2_solidity_area_weighted_median,silicon_particle,cfe5vt7s,0.8944404863138057,0.8225262669387883,0.06377452775298129,1.1276323307882998,False,45629944e398,0f6b661,e718e5866dea,"stated by Polaron, not image-verified"
features,F07_c2_solidity_area_weighted_median,silicon_particle,hawkfj64,0.7982924846091299,0.833306777233684,0.05397675440372272,-0.6486920714547284,False,45629944e398,0f6b661,e718e5866dea,"stated by Polaron, not image-verified"
features,F07_c2_solidity_area_weighted_median,silicon_particle,hzumfsms,0.8243649481436945,0.8314680960287777,0.0560677550314259,-0.12668864449988848,False,45629944e398,0f6b661,e718e5866dea,"stated by Polaron, not image-verified"
features,F07_c2_solidity_area_weighted_median,silicon_particle,kbdh4tri,0.7984981226533167,0.833306777233684,0.05412919388587833,-0.6430661918548999,False,45629944e398,0f6b661,e718e5866dea,"stated by Polaron, not image-verified"
features,F07_c2_solidity_area_weighted_median,silicon_particle,mgxahqnk,0.8106029646691681,0.833306777233684,0.05412919388587833,-0.419437477904857,False,45629944e398,0f6b661,e718e5866dea,"stated by Polaron, not image-verified"
features,F07_c2_solidity_area_weighted_median,silicon_particle,pl8uabbv,0.8638244025891858,0.8225262669387883,0.06932491084024421,0.5957185541221541,False,45629944e398,0f6b661,e718e5866dea,"stated by Polaron, not image-verified"
features,F07_c2_solidity_area_weighted_median,silicon_particle,ptg8lmto,0.820687585733882,0.833306777233684,0.05412919388587833,-0.23313097044096479,False,45629944e398,0f6b661,e718e5866dea,"stated by Polaron, not image-verified"
features,F07_c2_solidity_area_weighted_median,silicon_particle,tuy3zymq,0.6132075471698113,0.833306777233684,0.05175975076300818,-4.252323993437269,True,45629944e398,0f6b661,e718e5866dea,"stated by Polaron, not image-verified"
features,F07_c2_solidity_area_weighted_median,silicon_particle,ufdvpb81,0.8897495755517827,0.8225262669387883,0.06377452775298129,1.054077716943218,False,45629944e398,0f6b661,e718e5866dea,"stated by Polaron, not image-verified"
features,F07_c2_solidity_area_weighted_median,silicon_particle,utfgcjfa,0.8031390883286025,0.833306777233684,0.05412919388587833,-0.5573275110781185,False,45629944e398,0f6b661,e718e5866dea,"stated by Polaron, not image-verified"
features,F07_c2_solidity_area_weighted_median,silicon_particle,vc2whyaq,0.8843622688812285,0.8225262669387883,0.06377452775298129,0.9696034470368861,False,45629944e398,0f6b661,e718e5866dea,"stated by Polaron, not image-verified"
features,F07_c2_solidity_area_weighted_median,silicon_particle,x77cy643,0.8713117667970138,0.8225262669387883,0.06377452775298129,0.7649684219879616,False,45629944e398,0f6b661,e718e5866dea,"stated by Polaron, not image-verified"
features,F07_c2_solidity_area_weighted_median,silicon_particle,x7u69zsw,0.8672587906071298,0.8225262669387883,0.06677899900254229,0.6698591523757131,False,45629944e398,0f6b661,e718e5866dea,"stated by Polaron, not image-verified"
features,F07_c2_solidity_area_weighted_median,silicon_particle,xgj4xftb,0.6895121951219512,0.833306777233684,0.05175975076300818,-2.7781158137743653,False,45629944e398,0f6b661,e718e5866dea,"stated by Polaron, not image-verified"
features,F08_c0_local_thickness_median_px,void_morphology,0grcilhi,38.4,26.0,1.4826,8.36368541750978,True,45629944e398,0f6b661,e718e5866dea,"stated by Polaron, not image-verified"
features,F08_c0_local_thickness_median_px,void_morphology,71vgq3fw,24.0,26.0,1.4826,-1.3489815189531904,False,45629944e398,0f6b661,e718e5866dea,"stated by Polaron, not image-verified"
features,F08_c0_local_thickness_median_px,void_morphology,9luzk4jm,28.0,26.0,1.4826,1.3489815189531904,False,45629944e398,0f6b661,e718e5866dea,"stated by Polaron, not image-verified"
features,F08_c0_local_thickness_median_px,void_morphology,cfe5vt7s,26.0,26.0,2.9652,0.0,False,45629944e398,0f6b661,e718e5866dea,"stated by Polaron, not image-verified"
features,F08_c0_local_thickness_median_px,void_morphology,hawkfj64,26.0,26.0,2.9652,0.0,False,45629944e398,0f6b661,e718e5866dea,"stated by Polaron, not image-verified"
features,F08_c0_local_thickness_median_px,void_morphology,hzumfsms,32.0,26.0,1.4826,4.046944556859572,True,45629944e398,0f6b661,e718e5866dea,"stated by Polaron, not image-verified"
features,F08_c0_local_thickness_median_px,void_morphology,kbdh4tri,22.0,26.0,1.4826,-2.697963037906381,False,45629944e398,0f6b661,e718e5866dea,"stated by Polaron, not image-verified"
features,F08_c0_local_thickness_median_px,void_morphology,mgxahqnk,26.0,26.0,2.9652,0.0,False,45629944e398,0f6b661,e718e5866dea,"stated by Polaron, not image-verified"
features,F08_c0_local_thickness_median_px,void_morphology,pl8uabbv,26.0,26.0,2.9652,0.0,False,45629944e398,0f6b661,e718e5866dea,"stated by Polaron, not image-verified"
features,F08_c0_local_thickness_median_px,void_morphology,ptg8lmto,22.0,26.0,1.4826,-2.697963037906381,False,45629944e398,0f6b661,e718e5866dea,"stated by Polaron, not image-verified"
features,F08_c0_local_thickness_median_px,void_morphology,tuy3zymq,24.0,26.0,1.4826,-1.3489815189531904,False,45629944e398,0f6b661,e718e5866dea,"stated by Polaron, not image-verified"
features,F08_c0_local_thickness_median_px,void_morphology,ufdvpb81,28.0,26.0,1.4826,1.3489815189531904,False,45629944e398,0f6b661,e718e5866dea,"stated by Polaron, not image-verified"
features,F08_c0_local_thickness_median_px,void_morphology,utfgcjfa,28.0,26.0,1.4826,1.3489815189531904,False,45629944e398,0f6b661,e718e5866dea,"stated by Polaron, not image-verified"
features,F08_c0_local_thickness_median_px,void_morphology,vc2whyaq,26.0,26.0,2.9652,0.0,False,45629944e398,0f6b661,e718e5866dea,"stated by Polaron, not image-verified"
features,F08_c0_local_thickness_median_px,void_morphology,x77cy643,26.0,26.0,2.9652,0.0,False,45629944e398,0f6b661,e718e5866dea,"stated by Polaron, not image-verified"
features,F08_c0_local_thickness_median_px,void_morphology,x7u69zsw,26.0,26.0,2.9652,0.0,False,45629944e398,0f6b661,e718e5866dea,"stated by Polaron, not image-verified"
features,F08_c0_local_thickness_median_px,void_morphology,xgj4xftb,26.0,26.0,2.9652,0.0,False,45629944e398,0f6b661,e718e5866dea,"stated by Polaron, not image-verified"
features,F09_c0_chord_anisotropy_h_over_v,void_morphology,0grcilhi,1.1839536896963723,1.1622369867410818,0.03322631198519135,0.6535995618463288,False,45629944e398,0f6b661,e718e5866dea,"stated by Polaron, not image-verified"
features,F09_c0_chord_anisotropy_h_over_v,void_morphology,71vgq3fw,1.1074885699549768,1.1641726832172896,0.028609205944072135,-1.9813242413342074,False,45629944e398,0f6b661,e718e5866dea,"stated by Polaron, not image-verified"
features,F09_c0_chord_anisotropy_h_over_v,void_morphology,9luzk4jm,1.1526298506428165,1.1641726832172896,0.036814289842632894,-0.31354217679641,False,45629944e398,0f6b661,e718e5866dea,"stated by Polaron, not image-verified"
features,F09_c0_chord_anisotropy_h_over_v,void_morphology,cfe5vt7s,1.1606741885589378,1.1641726832172896,0.036814289842632894,-0.09503088809553496,False,45629944e398,0f6b661,e718e5866dea,"stated by Polaron, not image-verified"
features,F09_c0_chord_anisotropy_h_over_v,void_morphology,hawkfj64,1.2079209329569403,1.1622369867410818,0.028609205944072135,1.5968267803435574,False,45629944e398,0f6b661,e718e5866dea,"stated by Polaron, not image-verified"
features,F09_c0_chord_anisotropy_h_over_v,void_morphology,hzumfsms,1.2243295226941693,1.1622369867410818,0.028609205944072135,2.170369078906685,False,45629944e398,0f6b661,e718e5866dea,"stated by Polaron, not image-verified"
features,F09_c0_chord_anisotropy_h_over_v,void_morphology,kbdh4tri,1.1590133462603949,1.1641726832172896,0.036814289842632894,-0.14014495400967805,False,45629944e398,0f6b661,e718e5866dea,"stated by Polaron, not image-verified"
features,F09_c0_chord_anisotropy_h_over_v,void_morphology,mgxahqnk,1.1741549493060557,1.1622369867410818,0.036814289842632894,0.3237319697301963,False,45629944e398,0f6b661,e718e5866dea,"stated by Polaron, not image-verified"
features,F09_c0_chord_anisotropy_h_over_v,void_morphology,pl8uabbv,1.1088726930381831,1.1641726832172896,0.028609205944072135,-1.9329439022953625,False,45629944e398,0f6b661,e718e5866dea,"stated by Polaron, not image-verified"
features,F09_c0_chord_anisotropy_h_over_v,void_morphology,ptg8lmto,1.2213208480051894,1.1622369867410818,0.028609205944072135,2.065204514225598,False,45629944e398,0f6b661,e718e5866dea,"stated by Polaron, not image-verified"
features,F09_c0_chord_anisotropy_h_over_v,void_morphology,tuy3zymq,1.1678952405983687,1.1622369867410818,0.036814289842632894,0.15369721598525454,False,45629944e398,0f6b661,e718e5866dea,"stated by Polaron, not image-verified"
features,F09_c0_chord_anisotropy_h_over_v,void_morphology,ufdvpb81,1.163799784923226,1.1626098850351456,0.036814289842632894,0.03232168522513272,False,45629944e398,0f6b661,e718e5866dea,"stated by Polaron, not image-verified"
features,F09_c0_chord_anisotropy_h_over_v,void_morphology,utfgcjfa,1.1453603996058932,1.1641726832172896,0.036814289842632894,-0.5110049301999791,False,45629944e398,0f6b661,e718e5866dea,"stated by Polaron, not image-verified"
features,F09_c0_chord_anisotropy_h_over_v,void_morphology,vc2whyaq,1.250653605966074,1.1622369867410818,0.028609205944072135,3.0904953950080625,False,45629944e398,0f6b661,e718e5866dea,"stated by Polaron, not image-verified"
features,F09_c0_chord_anisotropy_h_over_v,void_morphology,x77cy643,1.1227728765462681,1.1641726832172896,0.028609205944072135,-1.4470798928132989,False,45629944e398,0f6b661,e718e5866dea,"stated by Polaron, not image-verified"
features,F09_c0_chord_anisotropy_h_over_v,void_morphology,x7u69zsw,1.1645455815113535,1.1622369867410818,0.036814289842632894,0.06270920287040828,False,45629944e398,0f6b661,e718e5866dea,"stated by Polaron, not image-verified"
features,F09_c0_chord_anisotropy_h_over_v,void_morphology,xgj4xftb,1.1342918930652743,1.1641726832172896,0.028609205944072135,-1.044446679520884,False,45629944e398,0f6b661,e718e5866dea,"stated by Polaron, not image-verified"
features,F10_c0_fraction_iqr_512px,void_morphology,0grcilhi,0.04763221740722656,0.0485539436340332,0.00961039752960205,-0.09590927159542877,False,45629944e398,0f6b661,e718e5866dea,"stated by Polaron, not image-verified"
features,F10_c0_fraction_iqr_512px,void_morphology,71vgq3fw,0.03154945373535156,0.048769474029541016,0.008224051380157471,-2.0938609814302658,False,45629944e398,0f6b661,e718e5866dea,"stated by Polaron, not image-verified"
features,F10_c0_fraction_iqr_512px,void_morphology,9luzk4jm,0.062186241149902344,0.04741668701171875,0.00621840934753418,2.3751337862696746,False,45629944e398,0f6b661,e718e5866dea,"stated by Polaron, not image-verified"
features,F10_c0_fraction_iqr_512px,void_morphology,cfe5vt7s,0.05608081817626953,0.04741668701171875,0.00621840934753418,1.3933034447123391,False,45629944e398,0f6b661,e718e5866dea,"stated by Polaron, not image-verified"
features,F10_c0_fraction_iqr_512px,void_morphology,hawkfj64,0.038238525390625,0.048769474029541016,0.008224051380157471,-1.280506182673481,False,45629944e398,0f6b661,e718e5866dea,"stated by Polaron, not image-verified"
features,F10_c0_fraction_iqr_512px,void_morphology,hzumfsms,0.09892559051513672,0.04741668701171875,0.00621840934753418,8.28329249888367,True,45629944e398,0f6b661,e718e5866dea,"stated by Polaron, not image-verified"
features,F10_c0_fraction_iqr_512px,void_morphology,kbdh4tri,0.0442047119140625,0.048769474029541016,0.00961039752960205,-0.47498161251062576,False,45629944e398,0f6b661,e718e5866dea,"stated by Polaron, not image-verified"
features,F10_c0_fraction_iqr_512px,void_morphology,mgxahqnk,0.07040786743164062,0.04741668701171875,0.00621840934753418,3.697276768863519,True,45629944e398,0f6b661,e718e5866dea,"stated by Polaron, not image-verified"
features,F10_c0_fraction_iqr_512px,void_morphology,pl8uabbv,0.051025390625,0.04741668701171875,0.00961039752960205,0.3754999314196611,False,45629944e398,0f6b661,e718e5866dea,"stated by Polaron, not image-verified"
features,F10_c0_fraction_iqr_512px,void_morphology,ptg8lmto,0.05589485168457031,0.04741668701171875,0.00621840934753418,1.363397647054782,False,45629944e398,0f6b661,e718e5866dea,"stated by Polaron, not image-verified"
features,F10_c0_fraction_iqr_512px,void_morphology,tuy3zymq,0.043514251708984375,0.048769474029541016,0.00961039752960205,-0.5468267368097364,False,45629944e398,0f6b661,e718e5866dea,"stated by Polaron, not image-verified"
features,F10_c0_fraction_iqr_512px,void_morphology,ufdvpb81,0.044541358947753906,0.048769474029541016,0.00961039752960205,-0.4399521527349544,False,45629944e398,0f6b661,e718e5866dea,"stated by Polaron, not image-verified"
features,F10_c0_fraction_iqr_512px,void_morphology,utfgcjfa,0.04720115661621094,0.048769474029541016,0.00961039752960205,-0.16318965042802133,False,45629944e398,0f6b661,e718e5866dea,"stated by Polaron, not image-verified"
features,F10_c0_fraction_iqr_512px,void_morphology,vc2whyaq,0.04990673065185547,0.04741668701171875,0.00961039752960205,0.2590989220234501,False,45629944e398,0f6b661,e718e5866dea,"stated by Polaron, not image-verified"
features,F10_c0_fraction_iqr_512px,void_morphology,x77cy643,0.04618644714355469,0.048769474029541016,0.00961039752960205,-0.26877419774052647,False,45629944e398,0f6b661,e718e5866dea,"stated by Polaron, not image-verified"
features,F10_c0_fraction_iqr_512px,void_morphology,x7u69zsw,0.04293060302734375,0.048769474029541016,0.009177738761901855,-0.6361993028648057,False,45629944e398,0f6b661,e718e5866dea,"stated by Polaron, not image-verified"
features,F10_c0_fraction_iqr_512px,void_morphology,xgj4xftb,0.06533050537109375,0.04741668701171875,0.00621840934753418,2.880771811279755,False,45629944e398,0f6b661,e718e5866dea,"stated by Polaron, not image-verified"
features,F11_c2_perimeter_fraction_adjacent_c0,silicon_particle,0grcilhi,0.0002175805047867711,0.0006163424557806623,0.0005800392169685997,-0.6874741212807998,False,45629944e398,0f6b661,e718e5866dea,"stated by Polaron, not image-verified"
features,F11_c2_perimeter_fraction_adjacent_c0,silicon_particle,71vgq3fw,0.0005640387500436112,0.0005809588151938297,0.0005745054627529169,-0.0294515304852644,False,45629944e398,0f6b661,e718e5866dea,"stated by Polaron, not image-verified"
features,F11_c2_perimeter_fraction_adjacent_c0,silicon_particle,9luzk4jm,3.603084240109534e-05,0.0006163424557806623,0.0005581544051312383,-1.039697273809241,False,45629944e398,0f6b661,e718e5866dea,"stated by Polaron, not image-verified"
features,F11_c2_perimeter_fraction_adjacent_c0,silicon_particle,cfe5vt7s,0.00026216442953020134,0.0006163424557806623,0.0006130892803809046,-0.5776940448712701,False,45629944e398,0f6b661,e718e5866dea,"stated by Polaron, not image-verified"
features,F11_c2_perimeter_fraction_adjacent_c0,silicon_particle,hawkfj64,0.0003066118236461352,0.0006163424557806623,0.0006130892803809046,-0.5051966198823366,False,45629944e398,0f6b661,e718e5866dea,"stated by Polaron, not image-verified"
features,F11_c2_perimeter_fraction_adjacent_c0,silicon_particle,hzumfsms,0.0016090643960980189,0.0005286551094567785,0.00048308402072111455,2.2364831795274034,False,45629944e398,0f6b661,e718e5866dea,"stated by Polaron, not image-verified"
features,F11_c2_perimeter_fraction_adjacent_c0,silicon_particle,kbdh4tri,0.0004167704817776167,0.0006163424557806623,0.0006130892803809046,-0.3255186159494651,False,45629944e398,0f6b661,e718e5866dea,"stated by Polaron, not image-verified"
features,F11_c2_perimeter_fraction_adjacent_c0,silicon_particle,mgxahqnk,0.0001029255061513126,0.0006163424557806623,0.0005581544051312383,-0.9198475276901747,False,45629944e398,0f6b661,e718e5866dea,"stated by Polaron, not image-verified"
features,F11_c2_perimeter_fraction_adjacent_c0,silicon_particle,pl8uabbv,0.00018805829807240243,0.0006163424557806623,0.0005581544051312383,-0.7673220058301929,False,45629944e398,0f6b661,e718e5866dea,"stated by Polaron, not image-verified"
features,F11_c2_perimeter_fraction_adjacent_c0,silicon_particle,ptg8lmto,0.001693061973122641,0.0005286551094567785,0.00048308402072111455,2.4103609594200948,False,45629944e398,0f6b661,e718e5866dea,"stated by Polaron, not image-verified"
features,F11_c2_perimeter_fraction_adjacent_c0,silicon_particle,tuy3zymq,0.0007541424976917602,0.0005286551094567785,0.0005680777712095799,0.3969304902652017,False,45629944e398,0f6b661,e718e5866dea,"stated by Polaron, not image-verified"
features,F11_c2_perimeter_fraction_adjacent_c0,silicon_particle,ufdvpb81,0.0018358248098610018,0.0005286551094567785,0.00048308402072111455,2.7058847826367147,False,45629944e398,0f6b661,e718e5866dea,"stated by Polaron, not image-verified"
features,F11_c2_perimeter_fraction_adjacent_c0,silicon_particle,utfgcjfa,0.0015369436635779058,0.0005286551094567785,0.00048308402072111455,2.0871908630221787,False,45629944e398,0f6b661,e718e5866dea,"stated by Polaron, not image-verified"
features,F11_c2_perimeter_fraction_adjacent_c0,silicon_particle,vc2whyaq,0.0006686461615177134,0.0005286551094567785,0.0005680777712095799,0.24642937843327134,False,45629944e398,0f6b661,e718e5866dea,"stated by Polaron, not image-verified"
features,F11_c2_perimeter_fraction_adjacent_c0,silicon_particle,x77cy643,0.0009630555498637379,0.0005286551094567785,0.00048308402072111455,0.8992233685529822,False,45629944e398,0f6b661,e718e5866dea,"stated by Polaron, not image-verified"
features,F11_c2_perimeter_fraction_adjacent_c0,silicon_particle,x7u69zsw,0.0004932714688699459,0.0006163424557806623,0.0006130892803809046,-0.20073909436852977,False,45629944e398,0f6b661,e718e5866dea,"stated by Polaron, not image-verified"
features,F11_c2_perimeter_fraction_adjacent_c0,silicon_particle,xgj4xftb,0.0011748246731117609,0.0005286551094567785,0.00048308402072111455,1.3375925013839722,False,45629944e398,0f6b661,e718e5866dea,"stated by Polaron, not image-verified"
