sample_id,old_scale,new_scale,old_glow_frac_of_c2,new_glow_frac_of_c2,old_F02_glow_excluded,new_F02_glow_excluded
4ih2ggld,1.0,1.0,0.15106435286629313,0.1536413086906511,0.17271969602591256,0.17219540301482497
5n1q8atc,1.0,0.9997563451330042,0.14241896160855633,0.14538335159597435,0.18733745455450967,0.18668988744459386
f1vzngrs,1.0,1.000243714249159,0.18071731128498233,0.19424079314873388,0.07436738274995755,0.07313983825801779
ffwubibz,1.0,0.9997563451330042,0.08196831857973076,0.07641119639047596,0.06233225778523669,0.06270957371000825
fzrt2k6r,1.0,0.9997563451330042,0.20750880101887564,0.21385199269485397,0.07061079530248043,0.0700456182890666
iv6g2oq0,1.0,0.9997563451330042,0.1726644573222986,0.17387500224729874,0.0563525861573508,0.05627013190068654
uhdslk0o,1.0,1.000243714249159,0.18044470620001996,0.1909959125692897,0.06434964468140544,0.06352118760723469
3806gxp0,1.0,0.999878165144636,0.09271087362378956,0.09242668244947642,0.07626177043591201,0.07628565799442595
avn74qx1,0.9987823191973281,0.9993909741424164,0.07575108343684064,0.077486751967543,0.07204360811213031,0.07190831574532565
b3esycq1,1.0,1.000243714249159,0.1691037717155175,0.1785213236275927,0.09118151234865272,0.09014804198648982
epqdaau9,1.0,0.999878165144636,0.16737383060679414,0.17647566379737537,0.07064022241134386,0.06986802049820656
i9jiqjwl,1.0,0.9996345399632957,0.22626876775678645,0.24445262437527218,0.07577622965968821,0.07399537341684742
r17byphk,1.0012191653569222,1.0006093969961116,0.13687474622250054,0.14181205165975092,0.11369495169468198,0.11304458640791355
rxax5ozo,1.0,1.0,0.14881026378779702,0.14881026378779702,0.08265376555490801,0.08265376555490801
0grcilhi,1.0,0.9996345399632957,0.12370257684249192,0.12866087805491044,0.11000105264818374,0.10937864028190343
71vgq3fw,1.0,1.0,0.1174403279083923,0.11578194719869955,0.0866384837134025,0.0868012824392573
9luzk4jm,1.0,0.9996345399632957,0.04298347721412879,0.042759015227660076,0.0665872518320972,0.06660286943792099
cfe5vt7s,1.0,1.0001218497009046,0.15591345438045473,0.1549421469439265,0.0660734364039177,0.0661494684417095
hawkfj64,1.0,1.000487487894953,0.0,0.15635487194278472,0.09150235344225056,0.07719551468732405
hzumfsms,1.0,1.0,0.07887728909675253,0.0791389884666821,0.09267141773585072,0.09264508894019204
kbdh4tri,1.0,1.0001218497009046,0.15106100057358382,0.1546119116396081,0.0918603719320426,0.09147614172063402
mgxahqnk,0.9975661211411934,0.997323059300627,0.0903908197429229,0.08845243021866916,0.09968290111052866,0.0998953267274351
pl8uabbv,1.0,1.0001218497009046,0.17049769136613468,0.17818872668327054,0.05569981893771376,0.05518337760879985
ptg8lmto,1.0,1.000243714249159,0.14014518177415966,0.14354174090215535,0.06754446970806167,0.0672776586368556
tuy3zymq,0.9987823191973281,0.9993909741424164,0.16664082956816342,0.1722859067553208,0.1035582729773169,0.10285678139353467
ufdvpb81,1.0,1.000243714249159,0.028313348050858098,0.02845072115513609,0.12513261144060114,0.1251149207012609
utfgcjfa,0.9987823191973281,0.9991474676675349,0.14851370862924382,0.15201859665697867,0.08910008824991482,0.08873333445042086
vc2whyaq,0.9987823191973281,0.9991474676675349,0.1314149465717774,0.1335033987842946,0.06001457801625101,0.05987027714698481
x77cy643,1.0,0.9995127496337025,0.09642325491448282,0.10244251258134587,0.0701366896228154,0.06966946776364662
x7u69zsw,1.0,1.0,0.11618179198632118,0.11618179198632118,0.10399293997126224,0.10399293997126224
xgj4xftb,1.0,1.0003655936465718,0.0,0.16940548296639446,0.13680284617615057,0.11362769394850242
