applied_scale,estimated_scale,abs_error,shift_y_px,shift_x_px,same_fov,failed_on
0.990,1.0113957745563233,0.0012947644553131799,0,0,false,scale
0.994,1.0050080318716013,0.0010281854322216066,0,0,false,scale
0.996,1.0017072475802287,0.0023088166767994966,0.10000000000000001,0,true,none
0.997,1.0008532597640019,0.0021557673172418745,0,0,true,none
0.9975,1.0003655936465718,0.0021406720175884963,0.10000000000000001,0.10000000000000001,true,none
0.998,1.0001218497009046,0.0018821583151273913,0,0,true,none
0.9985,1,0.001502253380070151,0,0,true,none
1.0,1,0,0,0,true,none
1.0015,1,0.0014977533699451762,0,0,true,none
1.002,0.99987816514463601,0.0018741731286679997,0,0,true,none
1.0025,0.99963453996329565,0.0021283055493305225,-0.10000000000000001,-0.10000000000000001,true,none
1.003,0.99914746766753493,0.0021384945867770622,0,0,true,none
1.004,0.99841730417429453,0.0024013679193144455,-0.10000000000000001,0,true,none
1.005,0.99756612114119336,0.0025412455193026817,-0.20000000000000001,-0.10000000000000001,false,scale
1.006,0.99538069539963392,0.0013449101113635065,0,0,false,scale
1.008,0.9906620169038014,0.0014014751596906905,0,0,false,scale
1.010,0.98873262589877597,0.001366384002214116,0,0,false,scale
