id,claim,quantity_bounded,threshold_or_direction,source_doi,source_type,evidence_grade,applies_if,cannot_cover,status,observed,inferred,source_locator,source_access,checked_url,bibkey
L1,Crystalline Si nanoparticles have a critical diameter of about 150 nm: below it particles neither cracked nor fractured on first lithiation; above it they formed surface cracks and then fractured.,"Si particle diameter (3D, single crystalline particle)",~150 nm; larger -> higher fracture risk (direction for us),10.1021/nn204476h,peer-reviewed primary measurement,A,"Isolated crystalline Si nanoparticles, in-situ TEM, first lithiation.",Batch acceptance limit; 2D section diameters of agglomerates; SiOx vs Si; cycled electrodes.,verified,~150 nm critical diameter (abstract).,"Our class-2 median equivalent diameter 8.4 px (0.21 um if 25 nm/px) and p90 41 px (~1.0 um) are above 150 nm; 150 nm = 6 px is at our segmentation floor (20 px min component ~ 5 px diameter), so L1 cannot discriminate batches here; direction only.",Abstract; ACS Nano 6(2):1522-1531 (2012).,abstract,https://api.crossref.org/works/10.1021/nn204476h,liu2012
L1b,"Fracture of crystalline Si nanopillars during lithiation is anisotropic and size dependent (pillar diameter), confirming a size effect independent of Liu 2012.",Si feature size vs fracture,direction: larger Si features fracture more readily; exact critical diameter not found in abstract,10.1073/pnas.1201088109,peer-reviewed primary measurement,A,Crystalline Si pillars with known orientation.,A numeric cutoff for our images; the exact value was not found in the accessible abstract.,not_found,"Anisotropic, size-dependent fracture of Si nanopillars (abstract).",Supports L1 direction only.,Abstract; PNAS 109(11):4080-4085 (2012).,abstract,https://api.crossref.org/works/10.1073/pnas.1201088109,lee2012
L2,In graphite-Si composite electrodes the gap (detachment distance) between Si particles and the carbon-black/binder domain grows with particle radius and with cycle number; detachment electrically isolates particles and drives capacity fade.,Si-matrix detachment gap and detached-particle fraction,increases with particle radius and cycle number; no universal cutoff,10.1038/s41467-018-04477-1,peer-reviewed primary measurement,A,Si/graphite composite electrodes; X-ray tomographic microscopy plus BSE-SEM cross-sections; binder domain separately segmented.,"Our 3-class masks have no binder class; dark rims around class-2 particles may be pores, binder, or preparation artefacts.",verified,"Fig. 2 (gap formation after 1, 5, 10 cycles), Fig. 3 (detachment vs radius), Results section on carbon black-binder domain detachment.","D1 candidate feature = dark rim around class-2 particle; only ""investigate"" after artefact review; never a verdict on its own.",Figs 2-4 and Results; Nat Commun 9:2340 (2018).,full_text,https://api.crossref.org/works/10.1038/s41467-018-04477-1,muller2018
L2b,Müller et al. fitted an adhesion parameter kappa_0 ~ 0.02 um with upper bound < 0.05 um in their detachment model.,model adhesion parameter,model parameter only; not an image threshold,10.1038/s41467-018-04477-1,peer-reviewed primary measurement,A,Their five-phase segmentation and mechanical model.,Direct comparison with our void-rim widths.,verified,"kappa_0 ~ 0.02 um, < 0.05 um (Results after Fig. 4; Supplementary Note 11).",Not used as a bound.,Results after Fig. 4; Supplementary Note 11.,full_text,https://api.crossref.org/works/10.1038/s41467-018-04477-1,muller2018
L3a,Chae et al. review graphite/Si co-utilisation for commercial cells; no numeric commercial Si wt% range was found in the accessible abstract.,Si mass fraction in commercial Si/graphite anodes,not found in accessible text,10.1002/anie.201902085,peer-reviewed review,B,Mass-fraction data are available from the manufacturer.,"The draft ""3-10 wt%"" range: not confirmed from this source.",not_found,Review scope only (abstract).,Draft L3 range is NOT supported by this citation; replaced by L3b/L3c direction.,Abstract; Angew. Chem. Int. Ed. 59:110-135 (2019).,abstract,https://api.crossref.org/works/10.1002/anie.201902085,chae2019
L3b,Battery manufacturers have introduced small amounts of Si (<6-8 wt%) into graphite anodes; SiOx blends are usually < 10 wt%.,Si (or SiOx) mass fraction in commercial anodes,< 6-8 wt% Si; SiOx < 10 wt% (direction: low loading),10.1038/s41467-021-25334-8,peer-reviewed review,B,Mass fraction known independently.,"Converting class-2 area fraction to wt% (needs phase identity, densities, isotropy, binder/CB accounting).",verified,"""battery manufacturers have introduced small amounts of Si (<6-8 wt.%)""; ""SiOx < 10 wt.%"" (Introduction).","If class 2 = Si, Delesse holds, and bulk densities Si 2.33 / graphite 2.2 g cm-3 are assumed, class-2 area 0.09 of a 0.92 solid fraction gives ~10 wt% of solids: at or above this range. Every assumption is unverified, so this is a flag to confirm composition with Polaron, not a verdict.",Introduction paragraph on Si-Gr anodes; Nat Commun 12:5459 (2021).,full_text,https://api.crossref.org/works/10.1038/s41467-021-25334-8,eshetu2021
L3c,Graphite-silicon composite negative electrodes typically contain 5-20 wt% Si (statement in the introduction of a primary paper).,Si mass fraction,5-20 wt% typical in research composites,10.1038/s41467-018-04477-1,peer-reviewed primary measurement (introductory statement),B,Research/model electrodes.,Commercial specification.,verified,"""5-20 wt.% of silicon is added to graphitic negative electrodes"" (Introduction).",Our inferred ~10 wt% (see L3b assumptions) is inside this range.,Introduction; Nat Commun 9:2340 (2018).,full_text,https://api.crossref.org/works/10.1038/s41467-018-04477-1,muller2018
L3d,A 2022 teardown of a 78 Ah automotive pouch cell found a silicon-free graphite anode.,Si mass fraction in a commercial anode,0 wt% Si exists in production cells,10.1149/1945-7111/ac4e11,peer-reviewed primary measurement,A,Automotive cells of that generation.,A lower bound on Si content for all commercial anodes.,verified,"""Silicon-free graphite was used as the anode active material"" (abstract).",No universal lower bound on Si content; the draft lower limit of 3 wt% is dropped.,Abstract; J. Electrochem. Soc. 169:030515 (2022).,abstract,https://api.crossref.org/works/10.1149/1945-7111/ac4e11,gunter2022
L4a,Calendering compacts electrodes and changes density/porosity and electrochemical properties; no universal 25-40 % porosity window was found in the accessible record of Meyer et al.,electrode porosity after calendering,direction: calendering lowers porosity; numeric window not found,10.1016/j.jmatprotec.2017.05.031,peer-reviewed primary measurement,A,Electrodes processed as in the paper.,The draft 25-40 % window as a literature bound.,not_found,Characterisation of calendering (abstract).,Draft L4 becomes direction-only; see L4b-L4d for the only numbers found.,Abstract; J. Mater. Process. Technol. 249:172-178 (2017).,abstract,https://api.crossref.org/works/10.1016/j.jmatprotec.2017.05.031,meyer2017
L4b,"For graphite electrodes (8 wt% binder, 4 wt% conductive additive) a compression rate of 10 % was beneficial for long-term cycling; stronger compaction deforms active material and changes specific pore-size ranges.",graphite anode compaction,moderate compaction (10 % compression) beneficial; over-compaction harmful,10.1149/05026.0059ecst,peer-reviewed primary measurement,A,Graphite electrodes of that recipe.,A porosity number for our electrode.,verified,Compression rate of 10 % identified as beneficial (abstract).,Direction only.,Abstract; ECS Trans. 50(26):59-70 (2013).,abstract,https://api.crossref.org/works/10.1149/05026.0059ecst,haselrieder2013
L4c,Direct 3D X-ray tomography of a graphite electrode gave pore volume fraction 0.484; slice-wise 2D area fractions ranged 0.443-0.531 (max under/over-estimation 8.6 % / 9.8 %).,graphite electrode pore fraction and its 2D sampling scatter,reference value 0.484 (one electrode); 2D single-slice error up to ~10 % relative,10.1111/jmi.12389,peer-reviewed primary measurement,A,Uncalendered research graphite electrode imaged by synchrotron X-ray tomography at micrometre resolution.,"Our class 0 (0.10) is a BSE grey-level class at 25 nm/px that lumps pores, binder/CB and sub-resolution material; not the same quantity.",verified,"Table 3: Graphite 3D 0.484; x/y/z 2D means 0.484, SD 0.005-0.013, min 0.443, max 0.531.","Our class-0 area 0.10 is far below this and below the draft 25-40 %; the difference is more plausibly segmentation/phase-lumping or resin-filled pores than a material fact -> investigate reason, not a verdict.",Table 3; J. Microsc. 263(3):280-292 (2016).,full_text,https://api.crossref.org/works/10.1111/jmi.12389,taiwo2016
L4d,"FIB-SEM of porous materials exposes sub-surface pore walls whose grey levels overlap with the solid, complicating pore segmentation.",pore/solid grey-level overlap in FIB-SEM,direction: FIB-SEM pore fractions from grey-level thresholds are biased,10.1017/s1431927620001592,peer-reviewed primary measurement,C,"Porous, poorly conducting samples imaged by FIB-SEM.",A correction factor for our class-0 fraction.,verified,Overlap of grey levels between solid and pore areas (abstract).,Explains why class-0 fraction cannot be read as porosity without validation.,Abstract; Microsc. Microanal. 26:837-845 (2020).,abstract,https://api.crossref.org/works/10.1017/s1431927620001592,fager2020
L5,"Inhomogeneities from nanoscale to mesoscale (composition, porosity, particle size, contact) can reduce Li-ion battery durability.",within-electrode heterogeneity,direction: more harmful heterogeneity -> worse durability; no numeric cutoff,10.1021/jp311431z,peer-reviewed review,B,Heterogeneity KPI defined on an image and compared within one electrode design.,Numeric threshold or causal proof from our images.,verified,Review of inhomogeneity effects (abstract).,Report tile-to-tile dispersion (SD/IQR of fractions) per image as a KPI; direction only.,Abstract; J. Phys. Chem. C 117:6481-6492 (2013).,abstract,https://api.crossref.org/works/10.1021/jp311431z,harris2013
L5b,Simulated electrodes with microstructural heterogeneity (porosity/thickness variation) show degraded performance relative to homogeneous ones.,heterogeneity effect (model),direction only,10.1149/2.1281809jes,peer-reviewed model study,B,Model assumptions of that work.,Threshold for our images.,verified,Modelling of heterogeneity effects (abstract).,Direction only.,Abstract; J. Electrochem. Soc. 165:A2127 (2018).,abstract,https://api.crossref.org/works/10.1149/2.1281809jes,forouzan2018
L6a,Particle shape and fabrication-induced alignment produce tortuosity anisotropy in Li-ion electrodes.,graphite flake orientation / anisotropy,direction: alignment changes through-plane vs in-plane transport,10.1002/aenm.201301278,peer-reviewed primary measurement,A,Through-plane direction known in the image.,Our image axes are not confirmed relative to the current-collector normal; 2D chord anisotropy is not tortuosity.,verified,Tortuosity anisotropy from X-ray tomography (abstract).,Report a 2D orientation/anisotropy KPI only as a within-dataset comparison.,Abstract; Adv. Energy Mater. 4:1301278 (2013).,abstract,https://api.crossref.org/works/10.1002/aenm.201301278,ebner2013
L6b,Magnetically aligning graphite flakes in model anodes increased lithium storage capacity at practical charging rates by a factor 1.6-3 relative to a conventional reference.,graphite flake alignment effect,direction: alignment matters; 1.6-3x at high rate in model anodes,10.1038/nenergy.2016.97,peer-reviewed primary measurement,A,Model anodes; rate performance.,Translating a 2D orientation index into a pass/fail bound.,verified,"Factor 1.6-3 (corrigendum text, Nature Energy 2:17061 (2017), which updates the last sentence of the article).",Direction only.,Abstract + Corrigendum; Nature Energy 1:16097 (2016).,abstract,https://api.crossref.org/works/10.1038/nenergy.2016.97,billaud2016
L6c,Electrode/separator tortuosity can be measured by impedance spectroscopy and compared with microstructural estimates.,tortuosity,method/reference only,10.1149/2.1141607jes,peer-reviewed primary measurement,B,Electrochemical access to the electrode.,Any value from our images.,verified,Impedance-based tortuosity method (abstract).,Not applicable to image-only QC.,Abstract; J. Electrochem. Soc. 163:A1373 (2016).,abstract,https://api.crossref.org/works/10.1149/2.1141607jes,landesfeind2016
X1,Si/graphite electrodes show distinct degradation phenomena (Si vs graphite) that change with cycling; Si nanoparticle morphology changes depend on cut-off potential.,Si particle morphology vs cycling,direction: cycled Si particles change size/morphology; pristine distribution should be documented,10.1149/2.1921712jes,peer-reviewed primary measurement,A,Cycled Si-graphite electrodes.,A pristine particle-size bound.,verified,Degradation phenomena differentiated (abstract).,"Our images are presumably pristine; size distribution is a documented baseline, not a bound.",Abstract; J. Electrochem. Soc. 164:A2840 (2017) and 165:A1503 (2018).,abstract,https://api.crossref.org/works/10.1149/2.1921712jes,wetjen2017
X2,"Si content in Si/graphite composites affects specific capacity, cycling and ageing (systematic variation study).",Si content vs cycle life,"direction: more Si -> more capacity, faster fade; numbers not found in abstract",10.1149/1945-7111/ac4545,peer-reviewed primary measurement,A,Their electrode series.,A threshold for us.,not_found,Role of Si content studied (abstract).,Direction only.,Abstract; J. Electrochem. Soc. 169:010504 (2022).,abstract,https://api.crossref.org/works/10.1149/1945-7111/ac4545,moyassari2022
X3,4D operando nano-holotomography of Si-graphite electrodes resolves multiscale chemo-mechanics (preprint).,Si-graphite mechanical degradation,direction only,10.48550/arXiv.2508.06413,preprint,D,Treated as preprint evidence.,Any threshold.,check,Preprint abstract.,Background only.,Abstract; arXiv:2508.06413.,abstract,https://export.arxiv.org/api/query?id_list=2508.06413,vanpeene2025
X4,Nearest-neighbour distance statistics (Clark-Evans) quantify clustering vs random dispersion of point patterns.,Si particle clustering/agglomeration,"method: R < 1 clustered, R = 1 random, R > 1 regular",10.2307/1931034,widely used method paper,C,Particle centroids treated as a 2D point pattern within the field of view; edge effects handled.,A battery-specific clustering bound (none found).,verified,Clark-Evans R statistic defined.,Report R per image as a KPI; compare batches only.,Ecology 35:445-453 (1954).,abstract,https://api.crossref.org/works/10.2307/1931034,clark1954
X5,Local thickness (largest inscribed sphere) gives a model-independent pore/strut size distribution from binary images.,pore size / local thickness,method only,10.1046/j.1365-2818.1997.1340694.x,widely used method paper,C,Binary pore mask; 2D version is a planar approximation.,A pore-size bound for anodes (none found).,verified,Local thickness definition (abstract).,Use for class-0 and class-1 size KPIs in px; px->nm only if pixel size confirmed.,J. Microsc. 185:67-75 (1997).,abstract,https://api.crossref.org/works/10.1046/j.1365-2818.1997.1340694.x,hildebrand1997
D1,"Cracks, particle detachment and electrical isolation are visible in cross-sectional SEM/X-ray imaging of Si/graphite electrodes and are mechanistic degradation features.",cracks / detachment / isolation,"presence -> investigate, only after artefact review",10.1038/s41467-018-04477-1,peer-reviewed primary measurement,A,"Feature is exposed by the cross-section and survives artefact review (curtaining, redeposition, pull-out).",A verdict from a single dark cavity or line.,verified,Figs 2-3 detachment gaps; electrical isolation modelled.,Feature-1 candidate definitions; no inter-annotator agreement figure found for battery cross-sections.,Figs 2-3; Nat Commun 9:2340 (2018).,full_text,https://api.crossref.org/works/10.1038/s41467-018-04477-1,muller2018
D1b,Microstructural cracking in Ni-rich NMC811 cathodes was identified and its origins analysed with cross-sectional imaging.,cathode cracking definitions,direction: crack = intra/inter-particle discontinuity; chemistry differs from ours,10.1002/aenm.202002655,peer-reviewed primary measurement (cathode),B,Cathode secondary particles.,Anode Si/graphite crack criteria.,verified,Cracking origins identified (abstract).,Vocabulary only.,Abstract; Adv. Energy Mater. 10:2002655 (2020).,abstract,https://api.crossref.org/works/10.1002/aenm.202002655,heenan2020
D1c,Foundation-model transfer enables data-efficient crack quantification in Li-ion cathode micrographs (preprint).,crack segmentation method,method only,10.48550/arXiv.2608.27162,preprint,D,Cathode SEM; preprint.,Anode applicability; preprint requires check.,check,Preprint abstract.,Possible Feature-1 method; not evidence.,Abstract; arXiv:2608.27162.,abstract,https://export.arxiv.org/api/query?id_list=2608.27162,tegetmeyer2026
D2,Delamination from the current collector cannot be assessed unless the collector/coating interface is in the field of view.,collector delamination,not measurable in current images,10.1038/s41467-018-04477-1,peer-reviewed primary measurement,A,Collector visible and resolved.,Any D2 verdict from the present 31 fields of view.,not_applicable,Interface imaging in Müller et al.,D2 stays unmeasured; recorded as not_applicable in the ledger.,Dataset audit + Müller Fig. 3.,full_text,https://api.crossref.org/works/10.1038/s41467-018-04477-1,muller2018
D3,"FIB milling produces curtaining (vertical, thin, uneven bands caused by milling through phases of different density) and charging halos; both are imaging artefacts, not structure.",curtaining / charging artefact definitions,"artefact present -> treat as covariate, not defect",10.1111/jmi.13254,peer-reviewed primary method (FIB-SEM),C,FIB-SEM cross-sections.,Proof that a given dark line is artefactual.,verified,"Section 1-2: curtaining ""appear as vertical, thin, uneven bands""; charging from insulating samples.",Vertical line features aligned with the milling direction are excluded from crack candidates unless they cross phase boundaries irregularly.,"Sections 1, 2.2.4, 2.2.5; J. Microsc. 293:98-117 (2024).",full_text,https://api.crossref.org/works/10.1111/jmi.13254,roldan2024
D4,"FIB milling causes redeposition, implantation and amorphisation; preparation can alter soft materials chemically and mechanically.",redeposition / preparation damage,direction: artefact classes to exclude from defect calls,10.1016/S0968-4328(99)00005-0,peer-reviewed review,C,Ga-FIB preparation.,Quantitative artefact fraction in our images.,verified,FIB artefact review (abstract).,Pull-out and smearing near class-2 particles are candidate artefacts; D1 requires rim geometry inconsistent with milling direction.,Abstract; Micron 30:197-204 (1999); see also Bassim 2011 J. Microsc. 245:288-301.,abstract,https://api.crossref.org/works/10.1016/S0968-4328(99)00005-0,giannuzzi1999
D5,Inter-observer variability of manual delineation is substantial even for experts (medical CT study).,annotator agreement,direction: expect disagreement; measure it (Cohen kappa or Dice) before using defect labels,10.1007/s00330-018-5695-5,peer-reviewed primary measurement (medical imaging),C,Manual delineation tasks.,Battery-specific agreement figures (none found).,not_found,Inter-observer variability quantified (abstract).,No published inter-annotator figure for electrode cross-section defects was found; we must measure our own.,Abstract; Eur. Radiol. 29:1391-1399 (2018); kappa: Cohen 1960.,abstract,https://api.crossref.org/works/10.1007/s00330-018-5695-5,joskowicz2018
S1,Hotelling T2 charts for individual observations need an exact (beta-based) start-up limit; approximate F/chi-square limits are conservative in Phase I.,multivariate reference deviation,joint deviation beyond a pre-registered reference envelope,10.1080/00224065.1992.12015232,widely used method paper,C,Image-level feature vectors; reference set defined before evaluation.,Normal-theory limits at n = 17 with p close to n; use permutation / LOO.,verified,Exact beta-distribution limits for Phase I individuals charts (abstract).,Report T2 with image-level permutation null band.,Abstract; J. Qual. Technol. 24:88-95 (1992).,abstract,https://api.crossref.org/works/10.1080/00224065.1992.12015232,tracy1992
S1b,"When parameters are estimated from a small reference sample, T2 chart performance degrades; corrected limits and sample-size recommendations exist.",T2 with estimated parameters,direction: n = 17 reference images is far below recommended sizes,10.1198/004017005000000229,widely used method paper,C,Multivariate normal in-control data.,"Our non-normal, small-n setting; treat limits as heuristics.",verified,Corrected limits for small reference samples (abstract).,Any T2 limit is a screening heuristic; final calibration must be image-level permutation.,Abstract; Technometrics 47:437-445 (2005); review: Jensen 2006.,abstract,https://api.crossref.org/works/10.1198/004017005000000229,champ2005
S2,Robust estimators (e.g. MCD) of location and scatter reduce masking of outliers in Phase I multivariate charts.,reference contamination,use robust reference + LOO screening,10.1080/00224065.2003.11980234,widely used method paper,C,Contamination of the reference batch possible (Batch_3 not guaranteed clean).,Proof that the reference is clean.,verified,Robust T2 for individuals (abstract); FAST-MCD algorithm: Rousseeuw & Van Driessen 1999.,Compute both classical and MCD-based distances; disagreement -> investigate.,Abstract; J. Qual. Technol. 35:367-376 (2003).,abstract,https://api.crossref.org/works/10.1080/00224065.2003.11980234,vargas2003
S3,Hierarchical/multi-level data must be resampled at the cluster level; treating nested observations as independent inflates false positives (>45 % in their simulations).,tile pseudoreplication,"resample images, never tiles",10.1101/819334,preprint,D,Images are clusters; tiles are nested.,Battery-specific thresholds; preprint status.,check,False-positive rate > 45 % when hierarchy ignored (abstract).,Bootstrap over images (n = 7/7/17); tile-level statistics are descriptive only.,Abstract; bioRxiv 819334 (2019); also arXiv:2007.07797.,abstract,https://api.crossref.org/works/10.1101/819334,saravanan2019
A1,Energy distance and MMD are equivalent families of distance-based two-sample statistics.,distribution distance between batches,larger -> more different; calibrate by permutation,10.1214/13-AOS1140,widely used method paper,C,Fixed feature representation; permutation over images.,Power guarantees at n = 7.,verified,Equivalence result (abstract).,Report statistic + permutation p + null band at image level.,Abstract; Ann. Statist. 41(5) (2013); energy statistics: Szekely & Rizzo 2013; MMD: Gretton 2007.,abstract,https://api.crossref.org/works/10.1214/13-AOS1140,sejdinovic2013
A1b,Permutation tests give exact finite-sample inference under exchangeability; p-values should never be reported as zero.,small-n calibration,exact permutation p with (b+1)/(m+1) correction,10.2202/1544-6115.1585,widely used method paper,C,Exchangeable images under the null.,Non-exchangeable acquisition groups (stratify permutations by acquisition group).,verified,Exact p-value formula (abstract).,With 7 vs 17 images the minimum two-sided p is limited; report it explicitly.,Stat. Appl. Genet. Mol. Biol. 9(1):39 (2010); Ernst 2004 Stat. Sci.,abstract,https://api.crossref.org/works/10.2202/1544-6115.1585,phipson2010
A2,Aggregated MMD tests with permutation / wild-bootstrap calibration are non-asymptotically valid (preprint).,MMD kernel choice,direction only,10.48550/arXiv.2110.15073,preprint,D,Preprint; kernel bandwidth aggregation.,Robustness to reference contamination.,check,Preprint abstract.,Optional; not required for v1.,Abstract; arXiv:2110.15073.,abstract,https://export.arxiv.org/api/query?id_list=2110.15073,schrab2021
A3,"One-class methods (one-class SVM, Isolation Forest) model the support of a reference distribution without anomalies in training.",one-class reference model,score beyond reference support -> investigate,10.1162/089976601750264965,widely used method paper,C,Reference set representative; features fixed.,Calibration with 17 reference images (very unstable).,verified,One-class SVM definition (abstract); Isolation Forest: Liu 2008.,Use only with image-level LOO calibration.,Neural Comput. 13:1443-1471 (2001).,abstract,https://api.crossref.org/works/10.1162/089976601750264965,scholkopf2001
A4,PatchCore uses a memory bank of nominal patch features for anomaly localisation (MVTec AD benchmark).,local anomaly map,visual localisation only; not a batch verdict,10.1109/CVPR52688.2022.01392,widely used method paper,C,Nominal reference tiles representative; acquisition covariates monitored.,Defect truth; tile pseudoreplication; texture-induced false positives.,verified,Method and MVTec results (abstract).,Patch scores aggregated per image; shown as heat maps for review only.,CVPR 2022 pp. 14298-14308; dataset: Bergmann 2019; library: Akcay 2022.,abstract,https://api.crossref.org/works/10.1109/CVPR52688.2022.01392,roth2022
A5,"LIBAD (Li-ion electrode manufacturing anomaly benchmark) reports homogeneous electrode appearance, cross-modal inconsistency and limited transfer of anomaly detectors (preprint).",false-positive / transfer risk of anomaly maps,direction: weak evidence only,10.48550/arXiv.2608.07958,preprint,D,Battery electrode manufacturing imaging; preprint.,FIB-SEM specifics; any defect in our set.,check,Preprint abstract.,Anomaly maps never upgrade a verdict alone.,Abstract; arXiv:2608.07958.,abstract,https://export.arxiv.org/api/query?id_list=2608.07958,sui2026
A6,Conformal prediction gives distribution-free finite-sample coverage; conformal p-values enable outlier testing with FDR control.,quantile / conformal envelope,image outside the (1-alpha) conformal envelope of the reference -> investigate,10.1214/22-AOS2244,widely used method paper,C,Exchangeable reference images; calibration set disjoint from training.,With 17 reference images the finest achievable alpha is 1/18.,verified,Conformal p-values for outliers (abstract); regression version: Lei 2018; tutorial: Angelopoulos & Bates 2023.,Report achievable alpha explicitly.,Ann. Statist. 51 (2023).,abstract,https://api.crossref.org/works/10.1214/22-AOS2244,bates2023
A7,Batch effects in high-throughput data are pervasive and can be confounded with the biological/material signal of interest.,acquisition vs material confounding,direction: model acquisition group explicitly,10.1038/nrg2825,peer-reviewed review,C,Known acquisition grouping (13 height/XResolution groups span batches).,Separation of acquisition and material effects without a design.,verified,Batch effects review (abstract).,Leave-one-acquisition-group-out is mandatory.,Nat. Rev. Genet. 11:733-739 (2010).,abstract,https://api.crossref.org/works/10.1038/nrg2825,leek2010
A8,Image-based profiling pipelines aggregate per-cell features to the well/sample level and correct for plate/batch effects before comparison.,microscopy application of aggregation,aggregate tiles -> image before statistics,10.1038/nmeth.4397,peer-reviewed review (microscopy),C,Hierarchical image data.,Battery-specific thresholds.,verified,Aggregation and batch-correction practice (abstract).,Template for our tile -> image aggregation.,Nat. Methods 14:849-863 (2017).,abstract,https://api.crossref.org/works/10.1038/nmeth.4397,caicedo2017
A9,Unsupervised anomaly detection on in-situ layer images in laser powder-bed additive manufacturing is a published materials QC application.,materials QC application,application precedent only,10.1016/j.addma.2017.11.009,peer-reviewed application (materials QC),B,In-process optical images.,FIB-SEM transfer.,verified,Anomaly detection and classification applied (abstract).,Precedent only.,Addit. Manuf. 19:114-126 (2018); micrograph CV: DeCost & Holm 2015; transfer: Goetz 2022.,abstract,https://api.crossref.org/works/10.1016/j.addma.2017.11.009,scime2018
T1,"Multivariate SPC foundations (Hotelling T2, Phase I/II, interpretation of signals) are standard textbook material.",SPC framework,Phase I: establish reference; Phase II: monitor new batch,10.1137/1.9780898718461,textbook,C,Reference process defined.,Validity at n = 17 without resampling.,verified,Book-level reference; metadata verified.,Our ledger records which phase each computation belongs to.,"Mason & Young, SIAM (2002); overview: Bersimis 2006; controversies: Woodall 2000.",standard_text,https://api.crossref.org/works/10.1137/1.9780898718461,mason2002
T2,Preregistration separates prediction from postdiction and limits analytic flexibility; undisclosed flexibility inflates false positives.,pre-registration / multiplicity,"freeze features, aggregation, thresholds before held-out images",10.1073/pnas.1708274114,peer-reviewed methods discussion,C,Plan written and hashed before opening held-out data.,Low power.,verified,Preregistration rationale (abstract); false-positive psychology: Simmons 2011.,Frozen config hash + git tag recorded in ledger; later changes logged as exploratory (AGENTS.md).,PNAS 115:2600-2606 (2018).,abstract,https://api.crossref.org/works/10.1073/pnas.1708274114,nosek2018
T3,Benjamini-Hochberg controls the false discovery rate across multiple tests.,multiplicity across KPIs,report BH-adjusted and raw p-values,10.1111/j.2517-6161.1995.tb02031.x,widely used method paper,C,Multiple KPI tests per batch.,Dependence structure between KPIs (use BY or permutation max-T if strong).,verified,FDR procedure (abstract).,Adjust across KPIs within a batch comparison.,J. R. Stat. Soc. B 57:289-300 (1995).,abstract,https://api.crossref.org/works/10.1111/j.2517-6161.1995.tb02031.x,benjamini1995
T4,"The W3C PROV model represents entities, activities and agents to exchange provenance.",JSON provenance ledger,"record entity hashes, activities (stages), agents (code version/person)",10.1016/j.websem.2015.04.001,widely used method paper,C,Ledger follows PROV-JSON structure (entity/activity/agent/used/wasGeneratedBy).,Material quality or legal liability.,verified,PROV rationale (abstract).,Our ledger: file sha256 + config_hash + git_sha already exist (PR #1); map to PROV terms.,J. Web Semant. 35:235-257 (2015).,abstract,https://api.crossref.org/works/10.1016/j.websem.2015.04.001,moreau2015
T5,"FAIR principles: findable, accessible, interoperable, reusable data with persistent identifiers and rich metadata.",data stewardship,stable IDs + machine-readable metadata for every result table,10.1038/sdata.2016.18,peer-reviewed principles,C,Artifacts can be given persistent identifiers.,Audit certification.,verified,FAIR principles (full text).,"Image IDs, sha256 and config_hash satisfy F/I; reuse limited by data licence.",Sci. Data 3:160018 (2016).,full_text,https://api.crossref.org/works/10.1038/sdata.2016.18,wilkinson2016
T6,Reproducible computational research requires code + data + environment availability; ten simple rules include tracking every result to its producing step and recording random seeds.,reproducibility practice,"every result row carries code version, config, seed",10.1371/journal.pcbi.1003285,peer-reviewed methods discussion,C,Pipeline is scripted.,External validity.,verified,Rules 1-10 (full text).,"Already partly implemented (git_sha, config_hash); add seeds and environment hash.",PLoS Comput. Biol. 9:e1003285 (2013); Peng 2011 Science.,full_text,https://api.crossref.org/works/10.1371/journal.pcbi.1003285,sandve2013
T7,"Traceability is ""the ability to access any or all information relating to that which is under consideration, throughout its entire life cycle, by means of recorded identifications"".",traceability definition,identifier -> record chain for every image and result,10.1016/j.tifs.2012.10.003,peer-reviewed definition paper,C,Identifiers recorded at every hand-off.,Regulatory certification (ISO 9001 / IATF 16949 texts have no DOI and are not cited as claims).,verified,Definition (abstract).,Use as the ledger design goal.,Trends Food Sci. Technol. 29:142-150 (2013).,abstract,https://api.crossref.org/works/10.1016/j.tifs.2012.10.003,olsen2013
T8,"Data-integrity expectations in regulated (GxP) QC are summarised by ALCOA+ (attributable, legible, contemporaneous, original, accurate, + complete, consistent, enduring, available).",audit-trail attributes,"ledger fields: who/what/when, original hash, append-only",10.5731/pdajpst.2017.007765,peer-reviewed review (regulated QC),C,Ledger is append-only and timestamped.,Legal compliance claims.,verified,ALCOA+ history and issues (abstract).,"Implement as JSON fields: agent, timestamp, input_sha256, output_sha256, code_sha, config_hash.",PDA J. Pharm. Sci. Technol. 72:105-116 (2017).,abstract,https://api.crossref.org/works/10.5731/pdajpst.2017.007765,rattan2017
Q1,"No-reference FIB-SEM quality indices for noise, contrast, blur, curtaining and charging; values near 0 indicate serious quality problems; curtaining index works only at higher dwell time (hidden by noise otherwise); charging index is fooled by overexposed halos.",image quality / artefact indices,measure as covariates; compare within similar structures only,10.1111/jmi.13254,peer-reviewed primary method (FIB-SEM),C,FIB-SEM images of similar structures imaged under similar conditions.,Proof that a microstructural difference is artefactual; absolute cross-material thresholds.,verified,"Sections 2.2.1-2.2.5 define indices; Section 3.1/Table 1: curtaining index needs high dwell time, charging index misled by halos; Section 3.2: indices only comparable for similar structures.","Our curtaining_score (FFT band at k_y~0), edge_charging, noise_sigma, sharpness are analogous covariates; report them next to every KPI; a batch KPI difference that disappears when acquisition group is held out -> investigate (acquisition).",J. Microsc. 293(2):98-117 (2024).,full_text,https://api.crossref.org/works/10.1111/jmi.13254,roldan2024
Q1b,Curtaining appears as frequency components along the horizontal frequency axis of the FFT of the x-gradient image; stripe removal literature (Münch et al.) is the basis of the curtaining index.,curtaining metric definition,FFT energy concentration near k_y = 0,10.1111/jmi.13254,peer-reviewed primary method (FIB-SEM),C,Stripes vertical in the image.,Stripes at other angles.,verified,Section 2.2.4.,Matches the PR #1 curtaining_score design.,Section 2.2.4; J. Microsc. 293 (2024).,full_text,https://api.crossref.org/works/10.1111/jmi.13254,roldan2024
Q2,Combined wavelet-Fourier filtering removes stripe/ring artefacts; the energy removed quantifies the correction.,stripe artefact sensitivity,KPI(raw) vs KPI(destriped); if the conclusion changes -> investigate,10.1364/OE.17.008567,widely used method paper,C,Stripe geometry compatible; filter parameters frozen.,Real vertical structure (destriping can remove it).,verified,Method (abstract).,Sensitivity analysis only; variational alternative: Rottmayer 2024 (preprint).,Opt. Express 17:8567-8591 (2009).,abstract,https://api.crossref.org/works/10.1364/OE.17.008567,munch2009
Q3,Charging in SEM of insulators depends on beam energy relative to the critical energy E2 and on irradiation history; it produces contrast and brightness artefacts.,charging / edge brightening,report edge_charging covariate per image,10.1002/sca.4950260406,peer-reviewed review (SEM physics),C,Poorly conducting regions (binder/pores) present.,A material interpretation of bright rims.,verified,Charging mechanisms (abstract).,Bright halos around particles are an artefact candidate before being a phase.,Scanning 26:181-203 (2004); textbook: Reimer 1998.,abstract,https://api.crossref.org/works/10.1002/sca.4950260406,cazaux2004
Q4,Detector SNR can be measured absolutely and compared across detectors and instruments.,noise metric,report SNR / noise sigma per image and channel,10.1002/sca.4950180802,widely used method paper,C,Per-image estimation possible.,Noise differences caused by sample vs detector cannot be separated from one image.,verified,Absolute detector performance method (abstract).,noise_sigma (MAD of Laplacian; Immerkaer 1996) and sharpness (variance of Laplacian; Pech-Pacheco 2000) are standard no-reference proxies.,Scanning 18:533-538 (1996).,abstract,https://api.crossref.org/works/10.1002/sca.4950180802,joy1996
Q5,Real-world SEM micrograph quality variation degrades ML robustness; quality can correlate with microscope conditions rather than material.,acquisition confounding (materials),direction: ablate by acquisition group,10.1038/s41524-021-00616-3,peer-reviewed application (materials),B,SEM datasets with session-level quality variation.,Battery FIB-SEM specifics.,verified,Quality vs robustness study (abstract).,PR #1 found noise/sharpness separate batches (3.2x IQR) while 5 acquisition groups span batches: this is the exact confounding pattern.,npj Comput. Mater. 7:161 (2021).,abstract,https://api.crossref.org/works/10.1038/s41524-021-00616-3,zhong2021
Q6,Deep models trained on confounded data select acquisition shortcuts (hospital/site markers) rather than the target signal and fail on external data.,published acquisition-confounding cases,direction: hold out acquisition groups; inspect saliency,10.1038/s42256-021-00338-7,peer-reviewed primary measurement (medical imaging),C,Any learned feature used for batch comparison.,Battery data specifics.,verified,Shortcut selection demonstrated (abstract); site confounding: Zech 2018; theory: Geirhos 2020.,Any learned embedding must pass leave-one-acquisition-group-out.,Nat. Mach. Intell. 3:610-619 (2021).,abstract,https://api.crossref.org/works/10.1038/s42256-021-00338-7,degrave2021
Q7,"In FIB-SEM of highly porous media, sub-surface structure shines through pores (shine-through), preventing naive grey-level segmentation; simulation and morphological methods were developed to handle it.",shine-through artefact,direction: class-0 (dark) fraction is biased in porous regions,10.1002/sca.21047,peer-reviewed primary method (FIB-SEM),C,Porous material imaged by FIB-SEM.,Numeric bias for our electrode.,verified,Shine-through artefacts prevent automatic segmentation (abstract); segmentation: Prill 2013; reconstruction sampling: Roldan 2021.,Supports L4c: do not read class-0 as porosity.,Scanning 35:189-195 (2012).,abstract,https://api.crossref.org/works/10.1002/sca.21047,prill2012
M1,"ASTM E1245 standardises automatic image analysis of inclusion/second-phase content (area fraction, count, size) with stereological reporting.",phase area fraction reporting,report area fraction per image with field count and SD,10.1520/E1245-03R16,standard,C,Classes correspond to constituents; representative fields.,"Phase identity, scale, segmentation correctness.",verified,Scope/significance.,"Report class fractions as ""area fraction of grey-level class"", not ""volume fraction of phase"".",ASTM E1245-03(2016).,standard_text,https://api.crossref.org/works/10.1520/E1245-03R16,astm_e1245
M2,ASTM E562 estimates volume fraction by systematic manual point count on 2D sections (Delesse principle: V_V = A_A = P_P).,volume fraction,only under random/isotropic sectioning assumptions,10.1520/E0562-19,standard,C,Random or systematic sections; valid constituent classification.,Unknown anisotropy; lumped class 0.,verified,Scope / Section 5.,Volume-fraction wording requires the stereological assumption stated explicitly.,ASTM E562-19; E112-13(2021) for grain size; E3-11(2017) for specimen preparation.,standard_text,https://api.crossref.org/works/10.1520/E0562-19,astm_e562
M3,"Stereological predictions of battery-electrode pore fraction from 2D slices matched 3D within ~10 % for graphite, but specific surface area was under-estimated by up to 52 % and varied with slicing direction.",2D->3D transfer of pore fraction and interface fraction,"pore fraction: usable with sampling scatter; interface/surface fraction: direction-dependent, biased",10.1111/jmi.12389,peer-reviewed primary measurement,A,Battery electrodes; multiple slices.,Si-void interface fraction as an unbiased 3D quantity.,verified,Table 3 (pore fraction) and Table 4 (S_V: graphite x 0.248 vs 3D 0.258; y 0.148; z 0.127 um-1; LMO up to 52 % error).,Our Si-void interface KPI is a 2D within-dataset comparison only.,Tables 3-4; J. Microsc. 263:280-292 (2016).,full_text,https://api.crossref.org/works/10.1111/jmi.12389,taiwo2016
M4,Saltykov-type unfolding converts 2D section-size distributions to 3D but assumes particle shape and sampling conditions.,particle size distribution,2D equivalent diameters are planar-biased; no uncorrected 3D bound,10.1016/0026-0800(73)90001-3,widely used method paper,C,"Convex, near-spherical particles; random sections.","Agglomerated, irregular Si/graphite particles without validation.",verified,"Saltykov extensions (metadata only, no abstract available); geology extension: Lopez-Sanchez 2016; CSD: Higgins 2000.",Report px-based 2D diameters; no 3D conversion.,Metallography 6:93-101 (1973).,metadata,https://api.crossref.org/works/10.1016/0026-0800(73)90001-3,lewis1973
M5,ImageRep predicts phase-fraction representativity (confidence interval) from a single image via the two-point correlation function; assumes macro-homogeneity (decaying correlations) and finite feature sizes; validated on battery separators among others.,single-image representativity,report 95 % CI of each class fraction per image,10.1002/advs.202414149,widely used method paper,C,Binary mask; stationarity; features much smaller than the image.,Long-range ordered or very coarse structures (large graphite flakes may violate the assumption).,verified,Assumptions section (macro-homogeneity); Table: ImageRep 3D 95.5 % and 96 % coverage on two battery separators; Eq. 4-5 for CI.,Apply to class 2 and class 0 masks per image; flag images whose CI exceeds the batch difference.,Adv. Sci. 12:e14149 (2025) = arXiv:2410.19568.,full_text,https://api.crossref.org/works/10.1002/advs.202414149,dahari2025
M6,Threshold-based segmentation choice is a major source of error in porous-media image analysis; different methods give materially different porosities.,segmentation uncertainty,report KPIs at thresholds x0.9/1.0/1.1 beside batch effect,10.1029/2009WR008087,widely used method paper,C,Grey-level thresholding of porous media.,A validated threshold for BSE battery images.,verified,Segmentation comparison (abstract); Otsu 1979; survey Sezgin 2004.,"PR #1: +/-10 % threshold shifts move class-2 fraction by 0.02-0.04 per image, as large as any batch gap -> fractions alone cannot support ""outside bounds"".",Water Resour. Res. 45:W09201 (2009).,abstract,https://api.crossref.org/works/10.1029/2009WR008087,iassonov2009
M7,Tortuosity factors from tomographic data are computed with open tools (TauFactor) on 3D volumes.,tortuosity from images,3D only,10.1016/j.softx.2016.09.002,widely used method paper,C,3D segmented volume.,2D cross-sections (ours).,not_applicable,TauFactor method (abstract).,Not computable from our data.,SoftwareX 5:203-210 (2016).,abstract,https://api.crossref.org/works/10.1016/j.softx.2016.09.002,cooper2016
N1,Label noise degrades classifier accuracy and increases data requirements; its effects depend on noise type and must be modelled or cleaned.,annotation / agent label noise,"agent labels = provisional annotations for segmentation review, never outcome truth",10.1109/TNNLS.2013.2292894,peer-reviewed review,C,Labels independently audited; agreement recorded.,Creating good/bad outcome labels that do not exist.,verified,Survey of label-noise effects (abstract); medical imaging: Karimi 2020.,No agent label can produce performance truth or a battery disposition.,IEEE TNNLS 25:845-869 (2014).,abstract,https://api.crossref.org/works/10.1109/TNNLS.2013.2292894,frenay2014
N2,Pervasive label errors exist in benchmark test sets and destabilise model ranking (preprint).,test-label errors,direction: audit labels before using them to rank methods,10.48550/arXiv.2103.14749,preprint,D,Benchmark-style labels.,Our setting (no labels) beyond the warning.,check,Preprint abstract.,Any agent-labelled evaluation set needs human adjudication.,arXiv:2103.14749.,abstract,https://export.arxiv.org/api/query?id_list=2103.14749,northcutt2021
N3,"Weak labelling functions can be combined without ground truth, but their accuracies and correlations are unknown and must be modelled and audited.",weak / agent labels,use for candidate segmentation and triage; validate against expert adjudication,10.14778/3157794.3157797,widely used method paper,C,Labelling functions logged.,Liability conclusions from generated labels.,verified,Snorkel framework (full text).,"Agent-generated masks are labelling functions, logged with version and agreement.",PVLDB 11:269-282 (2017).,full_text,https://api.crossref.org/works/10.14778/3157794.3157797,ratner2017
N4,"LLM annotators can match or exceed crowd workers on text tasks, but accuracy is task-dependent and must be checked against expert labels.",agent annotation quality,direction: measure agreement with experts per task,10.1073/pnas.2305016120,peer-reviewed primary measurement (text),C,Text annotation.,Micrograph defect labelling (no evidence found).,verified,LLM vs crowd (abstract).,No evidence transfers to SEM defect labelling; agreement must be measured here.,PNAS 120:e2305016120 (2023).,abstract,https://api.crossref.org/works/10.1073/pnas.2305016120,gilardi2023
N5,Training on recursively generated (model-produced) data degrades models (model collapse).,self-generated labels,never train outcome models on agent-generated outcome labels,10.1038/s41586-024-07566-y,peer-reviewed primary measurement,C,Iterative generation.,Single-round segmentation proposals that are human-checked.,verified,Model collapse (abstract).,"Agent masks may seed review, not training targets, unless adjudicated.",Nature 631:755-759 (2024).,abstract,https://api.crossref.org/works/10.1038/s41586-024-07566-y,shumailov2024
N6,Expert-annotated micrograph segmentation datasets are small and annotation-costly; ML microstructure inference depends on annotation quality.,micrograph annotation practice,"direction: record annotator, protocol and agreement for every mask",10.1038/s41467-021-26565-5,peer-reviewed primary measurement (materials),B,Microstructure segmentation.,Battery-specific agreement numbers (none found).,verified,Annotation-dependent segmentation (abstract); overview: Holm 2020.,"Our mask provenance fields: source (multi-Otsu / agent / human), version, reviewer.",Nat Commun 12:6272 (2021).,abstract,https://api.crossref.org/works/10.1038/s41467-021-26565-5,durmaz2021
