sample_id,batch,channel,shift_y_px,shift_x_px,rotation_deg,rotation_step_deg,scale,scale_step,psr,same_fov,config_hash,git_sha
0grcilhi,Batch_3,ETD,0.0,-0.1,-0.03999999999999204,0.01,0.9995127496337025,0.00012184970090456382,119.67323974670309,True,45629944e398,0f6b661
0grcilhi,Batch_3,Inlens,0.0,0.0,-0.060000000000002274,0.01,0.9996345399632957,0.00012184970090456382,100.15359996427524,True,45629944e398,0f6b661
3806gxp0,Batch_2,ETD,0.0,0.0,0.0,0.01,1.0,0.00012184970090456382,162.7004778607213,True,45629944e398,0f6b661
3806gxp0,Batch_2,Inlens,0.0,0.1,0.009999999999990905,0.01,0.999878165144636,0.00012184970090456382,118.72844362309284,True,45629944e398,0f6b661
4ih2ggld,Batch_1,ETD,0.0,-0.1,0.0,0.01,0.9997563451330042,0.00012184970090456382,293.66800530592855,True,45629944e398,0f6b661
4ih2ggld,Batch_1,Inlens,0.0,0.0,0.009999999999990905,0.01,1.0,0.00012184970090456382,235.5975920073634,True,45629944e398,0f6b661
5n1q8atc,Batch_1,ETD,0.0,-0.1,-0.009999999999990905,0.01,1.0,0.00012184970090456382,235.26131760823762,True,45629944e398,0f6b661
5n1q8atc,Batch_1,Inlens,0.0,0.0,0.009999999999990905,0.01,0.9997563451330042,0.00012184970090456382,259.2052990715575,True,45629944e398,0f6b661
71vgq3fw,Batch_3,ETD,0.0,0.0,0.0,0.01,1.0,0.00012184970090456382,246.66329732189806,True,45629944e398,0f6b661
71vgq3fw,Batch_3,Inlens,0.0,0.0,-0.03999999999999204,0.01,1.0,0.00012184970090456382,198.32547572035128,True,45629944e398,0f6b661
9luzk4jm,Batch_3,ETD,0.0,0.0,-0.009999999999990905,0.01,1.0001218497009046,0.00012184970090456382,206.32566827359787,True,45629944e398,0f6b661
9luzk4jm,Batch_3,Inlens,0.0,0.0,-0.03999999999999204,0.01,0.9996345399632957,0.00012184970090456382,158.55815277517266,True,45629944e398,0f6b661
avn74qx1,Batch_2,ETD,0.0,-0.1,-0.020000000000010232,0.01,0.999878165144636,0.00012184970090456382,152.55059367406233,True,45629944e398,0f6b661
avn74qx1,Batch_2,Inlens,0.0,0.1,-0.030000000000001137,0.01,0.9993909741424164,0.00012184970090456382,118.0384695542362,True,45629944e398,0f6b661
b3esycq1,Batch_2,ETD,0.0,-0.1,-0.009999999999990905,0.01,0.9995127496337025,0.00012184970090456382,177.32713986230158,True,45629944e398,0f6b661
b3esycq1,Batch_2,Inlens,0.0,0.0,-0.030000000000001137,0.01,1.000243714249159,0.00012184970090456382,144.68614947026748,True,45629944e398,0f6b661
cfe5vt7s,Batch_3,ETD,0.0,-0.1,0.009999999999990905,0.01,1.0,0.00012184970090456382,186.12000121051844,True,45629944e398,0f6b661
cfe5vt7s,Batch_3,Inlens,0.0,0.0,0.030000000000001137,0.01,1.0001218497009046,0.00012184970090456382,152.93986532178872,True,45629944e398,0f6b661
epqdaau9,Batch_2,ETD,0.0,-0.1,0.05000000000001137,0.01,1.0,0.00012184970090456382,159.24296655184185,True,45629944e398,0f6b661
epqdaau9,Batch_2,Inlens,0.0,0.1,0.020000000000010232,0.01,0.999878165144636,0.00012184970090456382,148.59171150573366,True,45629944e398,0f6b661
f1vzngrs,Batch_1,ETD,0.0,-0.1,0.009999999999990905,0.01,1.0003655936465718,0.00012184970090456382,158.67294415919758,True,45629944e398,0f6b661
f1vzngrs,Batch_1,Inlens,0.0,0.1,-0.03999999999999204,0.01,1.000243714249159,0.00012184970090456382,131.68235622289092,True,45629944e398,0f6b661
ffwubibz,Batch_1,ETD,0.0,-0.1,0.020000000000010232,0.01,0.9992692134876298,0.00012184970090456382,153.73524590640181,True,45629944e398,0f6b661
ffwubibz,Batch_1,Inlens,0.0,0.0,0.020000000000010232,0.01,0.9997563451330042,0.00012184970090456382,132.9280486046908,True,45629944e398,0f6b661
fzrt2k6r,Batch_1,ETD,0.0,-0.1,-0.020000000000010232,0.01,1.0003655936465718,0.00012184970090456382,208.58305751898448,True,45629944e398,0f6b661
fzrt2k6r,Batch_1,Inlens,0.0,0.0,-0.020000000000010232,0.01,0.9997563451330042,0.00012184970090456382,168.91979790561038,True,45629944e398,0f6b661
hawkfj64,Batch_3,ETD,0.0,0.0,-0.020000000000010232,0.01,1.000243714249159,0.00012184970090456382,126.16529084908001,True,45629944e398,0f6b661
hawkfj64,Batch_3,Inlens,0.0,0.0,-0.030000000000001137,0.01,1.000487487894953,0.00012184970090456382,111.03080344384611,True,45629944e398,0f6b661
hzumfsms,Batch_3,ETD,0.0,-0.1,-0.020000000000010232,0.01,0.999878165144636,0.00012184970090456382,207.91643550727133,True,45629944e398,0f6b661
hzumfsms,Batch_3,Inlens,0.0,0.0,-0.020000000000010232,0.01,1.0,0.00012184970090456382,185.02823776712137,True,45629944e398,0f6b661
i9jiqjwl,Batch_2,ETD,0.0,0.0,0.020000000000010232,0.01,0.9996345399632957,0.00012184970090456382,186.4749296433322,True,45629944e398,0f6b661
i9jiqjwl,Batch_2,Inlens,0.0,0.0,-0.020000000000010232,0.01,0.9996345399632957,0.00012184970090456382,164.17922366451876,True,45629944e398,0f6b661
iv6g2oq0,Batch_1,ETD,0.0,0.0,0.0,0.01,0.999878165144636,0.00012184970090456382,193.63385419882405,True,45629944e398,0f6b661
iv6g2oq0,Batch_1,Inlens,0.0,0.0,0.0,0.01,0.9997563451330042,0.00012184970090456382,156.82862488159208,True,45629944e398,0f6b661
kbdh4tri,Batch_3,ETD,0.0,0.0,0.0,0.01,0.999878165144636,0.00012184970090456382,247.38624344150287,True,45629944e398,0f6b661
kbdh4tri,Batch_3,Inlens,0.0,0.0,0.009999999999990905,0.01,1.0001218497009046,0.00012184970090456382,178.96046048136205,True,45629944e398,0f6b661
mgxahqnk,Batch_3,ETD,0.0,0.0,0.0,0.01,0.9996345399632957,0.00012184970090456382,130.27157068578293,True,45629944e398,0f6b661
mgxahqnk,Batch_3,Inlens,0.0,0.3,-0.030000000000001137,0.01,0.997323059300627,0.00012184970090456382,57.458473364986695,False,45629944e398,0f6b661
pl8uabbv,Batch_3,ETD,0.0,-0.1,0.0,0.01,0.999878165144636,0.00012184970090456382,212.97985456434577,True,45629944e398,0f6b661
pl8uabbv,Batch_3,Inlens,0.0,0.0,0.009999999999990905,0.01,1.0001218497009046,0.00012184970090456382,155.52299120361633,True,45629944e398,0f6b661
ptg8lmto,Batch_3,ETD,0.0,-0.1,-0.009999999999990905,0.01,1.0001218497009046,0.00012184970090456382,210.3106098614652,True,45629944e398,0f6b661
ptg8lmto,Batch_3,Inlens,0.0,0.0,0.0,0.01,1.000243714249159,0.00012184970090456382,226.20852798947044,True,45629944e398,0f6b661
r17byphk,Batch_2,ETD,0.0,-0.1,-0.030000000000001137,0.01,1.000243714249159,0.00012184970090456382,183.06933287160948,True,45629944e398,0f6b661
r17byphk,Batch_2,Inlens,0.0,0.0,0.009999999999990905,0.01,1.0006093969961116,0.00012184970090456382,162.68119640971082,True,45629944e398,0f6b661
rxax5ozo,Batch_2,Inlens,0.0,0.0,0.0,0.01,1.0,0.00012184970090456382,192.71511971338833,True,45629944e398,0f6b661
rxax5ozo,Batch_2,SE,0.0,-0.1,0.020000000000010232,0.01,0.999878165144636,0.00012184970090456382,222.03567555289064,True,45629944e398,0f6b661
tuy3zymq,Batch_3,ETD,0.0,-0.1,0.0,0.01,0.9997563451330042,0.00012184970090456382,226.42860972252765,True,45629944e398,0f6b661
tuy3zymq,Batch_3,Inlens,0.0,0.0,0.030000000000001137,0.01,0.9993909741424164,0.00012184970090456382,182.05196554609645,True,45629944e398,0f6b661
ufdvpb81,Batch_3,ETD,0.0,-0.1,0.009999999999990905,0.01,0.999878165144636,0.00012184970090456382,180.22293797600986,True,45629944e398,0f6b661
ufdvpb81,Batch_3,Inlens,0.0,0.0,0.0,0.01,1.000243714249159,0.00012184970090456382,161.08159108032893,True,45629944e398,0f6b661
uhdslk0o,Batch_1,ETD,0.0,-0.1,0.030000000000001137,0.01,1.0001218497009046,0.00012184970090456382,206.73638959148406,True,45629944e398,0f6b661
uhdslk0o,Batch_1,Inlens,0.0,0.0,0.030000000000001137,0.01,1.000243714249159,0.00012184970090456382,161.6790054498332,True,45629944e398,0f6b661
utfgcjfa,Batch_3,Inlens,0.0,0.0,0.0,0.01,0.9991474676675349,0.00012184970090456382,151.11324437375922,True,45629944e398,0f6b661
utfgcjfa,Batch_3,SE,0.0,-0.1,-0.020000000000010232,0.01,1.0003655936465718,0.00012184970090456382,222.74912119723635,True,45629944e398,0f6b661
vc2whyaq,Batch_3,Inlens,0.0,0.0,0.020000000000010232,0.01,0.9991474676675349,0.00012184970090456382,141.36762458855344,True,45629944e398,0f6b661
vc2whyaq,Batch_3,SE,0.0,-0.1,-0.020000000000010232,0.01,0.9997563451330042,0.00012184970090456382,217.8215603317085,True,45629944e398,0f6b661
x77cy643,Batch_3,Inlens,0.0,0.0,-0.009999999999990905,0.01,0.9995127496337025,0.00012184970090456382,166.65392100057718,True,45629944e398,0f6b661
x77cy643,Batch_3,SE,0.0,-0.1,0.009999999999990905,0.01,1.0001218497009046,0.00012184970090456382,199.57306222188978,True,45629944e398,0f6b661
x7u69zsw,Batch_3,ETD,0.0,-0.1,0.0,0.01,1.0,0.00012184970090456382,255.30488901395262,True,45629944e398,0f6b661
x7u69zsw,Batch_3,Inlens,0.0,0.0,0.0,0.01,1.0,0.00012184970090456382,245.89592121115078,True,45629944e398,0f6b661
xgj4xftb,Batch_3,ETD,0.0,-0.1,0.0,0.01,1.0001218497009046,0.00012184970090456382,203.84720723328059,True,45629944e398,0f6b661
xgj4xftb,Batch_3,Inlens,0.0,0.0,0.0,0.01,1.0003655936465718,0.00012184970090456382,181.96688467857774,True,45629944e398,0f6b661
