sample_id,batch,third_detector,pair,win_y,win_x,win_px,dy,dx,peak,psr,config_hash,git_sha
4ih2ggld,Batch_1,ETD,BSE-Inlens,382,34,768,0.0,0.0,0.16745331040692008,198.88450733013937,1bec114301c3,790c1ef
4ih2ggld,Batch_1,ETD,BSE-Inlens,382,1570,768,0.0,0.0,0.17510817474291196,204.75507110624525,1bec114301c3,790c1ef
4ih2ggld,Batch_1,ETD,BSE-Inlens,382,2338,768,0.0,0.0,0.1607975364694413,190.47017369447195,1bec114301c3,790c1ef
4ih2ggld,Batch_1,ETD,BSE-Inlens,382,3874,768,0.0,0.0,0.1484318882352861,175.16192857391036,1bec114301c3,790c1ef
4ih2ggld,Batch_1,ETD,BSE-Inlens,382,4642,768,0.0,0.0,0.15386181806104182,181.164926919121,1bec114301c3,790c1ef
4ih2ggld,Batch_1,ETD,BSE-Inlens,382,6178,768,0.0,0.0,0.17576694002176155,206.51414562593877,1bec114301c3,790c1ef
4ih2ggld,Batch_1,ETD,BSE-Inlens,1150,34,768,0.0,0.0,0.18054818538529827,213.96450565648783,1bec114301c3,790c1ef
4ih2ggld,Batch_1,ETD,BSE-Inlens,1150,1570,768,0.0,0.0,0.15743860864999581,188.07522523689744,1bec114301c3,790c1ef
4ih2ggld,Batch_1,ETD,BSE-Inlens,1150,2338,768,-0.1,0.0,0.1066506249723433,125.60716869393268,1bec114301c3,790c1ef
4ih2ggld,Batch_1,ETD,BSE-Inlens,1150,3874,768,0.0,0.0,0.1445066424248994,170.74079446186144,1bec114301c3,790c1ef
4ih2ggld,Batch_1,ETD,BSE-Inlens,1150,4642,768,0.0,0.0,0.16863795639648455,198.85279065224896,1bec114301c3,790c1ef
4ih2ggld,Batch_1,ETD,BSE-Inlens,1150,6178,768,0.0,0.0,0.17282788163450408,204.94880460964532,1bec114301c3,790c1ef
4ih2ggld,Batch_1,ETD,BSE-ETD,382,34,768,0.0,-0.1,0.16793241786394836,197.79039196700606,1bec114301c3,790c1ef
4ih2ggld,Batch_1,ETD,BSE-ETD,382,1570,768,0.0,-0.1,0.17660061805525928,205.9962966205768,1bec114301c3,790c1ef
4ih2ggld,Batch_1,ETD,BSE-ETD,382,2338,768,0.0,-0.1,0.15859302244596127,186.43443824454482,1bec114301c3,790c1ef
4ih2ggld,Batch_1,ETD,BSE-ETD,382,3874,768,0.0,0.0,0.14308413976985637,168.58386225818114,1bec114301c3,790c1ef
4ih2ggld,Batch_1,ETD,BSE-ETD,382,4642,768,0.0,0.0,0.15827852649445295,187.13661968066648,1bec114301c3,790c1ef
4ih2ggld,Batch_1,ETD,BSE-ETD,382,6178,768,0.0,-0.1,0.17961489917589774,210.71171167854084,1bec114301c3,790c1ef
4ih2ggld,Batch_1,ETD,BSE-ETD,1150,34,768,0.0,-0.1,0.19263402400128504,227.47688632278073,1bec114301c3,790c1ef
4ih2ggld,Batch_1,ETD,BSE-ETD,1150,1570,768,0.0,-0.1,0.16778810168561398,199.30953488914892,1bec114301c3,790c1ef
4ih2ggld,Batch_1,ETD,BSE-ETD,1150,2338,768,0.0,0.0,0.09718847407825562,113.97009075937645,1bec114301c3,790c1ef
4ih2ggld,Batch_1,ETD,BSE-ETD,1150,3874,768,0.0,-0.1,0.14983317355210649,176.16625560694501,1bec114301c3,790c1ef
4ih2ggld,Batch_1,ETD,BSE-ETD,1150,4642,768,0.0,-0.1,0.17800179035525254,208.62287943838555,1bec114301c3,790c1ef
4ih2ggld,Batch_1,ETD,BSE-ETD,1150,6178,768,0.0,-0.1,0.18738084001956215,222.1158982886174,1bec114301c3,790c1ef
5n1q8atc,Batch_1,ETD,BSE-Inlens,382,36,768,0.0,0.1,0.19292337323313613,232.64907918748025,1bec114301c3,790c1ef
5n1q8atc,Batch_1,ETD,BSE-Inlens,382,1572,768,0.0,0.0,0.16929271026954476,200.101261990702,1bec114301c3,790c1ef
5n1q8atc,Batch_1,ETD,BSE-Inlens,382,2340,768,0.0,0.0,0.1723842620934835,203.7747337224337,1bec114301c3,790c1ef
5n1q8atc,Batch_1,ETD,BSE-Inlens,382,3876,768,0.0,0.0,0.16865400123805055,196.9193955978424,1bec114301c3,790c1ef
5n1q8atc,Batch_1,ETD,BSE-Inlens,382,4644,768,0.0,0.0,0.16003992827046346,189.0812050776741,1bec114301c3,790c1ef
5n1q8atc,Batch_1,ETD,BSE-Inlens,382,6180,768,0.0,0.0,0.14747487252000463,171.80052993354786,1bec114301c3,790c1ef
5n1q8atc,Batch_1,ETD,BSE-Inlens,1150,36,768,0.0,0.0,0.1627304338406565,189.90878251551806,1bec114301c3,790c1ef
5n1q8atc,Batch_1,ETD,BSE-Inlens,1150,1572,768,0.0,0.0,0.16126875042053945,189.1065848392633,1bec114301c3,790c1ef
5n1q8atc,Batch_1,ETD,BSE-Inlens,1150,2340,768,0.0,0.0,0.1363635247998206,159.1646760406013,1bec114301c3,790c1ef
5n1q8atc,Batch_1,ETD,BSE-Inlens,1150,3876,768,0.0,0.0,0.1682496901443189,199.69915265252786,1bec114301c3,790c1ef
5n1q8atc,Batch_1,ETD,BSE-Inlens,1150,4644,768,0.0,0.0,0.17238855677875586,201.81578146409143,1bec114301c3,790c1ef
5n1q8atc,Batch_1,ETD,BSE-Inlens,1150,6180,768,0.0,0.0,0.19368870646638583,229.22167428470308,1bec114301c3,790c1ef
5n1q8atc,Batch_1,ETD,BSE-ETD,382,36,768,0.0,0.0,0.20751241005973675,250.9713615168076,1bec114301c3,790c1ef
5n1q8atc,Batch_1,ETD,BSE-ETD,382,1572,768,0.0,-0.1,0.17830207728290898,209.30967853349117,1bec114301c3,790c1ef
5n1q8atc,Batch_1,ETD,BSE-ETD,382,2340,768,0.0,-0.1,0.1714530357681115,201.54881158905744,1bec114301c3,790c1ef
5n1q8atc,Batch_1,ETD,BSE-ETD,382,3876,768,0.0,-0.1,0.16238909939660018,189.13618575694576,1bec114301c3,790c1ef
5n1q8atc,Batch_1,ETD,BSE-ETD,382,4644,768,0.0,-0.1,0.18424893340452853,215.22684095172383,1bec114301c3,790c1ef
5n1q8atc,Batch_1,ETD,BSE-ETD,382,6180,768,0.0,-0.1,0.14982619813876874,173.83199681761596,1bec114301c3,790c1ef
5n1q8atc,Batch_1,ETD,BSE-ETD,1150,36,768,0.0,-0.1,0.16345426835936602,190.03875700427827,1bec114301c3,790c1ef
5n1q8atc,Batch_1,ETD,BSE-ETD,1150,1572,768,0.0,-0.1,0.17033171365615818,199.2425729133489,1bec114301c3,790c1ef
5n1q8atc,Batch_1,ETD,BSE-ETD,1150,2340,768,0.0,-0.1,0.15524405790502763,180.57164556494772,1bec114301c3,790c1ef
5n1q8atc,Batch_1,ETD,BSE-ETD,1150,3876,768,0.0,-0.1,0.16654358797765184,196.4224308938158,1bec114301c3,790c1ef
5n1q8atc,Batch_1,ETD,BSE-ETD,1150,4644,768,0.0,-0.1,0.18172356459426653,211.9256404655986,1bec114301c3,790c1ef
5n1q8atc,Batch_1,ETD,BSE-ETD,1150,6180,768,0.0,-0.1,0.17608176406647136,209.02540316288568,1bec114301c3,790c1ef
f1vzngrs,Batch_1,ETD,BSE-Inlens,298,36,768,0.0,0.1,0.09699982183374212,113.68644884724269,1bec114301c3,790c1ef
f1vzngrs,Batch_1,ETD,BSE-Inlens,298,1572,768,0.0,0.0,0.11211121043780699,129.50385380406277,1bec114301c3,790c1ef
f1vzngrs,Batch_1,ETD,BSE-Inlens,298,2340,768,0.0,0.0,0.10176975958968767,118.84953657416746,1bec114301c3,790c1ef
f1vzngrs,Batch_1,ETD,BSE-Inlens,298,3876,768,0.0,0.0,0.08445880066812883,99.2139969831921,1bec114301c3,790c1ef
f1vzngrs,Batch_1,ETD,BSE-Inlens,298,4644,768,0.0,0.0,0.10118296026862612,116.7369657538404,1bec114301c3,790c1ef
f1vzngrs,Batch_1,ETD,BSE-Inlens,298,6180,768,0.1,0.0,0.06656703189528543,77.61636853701012,1bec114301c3,790c1ef
f1vzngrs,Batch_1,ETD,BSE-Inlens,1066,36,768,-0.1,0.0,0.06864266502185576,79.68579507775146,1bec114301c3,790c1ef
f1vzngrs,Batch_1,ETD,BSE-Inlens,1066,1572,768,0.1,0.1,0.07318792338105884,85.12584882836462,1bec114301c3,790c1ef
f1vzngrs,Batch_1,ETD,BSE-Inlens,1066,2340,768,0.0,0.0,0.07553245092658246,87.7008329766023,1bec114301c3,790c1ef
f1vzngrs,Batch_1,ETD,BSE-Inlens,1066,3876,768,0.0,0.0,0.07912188413553471,91.22808661685984,1bec114301c3,790c1ef
f1vzngrs,Batch_1,ETD,BSE-Inlens,1066,4644,768,0.0,0.0,0.06183760189898557,72.20483291049025,1bec114301c3,790c1ef
f1vzngrs,Batch_1,ETD,BSE-Inlens,1066,6180,768,0.0,0.0,0.08609088480021033,100.7666834366258,1bec114301c3,790c1ef
f1vzngrs,Batch_1,ETD,BSE-ETD,298,36,768,-0.1,0.0,0.11445435571643262,133.34091156517545,1bec114301c3,790c1ef
f1vzngrs,Batch_1,ETD,BSE-ETD,298,1572,768,0.0,0.0,0.11780698598495268,135.7652543889632,1bec114301c3,790c1ef
f1vzngrs,Batch_1,ETD,BSE-ETD,298,2340,768,0.0,-0.1,0.12175021132110475,141.67186002899732,1bec114301c3,790c1ef
f1vzngrs,Batch_1,ETD,BSE-ETD,298,3876,768,-0.1,-0.1,0.09719746532041962,113.66411935829603,1bec114301c3,790c1ef
f1vzngrs,Batch_1,ETD,BSE-ETD,298,4644,768,0.0,0.0,0.11785500828650258,135.7231010190209,1bec114301c3,790c1ef
f1vzngrs,Batch_1,ETD,BSE-ETD,298,6180,768,0.0,-0.1,0.07689494708871986,89.5827942868484,1bec114301c3,790c1ef
f1vzngrs,Batch_1,ETD,BSE-ETD,1066,36,768,0.0,0.0,0.0855586373729591,99.05463492002484,1bec114301c3,790c1ef
f1vzngrs,Batch_1,ETD,BSE-ETD,1066,1572,768,0.0,0.0,0.08359781949717052,96.71277510495553,1bec114301c3,790c1ef
f1vzngrs,Batch_1,ETD,BSE-ETD,1066,2340,768,0.0,0.0,0.09272750443732065,107.97335601918842,1bec114301c3,790c1ef
f1vzngrs,Batch_1,ETD,BSE-ETD,1066,3876,768,0.0,-0.2,0.08850114048023805,101.67691800214165,1bec114301c3,790c1ef
f1vzngrs,Batch_1,ETD,BSE-ETD,1066,4644,768,0.1,0.0,0.06734070354000428,78.28888769890277,1bec114301c3,790c1ef
f1vzngrs,Batch_1,ETD,BSE-ETD,1066,6180,768,0.0,0.0,0.09708222648286659,113.76127323427009,1bec114301c3,790c1ef
ffwubibz,Batch_1,ETD,BSE-Inlens,264,36,768,0.0,0.0,0.1149261795081723,133.78081666077424,1bec114301c3,790c1ef
ffwubibz,Batch_1,ETD,BSE-Inlens,264,1572,768,0.0,0.0,0.11587599239294055,135.73377767292493,1bec114301c3,790c1ef
ffwubibz,Batch_1,ETD,BSE-Inlens,264,2340,768,0.0,0.0,0.09692199536034425,112.80760397674148,1bec114301c3,790c1ef
ffwubibz,Batch_1,ETD,BSE-Inlens,264,3876,768,0.0,0.0,0.10188084698709546,119.98993483308489,1bec114301c3,790c1ef
ffwubibz,Batch_1,ETD,BSE-Inlens,264,4644,768,0.1,0.0,0.08952357600446625,104.77387435464848,1bec114301c3,790c1ef
ffwubibz,Batch_1,ETD,BSE-Inlens,264,6180,768,0.0,0.1,0.0894201503636527,103.80346603770376,1bec114301c3,790c1ef
ffwubibz,Batch_1,ETD,BSE-Inlens,1032,36,768,0.0,0.0,0.09102748748126044,106.01216048402284,1bec114301c3,790c1ef
ffwubibz,Batch_1,ETD,BSE-Inlens,1032,1572,768,0.0,0.0,0.08130756982793724,94.95878713903004,1bec114301c3,790c1ef
ffwubibz,Batch_1,ETD,BSE-Inlens,1032,2340,768,0.0,0.0,0.09120250811845493,105.38343626935738,1bec114301c3,790c1ef
ffwubibz,Batch_1,ETD,BSE-Inlens,1032,3876,768,0.0,0.0,0.06972093097891338,81.43896467702065,1bec114301c3,790c1ef
ffwubibz,Batch_1,ETD,BSE-Inlens,1032,4644,768,0.0,0.0,0.07785187373245196,90.28432203358676,1bec114301c3,790c1ef
ffwubibz,Batch_1,ETD,BSE-Inlens,1032,6180,768,0.1,0.1,0.06887259981311886,79.72688040049265,1bec114301c3,790c1ef
ffwubibz,Batch_1,ETD,BSE-ETD,264,36,768,0.0,-0.1,0.15202604342121528,176.99177046786127,1bec114301c3,790c1ef
ffwubibz,Batch_1,ETD,BSE-ETD,264,1572,768,0.0,-0.1,0.13401641314659296,156.86623171215973,1bec114301c3,790c1ef
ffwubibz,Batch_1,ETD,BSE-ETD,264,2340,768,0.0,0.0,0.11739678020086815,136.981989029065,1bec114301c3,790c1ef
ffwubibz,Batch_1,ETD,BSE-ETD,264,3876,768,0.0,-0.1,0.12236410158522196,144.23527322730536,1bec114301c3,790c1ef
ffwubibz,Batch_1,ETD,BSE-ETD,264,4644,768,0.0,-0.1,0.10556294336499457,123.21398042839887,1bec114301c3,790c1ef
ffwubibz,Batch_1,ETD,BSE-ETD,264,6180,768,0.0,0.0,0.11173984436225592,129.36117165560944,1bec114301c3,790c1ef
ffwubibz,Batch_1,ETD,BSE-ETD,1032,36,768,0.0,-0.1,0.11610991100959572,135.86067370154035,1bec114301c3,790c1ef
ffwubibz,Batch_1,ETD,BSE-ETD,1032,1572,768,0.0,0.0,0.09762910603275257,113.88087538294164,1bec114301c3,790c1ef
ffwubibz,Batch_1,ETD,BSE-ETD,1032,2340,768,0.0,0.0,0.1044283286882019,120.69366194079691,1bec114301c3,790c1ef
ffwubibz,Batch_1,ETD,BSE-ETD,1032,3876,768,0.0,0.1,0.08157661289543933,95.1358161679603,1bec114301c3,790c1ef
ffwubibz,Batch_1,ETD,BSE-ETD,1032,4644,768,0.0,-0.1,0.09584409851439454,111.29391306846806,1bec114301c3,790c1ef
ffwubibz,Batch_1,ETD,BSE-ETD,1032,6180,768,0.0,0.0,0.08624516020725947,100.03187115244651,1bec114301c3,790c1ef
fzrt2k6r,Batch_1,ETD,BSE-Inlens,302,36,768,0.0,0.0,0.1068512759468518,125.64821794283318,1bec114301c3,790c1ef
fzrt2k6r,Batch_1,ETD,BSE-Inlens,302,1572,768,0.0,0.0,0.12137918489403901,141.8357241487285,1bec114301c3,790c1ef
fzrt2k6r,Batch_1,ETD,BSE-Inlens,302,2340,768,0.0,0.0,0.07700574735062937,89.46991099324562,1bec114301c3,790c1ef
fzrt2k6r,Batch_1,ETD,BSE-Inlens,302,3876,768,0.0,0.0,0.0981562767177871,115.50206678107102,1bec114301c3,790c1ef
fzrt2k6r,Batch_1,ETD,BSE-Inlens,302,4644,768,0.0,0.0,0.11752933447810794,137.45956968077667,1bec114301c3,790c1ef
fzrt2k6r,Batch_1,ETD,BSE-Inlens,302,6180,768,0.0,0.0,0.10081110794484016,118.67231335505025,1bec114301c3,790c1ef
fzrt2k6r,Batch_1,ETD,BSE-Inlens,1070,36,768,-0.1,0.0,0.08306216461233928,96.28940023398928,1bec114301c3,790c1ef
fzrt2k6r,Batch_1,ETD,BSE-Inlens,1070,1572,768,0.0,0.1,0.10003356748055577,115.80334066014063,1bec114301c3,790c1ef
fzrt2k6r,Batch_1,ETD,BSE-Inlens,1070,2340,768,0.0,0.1,0.10040180346459615,116.81312327798514,1bec114301c3,790c1ef
fzrt2k6r,Batch_1,ETD,BSE-Inlens,1070,3876,768,0.0,0.1,0.09977617099168609,116.17932014983593,1bec114301c3,790c1ef
fzrt2k6r,Batch_1,ETD,BSE-Inlens,1070,4644,768,0.0,0.1,0.1198866244580718,139.2865446101558,1bec114301c3,790c1ef
fzrt2k6r,Batch_1,ETD,BSE-Inlens,1070,6180,768,0.0,0.0,0.08492212771729091,99.8769477146081,1bec114301c3,790c1ef
fzrt2k6r,Batch_1,ETD,BSE-ETD,302,36,768,0.0,-0.1,0.12404370845868941,145.3211257240259,1bec114301c3,790c1ef
fzrt2k6r,Batch_1,ETD,BSE-ETD,302,1572,768,0.0,-0.1,0.12710078144805406,148.01813664719515,1bec114301c3,790c1ef
fzrt2k6r,Batch_1,ETD,BSE-ETD,302,2340,768,0.0,-0.1,0.11730346422556115,136.6658949306216,1bec114301c3,790c1ef
fzrt2k6r,Batch_1,ETD,BSE-ETD,302,3876,768,0.0,-0.1,0.11577281757893557,135.8330804403541,1bec114301c3,790c1ef
fzrt2k6r,Batch_1,ETD,BSE-ETD,302,4644,768,0.0,-0.1,0.14020436112175605,164.2414251543289,1bec114301c3,790c1ef
fzrt2k6r,Batch_1,ETD,BSE-ETD,302,6180,768,0.0,0.0,0.10460666437297006,123.4091474239198,1bec114301c3,790c1ef
fzrt2k6r,Batch_1,ETD,BSE-ETD,1070,36,768,0.0,-0.1,0.1059530104467003,122.5443050916521,1bec114301c3,790c1ef
fzrt2k6r,Batch_1,ETD,BSE-ETD,1070,1572,768,0.0,-0.1,0.1301166717707476,151.25830795931893,1bec114301c3,790c1ef
fzrt2k6r,Batch_1,ETD,BSE-ETD,1070,2340,768,0.0,-0.1,0.1330731175096947,154.52525865615124,1bec114301c3,790c1ef
fzrt2k6r,Batch_1,ETD,BSE-ETD,1070,3876,768,0.0,-0.1,0.11999287805662118,138.81784524333375,1bec114301c3,790c1ef
fzrt2k6r,Batch_1,ETD,BSE-ETD,1070,4644,768,0.0,-0.1,0.1511823972339979,175.88609156941126,1bec114301c3,790c1ef
fzrt2k6r,Batch_1,ETD,BSE-ETD,1070,6180,768,0.0,-0.1,0.11274363341685396,132.3825123000823,1bec114301c3,790c1ef
iv6g2oq0,Batch_1,ETD,BSE-Inlens,114,16,768,0.0,0.1,0.10242204554949338,119.79693371627813,1bec114301c3,790c1ef
iv6g2oq0,Batch_1,ETD,BSE-Inlens,114,1552,768,0.0,0.0,0.0917642134703116,107.17853496687901,1bec114301c3,790c1ef
iv6g2oq0,Batch_1,ETD,BSE-Inlens,114,2320,768,0.0,0.0,0.10226526629977357,117.34305532811453,1bec114301c3,790c1ef
iv6g2oq0,Batch_1,ETD,BSE-Inlens,114,3856,768,0.0,0.0,0.10367068711543334,122.94783963048208,1bec114301c3,790c1ef
iv6g2oq0,Batch_1,ETD,BSE-Inlens,114,4624,768,0.0,0.0,0.10824209826600986,127.76038608754153,1bec114301c3,790c1ef
iv6g2oq0,Batch_1,ETD,BSE-Inlens,114,6160,768,0.0,0.1,0.10220190642922727,119.48171245516475,1bec114301c3,790c1ef
iv6g2oq0,Batch_1,ETD,BSE-Inlens,882,16,768,0.0,0.0,0.10674187011083565,124.73735708283085,1bec114301c3,790c1ef
iv6g2oq0,Batch_1,ETD,BSE-Inlens,882,1552,768,0.0,0.0,0.08412890181496603,98.04799860712518,1bec114301c3,790c1ef
iv6g2oq0,Batch_1,ETD,BSE-Inlens,882,2320,768,0.0,0.1,0.10080358728579654,117.23902625370758,1bec114301c3,790c1ef
iv6g2oq0,Batch_1,ETD,BSE-Inlens,882,3856,768,0.0,0.0,0.10486097516942683,123.36562920009696,1bec114301c3,790c1ef
iv6g2oq0,Batch_1,ETD,BSE-Inlens,882,4624,768,0.0,0.1,0.11395304460933431,132.37189681144346,1bec114301c3,790c1ef
iv6g2oq0,Batch_1,ETD,BSE-Inlens,882,6160,768,0.0,0.0,0.07597988435063431,88.46243821640529,1bec114301c3,790c1ef
iv6g2oq0,Batch_1,ETD,BSE-ETD,114,16,768,0.0,-0.1,0.11410231439710661,132.49847609481984,1bec114301c3,790c1ef
iv6g2oq0,Batch_1,ETD,BSE-ETD,114,1552,768,0.0,-0.1,0.1087603277049843,126.71401263025692,1bec114301c3,790c1ef
iv6g2oq0,Batch_1,ETD,BSE-ETD,114,2320,768,0.0,0.0,0.1274401985288106,146.25621204452116,1bec114301c3,790c1ef
iv6g2oq0,Batch_1,ETD,BSE-ETD,114,3856,768,0.0,-0.1,0.11651451366938388,137.50757626264684,1bec114301c3,790c1ef
iv6g2oq0,Batch_1,ETD,BSE-ETD,114,4624,768,0.0,-0.1,0.11564846936864714,135.99403895719703,1bec114301c3,790c1ef
iv6g2oq0,Batch_1,ETD,BSE-ETD,114,6160,768,0.0,0.0,0.10866939003797145,126.36467863253444,1bec114301c3,790c1ef
iv6g2oq0,Batch_1,ETD,BSE-ETD,882,16,768,0.0,0.0,0.11620917429493605,135.54672602899313,1bec114301c3,790c1ef
iv6g2oq0,Batch_1,ETD,BSE-ETD,882,1552,768,0.0,-0.1,0.09410572538784867,109.85185174032779,1bec114301c3,790c1ef
iv6g2oq0,Batch_1,ETD,BSE-ETD,882,2320,768,0.0,-0.1,0.13105339590361742,152.38599236973852,1bec114301c3,790c1ef
iv6g2oq0,Batch_1,ETD,BSE-ETD,882,3856,768,0.0,0.0,0.11933625809474868,140.11049681717486,1bec114301c3,790c1ef
iv6g2oq0,Batch_1,ETD,BSE-ETD,882,4624,768,0.0,0.0,0.12957419073102863,150.80188933454582,1bec114301c3,790c1ef
iv6g2oq0,Batch_1,ETD,BSE-ETD,882,6160,768,0.0,-0.1,0.08665667368257825,100.57325357325148,1bec114301c3,790c1ef
uhdslk0o,Batch_1,ETD,BSE-Inlens,164,36,768,0.0,0.0,0.11937532563044911,140.0555581592166,1bec114301c3,790c1ef
uhdslk0o,Batch_1,ETD,BSE-Inlens,164,1572,768,-0.1,0.0,0.07230623957785537,83.88694556359177,1bec114301c3,790c1ef
uhdslk0o,Batch_1,ETD,BSE-Inlens,164,2340,768,0.0,0.0,0.12023890975260218,141.78735485311344,1bec114301c3,790c1ef
uhdslk0o,Batch_1,ETD,BSE-Inlens,164,3876,768,0.0,0.0,0.12504278409222902,146.1078276892487,1bec114301c3,790c1ef
uhdslk0o,Batch_1,ETD,BSE-Inlens,164,4644,768,0.0,0.0,0.1244739261844426,146.84689830703206,1bec114301c3,790c1ef
uhdslk0o,Batch_1,ETD,BSE-Inlens,164,6180,768,0.0,0.0,0.10996039965123046,129.27575468318173,1bec114301c3,790c1ef
uhdslk0o,Batch_1,ETD,BSE-Inlens,932,36,768,0.0,0.1,0.10487618426364331,124.56653837865564,1bec114301c3,790c1ef
uhdslk0o,Batch_1,ETD,BSE-Inlens,932,1572,768,0.0,0.0,0.09308633360313986,109.07727590497389,1bec114301c3,790c1ef
uhdslk0o,Batch_1,ETD,BSE-Inlens,932,2340,768,0.0,0.0,0.11554713742992563,136.00897374838624,1bec114301c3,790c1ef
uhdslk0o,Batch_1,ETD,BSE-Inlens,932,3876,768,0.0,-0.1,0.07134696888916936,82.83487393143918,1bec114301c3,790c1ef
uhdslk0o,Batch_1,ETD,BSE-Inlens,932,4644,768,0.0,0.0,0.08495587231093116,97.5597309461235,1bec114301c3,790c1ef
uhdslk0o,Batch_1,ETD,BSE-Inlens,932,6180,768,0.0,0.0,0.07465726539137592,86.73027848258883,1bec114301c3,790c1ef
uhdslk0o,Batch_1,ETD,BSE-ETD,164,36,768,0.0,-0.1,0.1440894762500755,168.81798754709618,1bec114301c3,790c1ef
uhdslk0o,Batch_1,ETD,BSE-ETD,164,1572,768,0.0,0.0,0.07923085941542254,91.85820299984499,1bec114301c3,790c1ef
uhdslk0o,Batch_1,ETD,BSE-ETD,164,2340,768,0.0,0.0,0.131596284244814,155.11450948593424,1bec114301c3,790c1ef
uhdslk0o,Batch_1,ETD,BSE-ETD,164,3876,768,0.0,-0.1,0.14206694158661798,166.18137393789164,1bec114301c3,790c1ef
uhdslk0o,Batch_1,ETD,BSE-ETD,164,4644,768,0.0,0.0,0.14828498323464437,174.40389654680345,1bec114301c3,790c1ef
uhdslk0o,Batch_1,ETD,BSE-ETD,164,6180,768,0.0,-0.1,0.13331422007232993,156.2441893248721,1bec114301c3,790c1ef
uhdslk0o,Batch_1,ETD,BSE-ETD,932,36,768,0.0,0.0,0.12169106283918621,143.8531807474766,1bec114301c3,790c1ef
uhdslk0o,Batch_1,ETD,BSE-ETD,932,1572,768,0.0,0.0,0.11224369090406057,131.51861771886502,1bec114301c3,790c1ef
uhdslk0o,Batch_1,ETD,BSE-ETD,932,2340,768,0.0,-0.1,0.13167162482713454,154.7911242910268,1bec114301c3,790c1ef
uhdslk0o,Batch_1,ETD,BSE-ETD,932,3876,768,0.0,0.0,0.08363625574343894,97.01665167405339,1bec114301c3,790c1ef
uhdslk0o,Batch_1,ETD,BSE-ETD,932,4644,768,0.0,0.0,0.09721664558679313,111.83249257729153,1bec114301c3,790c1ef
uhdslk0o,Batch_1,ETD,BSE-ETD,932,6180,768,0.0,0.0,0.07698526065977034,89.13552641214879,1bec114301c3,790c1ef
3806gxp0,Batch_2,ETD,BSE-Inlens,248,36,768,0.0,0.0,0.08699825377954695,101.19765203921636,1bec114301c3,790c1ef
3806gxp0,Batch_2,ETD,BSE-Inlens,248,1572,768,0.0,-0.1,0.07439041357856463,86.78119573355225,1bec114301c3,790c1ef
3806gxp0,Batch_2,ETD,BSE-Inlens,248,2340,768,-0.1,0.0,0.05697158276163643,65.71969192918655,1bec114301c3,790c1ef
3806gxp0,Batch_2,ETD,BSE-Inlens,248,3876,768,0.0,0.1,0.0665620290816728,77.62821504454666,1bec114301c3,790c1ef
3806gxp0,Batch_2,ETD,BSE-Inlens,248,4644,768,0.0,0.0,0.08271025723170934,96.76269507731439,1bec114301c3,790c1ef
3806gxp0,Batch_2,ETD,BSE-Inlens,248,6180,768,0.0,0.0,0.0739017379244098,86.2249027311935,1bec114301c3,790c1ef
3806gxp0,Batch_2,ETD,BSE-Inlens,1016,36,768,0.0,0.1,0.08991578508267713,104.75620764720357,1bec114301c3,790c1ef
3806gxp0,Batch_2,ETD,BSE-Inlens,1016,1572,768,0.0,0.1,0.08833326225470903,101.55569165231303,1bec114301c3,790c1ef
3806gxp0,Batch_2,ETD,BSE-Inlens,1016,2340,768,0.0,0.0,0.09976433173775781,116.74594200847945,1bec114301c3,790c1ef
3806gxp0,Batch_2,ETD,BSE-Inlens,1016,3876,768,0.0,0.0,0.08947458811580825,104.82274374323654,1bec114301c3,790c1ef
3806gxp0,Batch_2,ETD,BSE-Inlens,1016,4644,768,0.0,0.0,0.10131631527397135,118.31499104724567,1bec114301c3,790c1ef
3806gxp0,Batch_2,ETD,BSE-Inlens,1016,6180,768,0.0,0.0,0.09227215342091895,106.89329742116206,1bec114301c3,790c1ef
3806gxp0,Batch_2,ETD,BSE-ETD,248,36,768,0.0,-0.1,0.09168161133437099,106.63843620416328,1bec114301c3,790c1ef
3806gxp0,Batch_2,ETD,BSE-ETD,248,1572,768,-0.1,-0.1,0.0775992419993987,90.02822083183727,1bec114301c3,790c1ef
3806gxp0,Batch_2,ETD,BSE-ETD,248,2340,768,0.1,-0.2,0.07053962593184343,81.33598701526921,1bec114301c3,790c1ef
3806gxp0,Batch_2,ETD,BSE-ETD,248,3876,768,0.0,0.0,0.07127844811195161,83.18216752297394,1bec114301c3,790c1ef
3806gxp0,Batch_2,ETD,BSE-ETD,248,4644,768,0.0,-0.2,0.08443491479275156,99.12439710669413,1bec114301c3,790c1ef
3806gxp0,Batch_2,ETD,BSE-ETD,248,6180,768,0.0,-0.1,0.07289016102437705,84.90989191299501,1bec114301c3,790c1ef
3806gxp0,Batch_2,ETD,BSE-ETD,1016,36,768,0.0,-0.1,0.11337505923448887,132.40796405655408,1bec114301c3,790c1ef
3806gxp0,Batch_2,ETD,BSE-ETD,1016,1572,768,0.0,-0.1,0.1030603575420457,118.53998496600809,1bec114301c3,790c1ef
3806gxp0,Batch_2,ETD,BSE-ETD,1016,2340,768,0.0,0.0,0.10599725650975678,124.06900943283497,1bec114301c3,790c1ef
3806gxp0,Batch_2,ETD,BSE-ETD,1016,3876,768,0.0,-0.1,0.09790419683560071,114.68461814310123,1bec114301c3,790c1ef
3806gxp0,Batch_2,ETD,BSE-ETD,1016,4644,768,0.0,-0.1,0.11275965679327857,131.48905763778723,1bec114301c3,790c1ef
3806gxp0,Batch_2,ETD,BSE-ETD,1016,6180,768,-0.1,-0.1,0.10275721384612282,118.63746035580031,1bec114301c3,790c1ef
avn74qx1,Batch_2,ETD,BSE-Inlens,248,36,768,0.0,0.1,0.059591085242384774,68.72130375363442,1bec114301c3,790c1ef
avn74qx1,Batch_2,ETD,BSE-Inlens,248,1572,768,0.0,0.0,0.061792097672017265,71.04867080867832,1bec114301c3,790c1ef
avn74qx1,Batch_2,ETD,BSE-Inlens,248,2340,768,0.0,0.0,0.06126231061560648,70.71664690324162,1bec114301c3,790c1ef
avn74qx1,Batch_2,ETD,BSE-Inlens,248,3876,768,0.0,0.0,0.0725238433637794,84.22304085966745,1bec114301c3,790c1ef
avn74qx1,Batch_2,ETD,BSE-Inlens,248,4644,768,-0.1,0.0,0.07465422015153228,86.21855021229926,1bec114301c3,790c1ef
avn74qx1,Batch_2,ETD,BSE-Inlens,248,6180,768,0.0,0.1,0.09424754433152867,109.04365637152354,1bec114301c3,790c1ef
avn74qx1,Batch_2,ETD,BSE-Inlens,1016,36,768,0.0,0.0,0.0783807842927057,90.55822652556438,1bec114301c3,790c1ef
avn74qx1,Batch_2,ETD,BSE-Inlens,1016,1572,768,-0.1,0.0,0.08145866789329134,94.50274240649433,1bec114301c3,790c1ef
avn74qx1,Batch_2,ETD,BSE-Inlens,1016,2340,768,0.0,0.1,0.07688778140576835,89.41589937254017,1bec114301c3,790c1ef
avn74qx1,Batch_2,ETD,BSE-Inlens,1016,3876,768,0.0,0.1,0.0822747521619369,95.93166122977372,1bec114301c3,790c1ef
avn74qx1,Batch_2,ETD,BSE-Inlens,1016,4644,768,-0.1,0.0,0.08886246568085333,102.8804987203075,1bec114301c3,790c1ef
avn74qx1,Batch_2,ETD,BSE-Inlens,1016,6180,768,0.0,0.1,0.0855005768910464,99.44909726829674,1bec114301c3,790c1ef
avn74qx1,Batch_2,ETD,BSE-ETD,248,36,768,0.0,0.0,0.060616101690019034,69.80943302702298,1bec114301c3,790c1ef
avn74qx1,Batch_2,ETD,BSE-ETD,248,1572,768,-0.1,0.0,0.06180328867896995,71.22641173969383,1bec114301c3,790c1ef
avn74qx1,Batch_2,ETD,BSE-ETD,248,2340,768,0.0,-0.1,0.07255833491629687,83.9361627721941,1bec114301c3,790c1ef
avn74qx1,Batch_2,ETD,BSE-ETD,248,3876,768,0.0,-0.1,0.08161812431179709,94.8065092369467,1bec114301c3,790c1ef
avn74qx1,Batch_2,ETD,BSE-ETD,248,4644,768,-0.1,-0.1,0.08729737091779433,100.77313961621655,1bec114301c3,790c1ef
avn74qx1,Batch_2,ETD,BSE-ETD,248,6180,768,0.0,-0.1,0.10753495468279467,124.50344763160186,1bec114301c3,790c1ef
avn74qx1,Batch_2,ETD,BSE-ETD,1016,36,768,0.0,0.0,0.08691317797735879,100.39806390663159,1bec114301c3,790c1ef
avn74qx1,Batch_2,ETD,BSE-ETD,1016,1572,768,0.0,-0.1,0.09369383782546922,108.51968545870959,1bec114301c3,790c1ef
avn74qx1,Batch_2,ETD,BSE-ETD,1016,2340,768,-0.1,0.1,0.0819415273963512,95.12123493568662,1bec114301c3,790c1ef
avn74qx1,Batch_2,ETD,BSE-ETD,1016,3876,768,0.0,-0.1,0.09467543922689127,110.79448885276884,1bec114301c3,790c1ef
avn74qx1,Batch_2,ETD,BSE-ETD,1016,4644,768,0.0,-0.1,0.09473762231047364,109.46679978948897,1bec114301c3,790c1ef
avn74qx1,Batch_2,ETD,BSE-ETD,1016,6180,768,0.0,0.0,0.09571549661332204,111.20033412445075,1bec114301c3,790c1ef
b3esycq1,Batch_2,ETD,BSE-Inlens,302,36,768,0.0,0.0,0.08953323168418284,104.60797580886599,1bec114301c3,790c1ef
b3esycq1,Batch_2,ETD,BSE-Inlens,302,1572,768,0.0,0.1,0.08003738738277633,93.69765074867192,1bec114301c3,790c1ef
b3esycq1,Batch_2,ETD,BSE-Inlens,302,2340,768,0.0,0.0,0.08891617126546847,103.80574158712608,1bec114301c3,790c1ef
b3esycq1,Batch_2,ETD,BSE-Inlens,302,3876,768,0.0,0.0,0.09302365538693014,109.14651674168907,1bec114301c3,790c1ef
b3esycq1,Batch_2,ETD,BSE-Inlens,302,4644,768,0.0,0.1,0.10407123456825618,122.25934416943822,1bec114301c3,790c1ef
b3esycq1,Batch_2,ETD,BSE-Inlens,302,6180,768,0.0,0.0,0.08583326342278219,100.29008736235969,1bec114301c3,790c1ef
b3esycq1,Batch_2,ETD,BSE-Inlens,1070,36,768,0.0,0.0,0.12249384020870052,141.85873566322115,1bec114301c3,790c1ef
b3esycq1,Batch_2,ETD,BSE-Inlens,1070,1572,768,0.0,0.0,0.1275135497955991,148.46392155788277,1bec114301c3,790c1ef
b3esycq1,Batch_2,ETD,BSE-Inlens,1070,2340,768,0.0,0.0,0.075518991584867,88.54683736328779,1bec114301c3,790c1ef
b3esycq1,Batch_2,ETD,BSE-Inlens,1070,3876,768,-0.1,0.1,0.1168508597891312,136.55437601168,1bec114301c3,790c1ef
b3esycq1,Batch_2,ETD,BSE-Inlens,1070,4644,768,0.0,0.1,0.12979203917107138,150.80236165059685,1bec114301c3,790c1ef
b3esycq1,Batch_2,ETD,BSE-Inlens,1070,6180,768,0.0,0.0,0.11285218295750177,132.60460007712194,1bec114301c3,790c1ef
b3esycq1,Batch_2,ETD,BSE-ETD,302,36,768,0.0,-0.1,0.11367855303875869,132.8448479404323,1bec114301c3,790c1ef
b3esycq1,Batch_2,ETD,BSE-ETD,302,1572,768,0.0,-0.1,0.08092351585557107,94.55254450409389,1bec114301c3,790c1ef
b3esycq1,Batch_2,ETD,BSE-ETD,302,2340,768,0.0,0.0,0.09406578648981513,109.9312547128716,1bec114301c3,790c1ef
b3esycq1,Batch_2,ETD,BSE-ETD,302,3876,768,0.0,-0.1,0.10644746761847124,125.20304546883243,1bec114301c3,790c1ef
b3esycq1,Batch_2,ETD,BSE-ETD,302,4644,768,0.0,-0.1,0.12763926265048603,149.81786577394544,1bec114301c3,790c1ef
b3esycq1,Batch_2,ETD,BSE-ETD,302,6180,768,0.0,0.0,0.10970408501287049,128.93369806333283,1bec114301c3,790c1ef
b3esycq1,Batch_2,ETD,BSE-ETD,1070,36,768,0.0,-0.1,0.14779862391812773,171.08289182882743,1bec114301c3,790c1ef
b3esycq1,Batch_2,ETD,BSE-ETD,1070,1572,768,0.0,-0.1,0.1541636809019718,178.7522944959091,1bec114301c3,790c1ef
b3esycq1,Batch_2,ETD,BSE-ETD,1070,2340,768,0.1,0.0,0.09062205731631512,106.07412833180979,1bec114301c3,790c1ef
b3esycq1,Batch_2,ETD,BSE-ETD,1070,3876,768,0.0,-0.1,0.12383015519202056,144.76077745544083,1bec114301c3,790c1ef
b3esycq1,Batch_2,ETD,BSE-ETD,1070,4644,768,0.0,-0.1,0.16959538462281445,197.5530581173523,1bec114301c3,790c1ef
b3esycq1,Batch_2,ETD,BSE-ETD,1070,6180,768,0.0,-0.1,0.12671616095563887,148.27588339646113,1bec114301c3,790c1ef
epqdaau9,Batch_2,ETD,BSE-Inlens,298,36,768,0.0,0.0,0.0853469466264595,99.35346520257461,1bec114301c3,790c1ef
epqdaau9,Batch_2,ETD,BSE-Inlens,298,1572,768,0.0,0.1,0.07269845140213678,84.6159934614531,1bec114301c3,790c1ef
epqdaau9,Batch_2,ETD,BSE-Inlens,298,2340,768,0.0,0.0,0.07439706460529238,86.68184941388364,1bec114301c3,790c1ef
epqdaau9,Batch_2,ETD,BSE-Inlens,298,3876,768,0.0,0.0,0.09853535071637606,114.59337271395843,1bec114301c3,790c1ef
epqdaau9,Batch_2,ETD,BSE-Inlens,298,4644,768,0.0,0.1,0.08614536290295216,100.27841075986309,1bec114301c3,790c1ef
epqdaau9,Batch_2,ETD,BSE-Inlens,298,6180,768,0.0,0.0,0.09358784848931379,109.87314442450099,1bec114301c3,790c1ef
epqdaau9,Batch_2,ETD,BSE-Inlens,1066,36,768,0.0,0.1,0.08197530762693912,94.3866781823439,1bec114301c3,790c1ef
epqdaau9,Batch_2,ETD,BSE-Inlens,1066,1572,768,0.0,0.0,0.09200515101725348,108.59806702299565,1bec114301c3,790c1ef
epqdaau9,Batch_2,ETD,BSE-Inlens,1066,2340,768,0.1,0.0,0.09881872582178372,115.30245346327204,1bec114301c3,790c1ef
epqdaau9,Batch_2,ETD,BSE-Inlens,1066,3876,768,0.0,0.0,0.0999129711611957,115.58477632488481,1bec114301c3,790c1ef
epqdaau9,Batch_2,ETD,BSE-Inlens,1066,4644,768,0.0,0.1,0.10737290278345508,125.62927153624211,1bec114301c3,790c1ef
epqdaau9,Batch_2,ETD,BSE-Inlens,1066,6180,768,0.0,0.0,0.06565854026265938,76.16607888765274,1bec114301c3,790c1ef
epqdaau9,Batch_2,ETD,BSE-ETD,298,36,768,0.0,-0.1,0.0964298906240472,112.2408974628665,1bec114301c3,790c1ef
epqdaau9,Batch_2,ETD,BSE-ETD,298,1572,768,0.0,-0.1,0.08325796111397067,96.72034874198535,1bec114301c3,790c1ef
epqdaau9,Batch_2,ETD,BSE-ETD,298,2340,768,0.0,-0.1,0.0924309790624126,107.7762335655478,1bec114301c3,790c1ef
epqdaau9,Batch_2,ETD,BSE-ETD,298,3876,768,0.0,-0.1,0.12557649267106424,146.21461651845974,1bec114301c3,790c1ef
epqdaau9,Batch_2,ETD,BSE-ETD,298,4644,768,0.0,0.0,0.09669475824326487,112.75978794345166,1bec114301c3,790c1ef
epqdaau9,Batch_2,ETD,BSE-ETD,298,6180,768,0.0,0.0,0.10792153759751891,126.56101479294236,1bec114301c3,790c1ef
epqdaau9,Batch_2,ETD,BSE-ETD,1066,36,768,0.0,0.0,0.1001564067438484,115.2699932913703,1bec114301c3,790c1ef
epqdaau9,Batch_2,ETD,BSE-ETD,1066,1572,768,0.0,0.0,0.10599889043491528,124.77622175610233,1bec114301c3,790c1ef
epqdaau9,Batch_2,ETD,BSE-ETD,1066,2340,768,0.0,-0.1,0.12289669500724165,142.91942935031398,1bec114301c3,790c1ef
epqdaau9,Batch_2,ETD,BSE-ETD,1066,3876,768,0.0,-0.1,0.12233676556376974,141.45369517593272,1bec114301c3,790c1ef
epqdaau9,Batch_2,ETD,BSE-ETD,1066,4644,768,0.0,-0.1,0.1351348891353127,158.49593395262187,1bec114301c3,790c1ef
epqdaau9,Batch_2,ETD,BSE-ETD,1066,6180,768,0.0,-0.2,0.07848850797685816,90.94368249278794,1bec114301c3,790c1ef
i9jiqjwl,Batch_2,ETD,BSE-Inlens,360,36,768,0.0,0.0,0.08575093526191244,100.05864376447846,1bec114301c3,790c1ef
i9jiqjwl,Batch_2,ETD,BSE-Inlens,360,1572,768,0.1,0.1,0.08762759661317343,102.3706025452413,1bec114301c3,790c1ef
i9jiqjwl,Batch_2,ETD,BSE-Inlens,360,2340,768,0.0,0.1,0.1131146661432163,133.0004615710737,1bec114301c3,790c1ef
i9jiqjwl,Batch_2,ETD,BSE-Inlens,360,3876,768,0.0,0.1,0.1155582159019432,134.056265708573,1bec114301c3,790c1ef
i9jiqjwl,Batch_2,ETD,BSE-Inlens,360,4644,768,0.0,0.0,0.11044007700307765,130.14433903384426,1bec114301c3,790c1ef
i9jiqjwl,Batch_2,ETD,BSE-Inlens,360,6180,768,0.0,0.0,0.11460020338974616,133.79182382919436,1bec114301c3,790c1ef
i9jiqjwl,Batch_2,ETD,BSE-Inlens,1128,36,768,0.0,0.1,0.07778253455735047,90.67448531783694,1bec114301c3,790c1ef
i9jiqjwl,Batch_2,ETD,BSE-Inlens,1128,1572,768,0.0,0.0,0.08917085732900823,103.84776400879997,1bec114301c3,790c1ef
i9jiqjwl,Batch_2,ETD,BSE-Inlens,1128,2340,768,0.0,0.0,0.060298081234242636,70.04248559267548,1bec114301c3,790c1ef
i9jiqjwl,Batch_2,ETD,BSE-Inlens,1128,3876,768,-0.1,0.0,0.070536728089271,82.12952832906157,1bec114301c3,790c1ef
i9jiqjwl,Batch_2,ETD,BSE-Inlens,1128,4644,768,0.0,0.1,0.07335720598456186,85.68292259464023,1bec114301c3,790c1ef
i9jiqjwl,Batch_2,ETD,BSE-Inlens,1128,6180,768,0.0,0.0,0.09149315992560687,106.45192819873596,1bec114301c3,790c1ef
i9jiqjwl,Batch_2,ETD,BSE-ETD,360,36,768,0.0,0.0,0.10396264101705863,121.89384302221977,1bec114301c3,790c1ef
i9jiqjwl,Batch_2,ETD,BSE-ETD,360,1572,768,0.0,0.0,0.11041347774941336,129.09370555668295,1bec114301c3,790c1ef
i9jiqjwl,Batch_2,ETD,BSE-ETD,360,2340,768,0.0,-0.1,0.11725600434893836,137.1104816193085,1bec114301c3,790c1ef
i9jiqjwl,Batch_2,ETD,BSE-ETD,360,3876,768,0.0,-0.1,0.1397325092726439,162.89025288421726,1bec114301c3,790c1ef
i9jiqjwl,Batch_2,ETD,BSE-ETD,360,4644,768,0.0,-0.1,0.11890772305262207,139.536547918294,1bec114301c3,790c1ef
i9jiqjwl,Batch_2,ETD,BSE-ETD,360,6180,768,0.0,-0.1,0.1322490997232773,154.23235725218257,1bec114301c3,790c1ef
i9jiqjwl,Batch_2,ETD,BSE-ETD,1128,36,768,0.0,0.0,0.08830901677537102,102.84832596620312,1bec114301c3,790c1ef
i9jiqjwl,Batch_2,ETD,BSE-ETD,1128,1572,768,0.0,-0.1,0.09783930634164435,113.52348851402127,1bec114301c3,790c1ef
i9jiqjwl,Batch_2,ETD,BSE-ETD,1128,2340,768,0.0,0.0,0.06879660739996786,79.80578309721912,1bec114301c3,790c1ef
i9jiqjwl,Batch_2,ETD,BSE-ETD,1128,3876,768,0.0,-0.1,0.09059416285450586,105.74129239080582,1bec114301c3,790c1ef
i9jiqjwl,Batch_2,ETD,BSE-ETD,1128,4644,768,0.0,0.0,0.07767834178122027,90.44745616923588,1bec114301c3,790c1ef
i9jiqjwl,Batch_2,ETD,BSE-ETD,1128,6180,768,0.0,0.0,0.11316870173471556,131.6604618054011,1bec114301c3,790c1ef
r17byphk,Batch_2,ETD,BSE-Inlens,264,36,768,0.0,0.0,0.0947660157443131,112.77247871829945,1bec114301c3,790c1ef
r17byphk,Batch_2,ETD,BSE-Inlens,264,1572,768,0.0,0.0,0.10149900733606639,120.51174015398223,1bec114301c3,790c1ef
r17byphk,Batch_2,ETD,BSE-Inlens,264,2340,768,0.0,0.1,0.1229305056733049,144.1374810951436,1bec114301c3,790c1ef
r17byphk,Batch_2,ETD,BSE-Inlens,264,3876,768,0.0,0.1,0.11738540277040445,134.91540663085706,1bec114301c3,790c1ef
r17byphk,Batch_2,ETD,BSE-Inlens,264,4644,768,0.0,0.0,0.12234795044078313,144.8323850633184,1bec114301c3,790c1ef
r17byphk,Batch_2,ETD,BSE-Inlens,264,6180,768,0.0,0.0,0.09955918137177805,115.43448189711431,1bec114301c3,790c1ef
r17byphk,Batch_2,ETD,BSE-Inlens,1032,36,768,0.0,0.0,0.10857593746711078,127.12300949851594,1bec114301c3,790c1ef
r17byphk,Batch_2,ETD,BSE-Inlens,1032,1572,768,0.0,0.0,0.10851862094403597,126.33163724928099,1bec114301c3,790c1ef
r17byphk,Batch_2,ETD,BSE-Inlens,1032,2340,768,0.0,0.0,0.08713884838922734,101.81445049288226,1bec114301c3,790c1ef
r17byphk,Batch_2,ETD,BSE-Inlens,1032,3876,768,0.0,0.0,0.1080456231386486,127.36951359203448,1bec114301c3,790c1ef
r17byphk,Batch_2,ETD,BSE-Inlens,1032,4644,768,0.0,0.1,0.0951163596163462,111.13764048431104,1bec114301c3,790c1ef
r17byphk,Batch_2,ETD,BSE-Inlens,1032,6180,768,0.0,0.1,0.09004903276898846,104.75584578540379,1bec114301c3,790c1ef
r17byphk,Batch_2,ETD,BSE-ETD,264,36,768,0.0,0.0,0.10095105119739131,118.0142128167815,1bec114301c3,790c1ef
r17byphk,Batch_2,ETD,BSE-ETD,264,1572,768,0.0,0.0,0.1149206968489471,135.79779235286105,1bec114301c3,790c1ef
r17byphk,Batch_2,ETD,BSE-ETD,264,2340,768,0.0,-0.1,0.14236582064441267,166.87283716175082,1bec114301c3,790c1ef
r17byphk,Batch_2,ETD,BSE-ETD,264,3876,768,0.0,0.0,0.15304151805731198,179.39777807726358,1bec114301c3,790c1ef
r17byphk,Batch_2,ETD,BSE-ETD,264,4644,768,0.0,0.0,0.1420332781086927,168.46170568663678,1bec114301c3,790c1ef
r17byphk,Batch_2,ETD,BSE-ETD,264,6180,768,0.0,0.0,0.1194587169320468,137.42202892903074,1bec114301c3,790c1ef
r17byphk,Batch_2,ETD,BSE-ETD,1032,36,768,0.0,-0.1,0.13547724667209748,159.26135713046952,1bec114301c3,790c1ef
r17byphk,Batch_2,ETD,BSE-ETD,1032,1572,768,0.0,-0.1,0.1353509830853768,157.86314593821456,1bec114301c3,790c1ef
r17byphk,Batch_2,ETD,BSE-ETD,1032,2340,768,0.0,0.0,0.0966193494486093,112.04466365618545,1bec114301c3,790c1ef
r17byphk,Batch_2,ETD,BSE-ETD,1032,3876,768,0.0,-0.1,0.1222558771979176,143.06868290612474,1bec114301c3,790c1ef
r17byphk,Batch_2,ETD,BSE-ETD,1032,4644,768,0.0,0.0,0.10291471470355291,119.58498637688862,1bec114301c3,790c1ef
r17byphk,Batch_2,ETD,BSE-ETD,1032,6180,768,-0.1,-0.1,0.1055645353196113,122.41614595535304,1bec114301c3,790c1ef
rxax5ozo,Batch_2,SE,BSE-Inlens,258,36,768,0.0,0.1,0.11712432430254499,136.87855200202736,1bec114301c3,790c1ef
rxax5ozo,Batch_2,SE,BSE-Inlens,258,1572,768,0.0,0.1,0.11678944048011453,138.26675891893916,1bec114301c3,790c1ef
rxax5ozo,Batch_2,SE,BSE-Inlens,258,2340,768,0.0,0.1,0.12149807846530544,142.9819701944441,1bec114301c3,790c1ef
rxax5ozo,Batch_2,SE,BSE-Inlens,258,3876,768,0.0,0.1,0.10004233702655792,113.06651731749974,1bec114301c3,790c1ef
rxax5ozo,Batch_2,SE,BSE-Inlens,258,4644,768,0.0,0.1,0.11955109728146912,139.0232043444244,1bec114301c3,790c1ef
rxax5ozo,Batch_2,SE,BSE-Inlens,258,6180,768,0.0,0.0,0.12871965948081393,151.99832012446205,1bec114301c3,790c1ef
rxax5ozo,Batch_2,SE,BSE-Inlens,1026,36,768,0.0,0.0,0.11100470410824334,130.35545295582145,1bec114301c3,790c1ef
rxax5ozo,Batch_2,SE,BSE-Inlens,1026,1572,768,0.0,0.0,0.0514331962810197,60.2285278213133,1bec114301c3,790c1ef
rxax5ozo,Batch_2,SE,BSE-Inlens,1026,2340,768,0.0,0.0,0.1228543397190448,144.87459540165912,1bec114301c3,790c1ef
rxax5ozo,Batch_2,SE,BSE-Inlens,1026,3876,768,0.0,0.1,0.12147503054260929,143.77008295456864,1bec114301c3,790c1ef
rxax5ozo,Batch_2,SE,BSE-Inlens,1026,4644,768,0.0,0.0,0.11263812626001704,130.71571997494087,1bec114301c3,790c1ef
rxax5ozo,Batch_2,SE,BSE-Inlens,1026,6180,768,0.0,0.0,0.10601146404098574,123.9962293972303,1bec114301c3,790c1ef
rxax5ozo,Batch_2,SE,BSE-SE,258,36,768,0.0,0.0,0.13687358041034842,159.50681812083172,1bec114301c3,790c1ef
rxax5ozo,Batch_2,SE,BSE-SE,258,1572,768,0.0,0.0,0.14750983109615273,174.21670540161534,1bec114301c3,790c1ef
rxax5ozo,Batch_2,SE,BSE-SE,258,2340,768,0.0,0.0,0.1360023706974572,159.7521498913469,1bec114301c3,790c1ef
rxax5ozo,Batch_2,SE,BSE-SE,258,3876,768,0.0,-0.1,0.16934751295579153,194.13381857263485,1bec114301c3,790c1ef
rxax5ozo,Batch_2,SE,BSE-SE,258,4644,768,0.0,-0.1,0.14347437045320582,167.0793636081539,1bec114301c3,790c1ef
rxax5ozo,Batch_2,SE,BSE-SE,258,6180,768,0.0,0.0,0.14930796769515361,175.3811471447603,1bec114301c3,790c1ef
rxax5ozo,Batch_2,SE,BSE-SE,1026,36,768,0.0,-0.2,0.11389687202787349,132.62412354597868,1bec114301c3,790c1ef
rxax5ozo,Batch_2,SE,BSE-SE,1026,1572,768,0.1,0.0,0.05111560448920199,59.60010626535791,1bec114301c3,790c1ef
rxax5ozo,Batch_2,SE,BSE-SE,1026,2340,768,0.0,-0.1,0.14490536764949433,170.45326006991613,1bec114301c3,790c1ef
rxax5ozo,Batch_2,SE,BSE-SE,1026,3876,768,0.0,-0.1,0.1450561531304948,171.1661697374277,1bec114301c3,790c1ef
rxax5ozo,Batch_2,SE,BSE-SE,1026,4644,768,0.0,-0.1,0.13257827055072727,155.39508037409408,1bec114301c3,790c1ef
rxax5ozo,Batch_2,SE,BSE-SE,1026,6180,768,0.0,-0.1,0.12821843836191824,149.26614589515088,1bec114301c3,790c1ef
0grcilhi,Batch_3,ETD,BSE-Inlens,176,36,768,0.0,0.1,0.07112899840086873,82.84335544765254,1bec114301c3,790c1ef
0grcilhi,Batch_3,ETD,BSE-Inlens,176,1572,768,0.0,0.0,0.0844625214198984,98.37850232339645,1bec114301c3,790c1ef
0grcilhi,Batch_3,ETD,BSE-Inlens,176,2340,768,0.0,0.0,0.10358333866475239,120.49481838908828,1bec114301c3,790c1ef
0grcilhi,Batch_3,ETD,BSE-Inlens,176,3876,768,0.0,0.0,0.08587405423463881,99.01251877372779,1bec114301c3,790c1ef
0grcilhi,Batch_3,ETD,BSE-Inlens,176,4644,768,0.0,0.1,0.07403632988800266,85.38806607194178,1bec114301c3,790c1ef
0grcilhi,Batch_3,ETD,BSE-Inlens,176,6180,768,0.0,0.1,0.06828885369351856,79.34624775486633,1bec114301c3,790c1ef
0grcilhi,Batch_3,ETD,BSE-Inlens,944,36,768,0.0,0.0,0.06839332405078757,79.86001916540972,1bec114301c3,790c1ef
0grcilhi,Batch_3,ETD,BSE-Inlens,944,1572,768,0.0,0.0,0.054567135096304155,63.229144343014724,1bec114301c3,790c1ef
0grcilhi,Batch_3,ETD,BSE-Inlens,944,2340,768,0.0,0.0,0.06010785525511878,69.71995785499792,1bec114301c3,790c1ef
0grcilhi,Batch_3,ETD,BSE-Inlens,944,3876,768,0.0,0.0,0.05371141854872315,62.41703162260029,1bec114301c3,790c1ef
0grcilhi,Batch_3,ETD,BSE-Inlens,944,4644,768,0.0,0.0,0.06621783692977395,76.03762129964431,1bec114301c3,790c1ef
0grcilhi,Batch_3,ETD,BSE-Inlens,944,6180,768,0.0,0.0,0.0718983174265353,83.69650810175139,1bec114301c3,790c1ef
0grcilhi,Batch_3,ETD,BSE-ETD,176,36,768,0.0,-0.1,0.06690710465753999,77.60103678661127,1bec114301c3,790c1ef
0grcilhi,Batch_3,ETD,BSE-ETD,176,1572,768,0.0,-0.1,0.09762566093636801,113.57196650231569,1bec114301c3,790c1ef
0grcilhi,Batch_3,ETD,BSE-ETD,176,2340,768,0.0,-0.1,0.10155606629251504,118.5899086413702,1bec114301c3,790c1ef
0grcilhi,Batch_3,ETD,BSE-ETD,176,3876,768,0.0,-0.1,0.09626984559131849,109.56068245015229,1bec114301c3,790c1ef
0grcilhi,Batch_3,ETD,BSE-ETD,176,4644,768,0.0,0.0,0.08270670983326002,96.20123776701475,1bec114301c3,790c1ef
0grcilhi,Batch_3,ETD,BSE-ETD,176,6180,768,0.0,-0.1,0.07473591196683183,86.13792325494141,1bec114301c3,790c1ef
0grcilhi,Batch_3,ETD,BSE-ETD,944,36,768,0.0,0.0,0.07067081581354254,82.17255887182927,1bec114301c3,790c1ef
0grcilhi,Batch_3,ETD,BSE-ETD,944,1572,768,0.0,0.0,0.05996731250203516,68.8723285156954,1bec114301c3,790c1ef
0grcilhi,Batch_3,ETD,BSE-ETD,944,2340,768,-0.1,0.1,0.059299636759284215,68.1591670643068,1bec114301c3,790c1ef
0grcilhi,Batch_3,ETD,BSE-ETD,944,3876,768,0.0,-0.2,0.05503772987950135,64.651178176011,1bec114301c3,790c1ef
0grcilhi,Batch_3,ETD,BSE-ETD,944,4644,768,0.0,-0.1,0.06240359759367406,71.87799363870137,1bec114301c3,790c1ef
0grcilhi,Batch_3,ETD,BSE-ETD,944,6180,768,0.0,0.0,0.07754223278147016,90.53322210072803,1bec114301c3,790c1ef
71vgq3fw,Batch_3,ETD,BSE-Inlens,254,36,768,0.0,0.0,0.1701399457863717,199.59151577210545,1bec114301c3,790c1ef
71vgq3fw,Batch_3,ETD,BSE-Inlens,254,1572,768,0.0,0.0,0.10838997607315945,130.72993103234032,1bec114301c3,790c1ef
71vgq3fw,Batch_3,ETD,BSE-Inlens,254,2340,768,0.0,0.0,0.15636965598172373,183.76314457965108,1bec114301c3,790c1ef
71vgq3fw,Batch_3,ETD,BSE-Inlens,254,3876,768,0.0,0.0,0.12759097482943296,150.70662690052953,1bec114301c3,790c1ef
71vgq3fw,Batch_3,ETD,BSE-Inlens,254,4644,768,0.0,0.0,0.11914181432482221,138.1603421443577,1bec114301c3,790c1ef
71vgq3fw,Batch_3,ETD,BSE-Inlens,254,6180,768,0.0,-0.1,0.14221473878236784,162.90498390735843,1bec114301c3,790c1ef
71vgq3fw,Batch_3,ETD,BSE-Inlens,1022,36,768,0.0,0.0,0.08558952165107525,99.78664610410642,1bec114301c3,790c1ef
71vgq3fw,Batch_3,ETD,BSE-Inlens,1022,1572,768,0.0,0.0,0.09394308824914639,108.87106351184133,1bec114301c3,790c1ef
71vgq3fw,Batch_3,ETD,BSE-Inlens,1022,2340,768,0.0,0.0,0.11504227683901214,133.73944090993936,1bec114301c3,790c1ef
71vgq3fw,Batch_3,ETD,BSE-Inlens,1022,3876,768,0.0,0.0,0.10464352407887811,122.18513335635072,1bec114301c3,790c1ef
71vgq3fw,Batch_3,ETD,BSE-Inlens,1022,4644,768,0.0,0.0,0.10489145619131696,121.96843930383704,1bec114301c3,790c1ef
71vgq3fw,Batch_3,ETD,BSE-Inlens,1022,6180,768,0.0,-0.1,0.08829348949323214,103.24921400460241,1bec114301c3,790c1ef
71vgq3fw,Batch_3,ETD,BSE-ETD,254,36,768,0.0,-0.1,0.173761662226979,202.84888287098283,1bec114301c3,790c1ef
71vgq3fw,Batch_3,ETD,BSE-ETD,254,1572,768,0.0,-0.1,0.09734596678490384,115.03884636066958,1bec114301c3,790c1ef
71vgq3fw,Batch_3,ETD,BSE-ETD,254,2340,768,0.0,-0.1,0.16153052088265665,190.26252297139288,1bec114301c3,790c1ef
71vgq3fw,Batch_3,ETD,BSE-ETD,254,3876,768,0.0,0.0,0.12439491711089942,146.8003991711399,1bec114301c3,790c1ef
71vgq3fw,Batch_3,ETD,BSE-ETD,254,4644,768,0.0,-0.1,0.13371984472590287,156.0312488283357,1bec114301c3,790c1ef
71vgq3fw,Batch_3,ETD,BSE-ETD,254,6180,768,0.0,0.0,0.1477251591039768,171.77019315186294,1bec114301c3,790c1ef
71vgq3fw,Batch_3,ETD,BSE-ETD,1022,36,768,0.0,0.0,0.08893156490547077,103.67852776480676,1bec114301c3,790c1ef
71vgq3fw,Batch_3,ETD,BSE-ETD,1022,1572,768,0.0,0.0,0.09769100343141812,113.25806170610505,1bec114301c3,790c1ef
71vgq3fw,Batch_3,ETD,BSE-ETD,1022,2340,768,0.0,0.0,0.11994301721288643,140.01123796406984,1bec114301c3,790c1ef
71vgq3fw,Batch_3,ETD,BSE-ETD,1022,3876,768,-0.1,-0.1,0.10571563211334978,122.6637677590175,1bec114301c3,790c1ef
71vgq3fw,Batch_3,ETD,BSE-ETD,1022,4644,768,0.0,0.0,0.11404395771223827,132.40232610258113,1bec114301c3,790c1ef
71vgq3fw,Batch_3,ETD,BSE-ETD,1022,6180,768,0.0,-0.2,0.08548349676582156,99.33358073633741,1bec114301c3,790c1ef
9luzk4jm,Batch_3,ETD,BSE-Inlens,268,36,768,-0.1,0.0,0.11138654656275877,131.40546518058085,1bec114301c3,790c1ef
9luzk4jm,Batch_3,ETD,BSE-Inlens,268,1572,768,0.0,0.0,0.10632236434892196,123.4268624901336,1bec114301c3,790c1ef
9luzk4jm,Batch_3,ETD,BSE-Inlens,268,2340,768,-0.1,0.0,0.10215471911493826,119.27663299517212,1bec114301c3,790c1ef
9luzk4jm,Batch_3,ETD,BSE-Inlens,268,3876,768,0.0,0.0,0.08591121110929253,98.9120142640427,1bec114301c3,790c1ef
9luzk4jm,Batch_3,ETD,BSE-Inlens,268,4644,768,0.0,-0.1,0.0955720186029236,112.4998283107298,1bec114301c3,790c1ef
9luzk4jm,Batch_3,ETD,BSE-Inlens,268,6180,768,0.0,0.0,0.10978884477844214,128.8643355936597,1bec114301c3,790c1ef
9luzk4jm,Batch_3,ETD,BSE-Inlens,1036,36,768,0.0,0.1,0.11018984266552867,128.10674759791283,1bec114301c3,790c1ef
9luzk4jm,Batch_3,ETD,BSE-Inlens,1036,1572,768,0.0,0.0,0.125418966417789,146.6313086994766,1bec114301c3,790c1ef
9luzk4jm,Batch_3,ETD,BSE-Inlens,1036,2340,768,0.0,0.0,0.1081160421817834,126.1984080646145,1bec114301c3,790c1ef
9luzk4jm,Batch_3,ETD,BSE-Inlens,1036,3876,768,0.0,0.1,0.10704026208583274,124.52517567117455,1bec114301c3,790c1ef
9luzk4jm,Batch_3,ETD,BSE-Inlens,1036,4644,768,0.0,0.0,0.10464235935120078,122.13738494006819,1bec114301c3,790c1ef
9luzk4jm,Batch_3,ETD,BSE-Inlens,1036,6180,768,0.0,0.0,0.10272848346137854,119.12171145614721,1bec114301c3,790c1ef
9luzk4jm,Batch_3,ETD,BSE-ETD,268,36,768,0.0,-0.1,0.11301648666244221,133.21565863955522,1bec114301c3,790c1ef
9luzk4jm,Batch_3,ETD,BSE-ETD,268,1572,768,0.1,-0.1,0.12858468402044604,149.3078202681976,1bec114301c3,790c1ef
9luzk4jm,Batch_3,ETD,BSE-ETD,268,2340,768,0.0,0.0,0.11917795589251559,139.041221838439,1bec114301c3,790c1ef
9luzk4jm,Batch_3,ETD,BSE-ETD,268,3876,768,0.0,0.0,0.11131162744034356,127.45846687148024,1bec114301c3,790c1ef
9luzk4jm,Batch_3,ETD,BSE-ETD,268,4644,768,0.0,-0.1,0.11564550744766018,135.20312998637817,1bec114301c3,790c1ef
9luzk4jm,Batch_3,ETD,BSE-ETD,268,6180,768,0.0,-0.1,0.13377296608033068,156.4455139007773,1bec114301c3,790c1ef
9luzk4jm,Batch_3,ETD,BSE-ETD,1036,36,768,0.0,0.0,0.13199341111456186,153.37445433849385,1bec114301c3,790c1ef
9luzk4jm,Batch_3,ETD,BSE-ETD,1036,1572,768,0.0,0.0,0.14440205997001515,169.16351536717997,1bec114301c3,790c1ef
9luzk4jm,Batch_3,ETD,BSE-ETD,1036,2340,768,0.0,-0.1,0.12818998289289862,149.27735401679857,1bec114301c3,790c1ef
9luzk4jm,Batch_3,ETD,BSE-ETD,1036,3876,768,0.0,-0.1,0.13497270349817503,158.07033995881451,1bec114301c3,790c1ef
9luzk4jm,Batch_3,ETD,BSE-ETD,1036,4644,768,0.0,-0.1,0.11066795955065119,128.56860714420293,1bec114301c3,790c1ef
9luzk4jm,Batch_3,ETD,BSE-ETD,1036,6180,768,0.0,-0.1,0.11885175143006532,138.6551095123712,1bec114301c3,790c1ef
cfe5vt7s,Batch_3,ETD,BSE-Inlens,264,36,768,0.0,0.0,0.11265180675582477,130.33631613185273,1bec114301c3,790c1ef
cfe5vt7s,Batch_3,ETD,BSE-Inlens,264,1572,768,0.0,0.0,0.12464310861951361,146.74406663328293,1bec114301c3,790c1ef
cfe5vt7s,Batch_3,ETD,BSE-Inlens,264,2340,768,0.0,0.0,0.09960526389576457,116.12158726774804,1bec114301c3,790c1ef
cfe5vt7s,Batch_3,ETD,BSE-Inlens,264,3876,768,0.0,-0.1,0.11524685757660172,134.2848608805059,1bec114301c3,790c1ef
cfe5vt7s,Batch_3,ETD,BSE-Inlens,264,4644,768,0.0,0.0,0.09396887778693305,109.1778556974174,1bec114301c3,790c1ef
cfe5vt7s,Batch_3,ETD,BSE-Inlens,264,6180,768,0.0,0.0,0.11199764549592689,133.770868728269,1bec114301c3,790c1ef
cfe5vt7s,Batch_3,ETD,BSE-Inlens,1032,36,768,0.0,0.0,0.10727752614623068,124.33984464331905,1bec114301c3,790c1ef
cfe5vt7s,Batch_3,ETD,BSE-Inlens,1032,1572,768,0.0,0.0,0.09631231820559788,113.3479101908952,1bec114301c3,790c1ef
cfe5vt7s,Batch_3,ETD,BSE-Inlens,1032,2340,768,0.0,0.1,0.10342561411190476,121.08750111447401,1bec114301c3,790c1ef
cfe5vt7s,Batch_3,ETD,BSE-Inlens,1032,3876,768,0.0,0.0,0.10709347461082067,125.20562348602778,1bec114301c3,790c1ef
cfe5vt7s,Batch_3,ETD,BSE-Inlens,1032,4644,768,0.0,0.0,0.11693090512158272,137.43522580280273,1bec114301c3,790c1ef
cfe5vt7s,Batch_3,ETD,BSE-Inlens,1032,6180,768,0.0,0.0,0.08268759465921267,96.37471566304583,1bec114301c3,790c1ef
cfe5vt7s,Batch_3,ETD,BSE-ETD,264,36,768,0.0,-0.1,0.1403804564945722,162.43089639892787,1bec114301c3,790c1ef
cfe5vt7s,Batch_3,ETD,BSE-ETD,264,1572,768,0.0,0.0,0.14387289714338752,169.59785382821968,1bec114301c3,790c1ef
cfe5vt7s,Batch_3,ETD,BSE-ETD,264,2340,768,0.0,-0.1,0.13263545854881098,154.40659943413513,1bec114301c3,790c1ef
cfe5vt7s,Batch_3,ETD,BSE-ETD,264,3876,768,0.0,-0.1,0.14683285726554077,171.3484450002238,1bec114301c3,790c1ef
cfe5vt7s,Batch_3,ETD,BSE-ETD,264,4644,768,0.0,0.0,0.10843445890112224,125.857078796178,1bec114301c3,790c1ef
cfe5vt7s,Batch_3,ETD,BSE-ETD,264,6180,768,0.0,0.0,0.1383912131545607,164.1785959174209,1bec114301c3,790c1ef
cfe5vt7s,Batch_3,ETD,BSE-ETD,1032,36,768,0.0,-0.1,0.13857690980972187,160.94787600019652,1bec114301c3,790c1ef
cfe5vt7s,Batch_3,ETD,BSE-ETD,1032,1572,768,-0.1,-0.1,0.11359821943887374,133.10000362101124,1bec114301c3,790c1ef
cfe5vt7s,Batch_3,ETD,BSE-ETD,1032,2340,768,0.0,0.0,0.12290816436605613,143.3128869789365,1bec114301c3,790c1ef
cfe5vt7s,Batch_3,ETD,BSE-ETD,1032,3876,768,0.0,-0.1,0.11940622619479016,138.68632245581512,1bec114301c3,790c1ef
cfe5vt7s,Batch_3,ETD,BSE-ETD,1032,4644,768,0.0,0.0,0.12683368598066017,148.4297410798101,1bec114301c3,790c1ef
cfe5vt7s,Batch_3,ETD,BSE-ETD,1032,6180,768,0.0,-0.1,0.09239334667399497,106.94031825070361,1bec114301c3,790c1ef
hawkfj64,Batch_3,ETD,BSE-Inlens,176,36,768,0.0,0.0,0.07924091646023766,91.84135415813121,1bec114301c3,790c1ef
hawkfj64,Batch_3,ETD,BSE-Inlens,176,1572,768,0.0,0.0,0.0662823955050725,77.80088650775987,1bec114301c3,790c1ef
hawkfj64,Batch_3,ETD,BSE-Inlens,176,2340,768,0.0,-0.1,0.066949506241489,78.0966226914358,1bec114301c3,790c1ef
hawkfj64,Batch_3,ETD,BSE-Inlens,176,3876,768,0.0,0.0,0.06959122060439527,80.46974067486775,1bec114301c3,790c1ef
hawkfj64,Batch_3,ETD,BSE-Inlens,176,4644,768,0.0,0.0,0.09147768432610959,106.69791379744231,1bec114301c3,790c1ef
hawkfj64,Batch_3,ETD,BSE-Inlens,176,6180,768,0.0,0.0,0.08620916942447218,99.50462963718266,1bec114301c3,790c1ef
hawkfj64,Batch_3,ETD,BSE-Inlens,944,36,768,0.0,0.0,0.05162211650487467,59.53435951610671,1bec114301c3,790c1ef
hawkfj64,Batch_3,ETD,BSE-Inlens,944,1572,768,0.0,0.0,0.06621987774088522,77.76107648171046,1bec114301c3,790c1ef
hawkfj64,Batch_3,ETD,BSE-Inlens,944,2340,768,0.0,0.1,0.05918103693052168,68.10469868479645,1bec114301c3,790c1ef
hawkfj64,Batch_3,ETD,BSE-Inlens,944,3876,768,0.0,0.0,0.0545974972887092,63.936405387945875,1bec114301c3,790c1ef
hawkfj64,Batch_3,ETD,BSE-Inlens,944,4644,768,0.0,0.0,0.06716649088730114,78.37589544515086,1bec114301c3,790c1ef
hawkfj64,Batch_3,ETD,BSE-Inlens,944,6180,768,0.0,-0.1,0.05964969830411974,69.16775473088533,1bec114301c3,790c1ef
hawkfj64,Batch_3,ETD,BSE-ETD,176,36,768,0.0,-0.1,0.08693668355904549,101.98406920849959,1bec114301c3,790c1ef
hawkfj64,Batch_3,ETD,BSE-ETD,176,1572,768,0.0,0.1,0.06713961473737531,78.4349475680674,1bec114301c3,790c1ef
hawkfj64,Batch_3,ETD,BSE-ETD,176,2340,768,0.0,-0.1,0.06706849368562544,77.16045273843534,1bec114301c3,790c1ef
hawkfj64,Batch_3,ETD,BSE-ETD,176,3876,768,0.0,0.0,0.07103534065198502,82.67645901344154,1bec114301c3,790c1ef
hawkfj64,Batch_3,ETD,BSE-ETD,176,4644,768,0.0,-0.1,0.09427146714805337,109.75206695272058,1bec114301c3,790c1ef
hawkfj64,Batch_3,ETD,BSE-ETD,176,6180,768,0.0,0.1,0.07661954729952852,89.73873159595385,1bec114301c3,790c1ef
hawkfj64,Batch_3,ETD,BSE-ETD,944,36,768,0.1,-0.1,0.049776866811438183,57.412992240426334,1bec114301c3,790c1ef
hawkfj64,Batch_3,ETD,BSE-ETD,944,1572,768,0.0,-0.1,0.0620823151752118,72.0898599734605,1bec114301c3,790c1ef
hawkfj64,Batch_3,ETD,BSE-ETD,944,2340,768,0.0,0.0,0.05832532661387383,67.9362674864597,1bec114301c3,790c1ef
hawkfj64,Batch_3,ETD,BSE-ETD,944,3876,768,0.0,0.0,0.05199066021665306,59.96857481576671,1bec114301c3,790c1ef
hawkfj64,Batch_3,ETD,BSE-ETD,944,4644,768,0.0,-0.2,0.0631490209456805,73.14191595493537,1bec114301c3,790c1ef
hawkfj64,Batch_3,ETD,BSE-ETD,944,6180,768,0.1,-0.1,0.05648579118097953,65.29817073236812,1bec114301c3,790c1ef
hzumfsms,Batch_3,ETD,BSE-Inlens,268,36,768,0.0,0.0,0.10460983187434947,122.32601282550485,1bec114301c3,790c1ef
hzumfsms,Batch_3,ETD,BSE-Inlens,268,1572,768,0.0,0.0,0.12738122593501922,148.10743071923218,1bec114301c3,790c1ef
hzumfsms,Batch_3,ETD,BSE-Inlens,268,2340,768,0.0,0.1,0.10271238370363484,120.93176069001514,1bec114301c3,790c1ef
hzumfsms,Batch_3,ETD,BSE-Inlens,268,3876,768,0.0,0.0,0.10753898764916395,127.19496922738925,1bec114301c3,790c1ef
hzumfsms,Batch_3,ETD,BSE-Inlens,268,4644,768,0.1,0.1,0.07725878319602408,90.0567969902141,1bec114301c3,790c1ef
hzumfsms,Batch_3,ETD,BSE-Inlens,268,6180,768,0.0,0.0,0.10890173580626689,126.1622142422862,1bec114301c3,790c1ef
hzumfsms,Batch_3,ETD,BSE-Inlens,1036,36,768,0.0,0.0,0.09518863377872222,111.4351943261213,1bec114301c3,790c1ef
hzumfsms,Batch_3,ETD,BSE-Inlens,1036,1572,768,-0.1,0.0,0.10078109556242178,118.72371564460538,1bec114301c3,790c1ef
hzumfsms,Batch_3,ETD,BSE-Inlens,1036,2340,768,-0.1,0.0,0.06545091209460698,76.92574876020869,1bec114301c3,790c1ef
hzumfsms,Batch_3,ETD,BSE-Inlens,1036,3876,768,0.0,0.0,0.09866953507716902,115.62566347366143,1bec114301c3,790c1ef
hzumfsms,Batch_3,ETD,BSE-Inlens,1036,4644,768,0.0,0.1,0.11531312335469597,133.89657503710015,1bec114301c3,790c1ef
hzumfsms,Batch_3,ETD,BSE-Inlens,1036,6180,768,-0.1,0.1,0.07375349598939729,86.29813322074408,1bec114301c3,790c1ef
hzumfsms,Batch_3,ETD,BSE-ETD,268,36,768,0.0,0.0,0.1129831225572941,132.49248815621215,1bec114301c3,790c1ef
hzumfsms,Batch_3,ETD,BSE-ETD,268,1572,768,0.0,-0.1,0.1493075887335556,174.6762690420768,1bec114301c3,790c1ef
hzumfsms,Batch_3,ETD,BSE-ETD,268,2340,768,0.0,0.0,0.11212446689272706,131.0003448200852,1bec114301c3,790c1ef
hzumfsms,Batch_3,ETD,BSE-ETD,268,3876,768,0.0,-0.1,0.12856895139225558,151.63115673906208,1bec114301c3,790c1ef
hzumfsms,Batch_3,ETD,BSE-ETD,268,4644,768,0.0,0.0,0.10514264188849046,121.31869253097372,1bec114301c3,790c1ef
hzumfsms,Batch_3,ETD,BSE-ETD,268,6180,768,0.0,-0.1,0.13691615979826816,160.0070917818394,1bec114301c3,790c1ef
hzumfsms,Batch_3,ETD,BSE-ETD,1036,36,768,0.0,-0.1,0.10015733212276275,117.6316007213693,1bec114301c3,790c1ef
hzumfsms,Batch_3,ETD,BSE-ETD,1036,1572,768,0.0,-0.1,0.11900278005170319,140.10949827355552,1bec114301c3,790c1ef
hzumfsms,Batch_3,ETD,BSE-ETD,1036,2340,768,-0.1,0.0,0.09051151340540721,107.94981945200728,1bec114301c3,790c1ef
hzumfsms,Batch_3,ETD,BSE-ETD,1036,3876,768,0.0,-0.1,0.11472135540346717,135.12725154649974,1bec114301c3,790c1ef
hzumfsms,Batch_3,ETD,BSE-ETD,1036,4644,768,0.0,0.0,0.13587526219722032,157.71864178691402,1bec114301c3,790c1ef
hzumfsms,Batch_3,ETD,BSE-ETD,1036,6180,768,0.0,-0.1,0.10078224623520252,117.56190222826244,1bec114301c3,790c1ef
kbdh4tri,Batch_3,ETD,BSE-Inlens,254,36,768,0.0,0.0,0.1258197128048265,150.34394426850588,1bec114301c3,790c1ef
kbdh4tri,Batch_3,ETD,BSE-Inlens,254,1572,768,0.0,0.0,0.1448003400726804,169.3853318671729,1bec114301c3,790c1ef
kbdh4tri,Batch_3,ETD,BSE-Inlens,254,2340,768,0.0,0.0,0.13682797501020155,161.33507702309578,1bec114301c3,790c1ef
kbdh4tri,Batch_3,ETD,BSE-Inlens,254,3876,768,0.0,0.0,0.1291182093348151,152.47936173126783,1bec114301c3,790c1ef
kbdh4tri,Batch_3,ETD,BSE-Inlens,254,4644,768,0.0,0.0,0.17879582920907383,208.38275248745762,1bec114301c3,790c1ef
kbdh4tri,Batch_3,ETD,BSE-Inlens,254,6180,768,0.0,0.0,0.1526786120475793,182.32984252023547,1bec114301c3,790c1ef
kbdh4tri,Batch_3,ETD,BSE-Inlens,1022,36,768,0.0,0.0,0.14100165884413965,165.37423039436027,1bec114301c3,790c1ef
kbdh4tri,Batch_3,ETD,BSE-Inlens,1022,1572,768,0.0,0.0,0.1617282073531913,190.71063202060512,1bec114301c3,790c1ef
kbdh4tri,Batch_3,ETD,BSE-Inlens,1022,2340,768,0.0,0.0,0.13728258297491214,159.4336615258906,1bec114301c3,790c1ef
kbdh4tri,Batch_3,ETD,BSE-Inlens,1022,3876,768,0.0,0.0,0.14242762238205445,167.73794857268308,1bec114301c3,790c1ef
kbdh4tri,Batch_3,ETD,BSE-Inlens,1022,4644,768,0.0,-0.1,0.12737552405936353,151.1416130169094,1bec114301c3,790c1ef
kbdh4tri,Batch_3,ETD,BSE-Inlens,1022,6180,768,0.0,0.0,0.10866788768383913,123.52014025155613,1bec114301c3,790c1ef
kbdh4tri,Batch_3,ETD,BSE-ETD,254,36,768,0.0,0.0,0.1295321556282318,152.91943955028623,1bec114301c3,790c1ef
kbdh4tri,Batch_3,ETD,BSE-ETD,254,1572,768,0.0,-0.1,0.1447360685075426,169.17753669464471,1bec114301c3,790c1ef
kbdh4tri,Batch_3,ETD,BSE-ETD,254,2340,768,0.0,-0.1,0.12836279606898104,151.12465659211716,1bec114301c3,790c1ef
kbdh4tri,Batch_3,ETD,BSE-ETD,254,3876,768,0.0,-0.1,0.12806075533218464,150.48630134890882,1bec114301c3,790c1ef
kbdh4tri,Batch_3,ETD,BSE-ETD,254,4644,768,0.0,0.0,0.18283657023046665,214.27114041822955,1bec114301c3,790c1ef
kbdh4tri,Batch_3,ETD,BSE-ETD,254,6180,768,0.0,-0.1,0.15299155357264554,180.1959325916291,1bec114301c3,790c1ef
kbdh4tri,Batch_3,ETD,BSE-ETD,1022,36,768,0.0,-0.1,0.1488352785485229,176.36879981762937,1bec114301c3,790c1ef
kbdh4tri,Batch_3,ETD,BSE-ETD,1022,1572,768,0.0,-0.1,0.1687489689035865,199.55493001110057,1bec114301c3,790c1ef
kbdh4tri,Batch_3,ETD,BSE-ETD,1022,2340,768,0.0,-0.1,0.1605804198107875,185.58897834844197,1bec114301c3,790c1ef
kbdh4tri,Batch_3,ETD,BSE-ETD,1022,3876,768,0.0,-0.1,0.15377742105032094,180.77584535852284,1bec114301c3,790c1ef
kbdh4tri,Batch_3,ETD,BSE-ETD,1022,4644,768,0.0,0.0,0.13175692662287394,155.19327273057692,1bec114301c3,790c1ef
kbdh4tri,Batch_3,ETD,BSE-ETD,1022,6180,768,0.0,0.0,0.10782247404020319,122.31553815398954,1bec114301c3,790c1ef
mgxahqnk,Batch_3,ETD,BSE-Inlens,176,36,768,0.0,0.0,0.05798050938355695,66.74715000637127,1bec114301c3,790c1ef
mgxahqnk,Batch_3,ETD,BSE-Inlens,176,1572,768,0.0,0.0,0.08231914601315843,95.6023921503649,1bec114301c3,790c1ef
mgxahqnk,Batch_3,ETD,BSE-Inlens,176,2340,768,0.0,0.0,0.06454303204602314,75.16916461417955,1bec114301c3,790c1ef
mgxahqnk,Batch_3,ETD,BSE-Inlens,176,3876,768,0.0,0.0,0.07824880640086491,90.12723849511454,1bec114301c3,790c1ef
mgxahqnk,Batch_3,ETD,BSE-Inlens,176,4644,768,0.0,0.0,0.0641983809561675,73.53444607374304,1bec114301c3,790c1ef
mgxahqnk,Batch_3,ETD,BSE-Inlens,176,6180,768,0.0,0.0,0.08064563176254219,93.5401000193095,1bec114301c3,790c1ef
mgxahqnk,Batch_3,ETD,BSE-Inlens,944,36,768,0.0,-0.1,0.06411328676458114,74.05389131578991,1bec114301c3,790c1ef
mgxahqnk,Batch_3,ETD,BSE-Inlens,944,1572,768,0.0,0.0,0.06108651920116005,71.12792305641497,1bec114301c3,790c1ef
mgxahqnk,Batch_3,ETD,BSE-Inlens,944,2340,768,0.0,0.1,0.07198683678484004,83.31819572331737,1bec114301c3,790c1ef
mgxahqnk,Batch_3,ETD,BSE-Inlens,944,3876,768,0.0,0.0,0.06806792581047638,79.04080311947128,1bec114301c3,790c1ef
mgxahqnk,Batch_3,ETD,BSE-Inlens,944,4644,768,0.0,0.0,0.05383432743141782,62.460255200707444,1bec114301c3,790c1ef
mgxahqnk,Batch_3,ETD,BSE-Inlens,944,6180,768,0.0,0.0,0.05168729124954649,59.56017637325645,1bec114301c3,790c1ef
mgxahqnk,Batch_3,ETD,BSE-ETD,176,36,768,0.0,-0.1,0.07019974262961592,81.21010340054454,1bec114301c3,790c1ef
mgxahqnk,Batch_3,ETD,BSE-ETD,176,1572,768,-0.1,0.0,0.08089372012763026,93.29183803363685,1bec114301c3,790c1ef
mgxahqnk,Batch_3,ETD,BSE-ETD,176,2340,768,0.0,0.1,0.061041203955747886,70.597479498186,1bec114301c3,790c1ef
mgxahqnk,Batch_3,ETD,BSE-ETD,176,3876,768,-0.1,-0.1,0.0815645182696132,93.83685951333217,1bec114301c3,790c1ef
mgxahqnk,Batch_3,ETD,BSE-ETD,176,4644,768,0.0,0.0,0.07041198098550287,80.83646893494743,1bec114301c3,790c1ef
mgxahqnk,Batch_3,ETD,BSE-ETD,176,6180,768,0.0,0.0,0.08194736372877982,94.97148300779726,1bec114301c3,790c1ef
mgxahqnk,Batch_3,ETD,BSE-ETD,944,36,768,0.0,0.0,0.06172234694326538,72.1896225559293,1bec114301c3,790c1ef
mgxahqnk,Batch_3,ETD,BSE-ETD,944,1572,768,-0.1,-0.1,0.06261590722275573,72.632255266061,1bec114301c3,790c1ef
mgxahqnk,Batch_3,ETD,BSE-ETD,944,2340,768,0.0,-0.1,0.06880828891280544,79.60768938355912,1bec114301c3,790c1ef
mgxahqnk,Batch_3,ETD,BSE-ETD,944,3876,768,0.1,-0.1,0.06656785602287371,77.16213554760337,1bec114301c3,790c1ef
mgxahqnk,Batch_3,ETD,BSE-ETD,944,4644,768,-0.1,-0.1,0.055842148686407224,64.59191035906439,1bec114301c3,790c1ef
mgxahqnk,Batch_3,ETD,BSE-ETD,944,6180,768,0.0,-0.1,0.05585042407865535,64.0121963638365,1bec114301c3,790c1ef
pl8uabbv,Batch_3,ETD,BSE-Inlens,360,36,768,0.1,0.1,0.09344249863295168,108.37580366925013,1bec114301c3,790c1ef
pl8uabbv,Batch_3,ETD,BSE-Inlens,360,1572,768,0.0,0.0,0.1035360522946085,120.07069431598205,1bec114301c3,790c1ef
pl8uabbv,Batch_3,ETD,BSE-Inlens,360,2340,768,0.0,0.0,0.08396859071185861,98.33154099751691,1bec114301c3,790c1ef
pl8uabbv,Batch_3,ETD,BSE-Inlens,360,3876,768,0.0,0.1,0.08603065009396717,100.77935318014931,1bec114301c3,790c1ef
pl8uabbv,Batch_3,ETD,BSE-Inlens,360,4644,768,0.0,0.0,0.10391959081484206,121.35493925539014,1bec114301c3,790c1ef
pl8uabbv,Batch_3,ETD,BSE-Inlens,360,6180,768,0.0,0.0,0.11838252111982857,137.9957867001039,1bec114301c3,790c1ef
pl8uabbv,Batch_3,ETD,BSE-Inlens,1128,36,768,0.0,0.1,0.12520426273748125,146.03473681297518,1bec114301c3,790c1ef
pl8uabbv,Batch_3,ETD,BSE-Inlens,1128,1572,768,0.0,0.0,0.12195962511734296,144.2224390210681,1bec114301c3,790c1ef
pl8uabbv,Batch_3,ETD,BSE-Inlens,1128,2340,768,0.0,0.0,0.11696846518227917,136.93752886474596,1bec114301c3,790c1ef
pl8uabbv,Batch_3,ETD,BSE-Inlens,1128,3876,768,0.0,0.0,0.12159524190978072,141.76007757502433,1bec114301c3,790c1ef
pl8uabbv,Batch_3,ETD,BSE-Inlens,1128,4644,768,0.0,0.0,0.07045025906529476,82.95212257396882,1bec114301c3,790c1ef
pl8uabbv,Batch_3,ETD,BSE-Inlens,1128,6180,768,0.0,0.0,0.12458849272188391,146.9754163733115,1bec114301c3,790c1ef
pl8uabbv,Batch_3,ETD,BSE-ETD,360,36,768,0.0,0.0,0.13911009812257058,161.50301737220727,1bec114301c3,790c1ef
pl8uabbv,Batch_3,ETD,BSE-ETD,360,1572,768,0.0,-0.1,0.13223669192143256,153.90954948609055,1bec114301c3,790c1ef
pl8uabbv,Batch_3,ETD,BSE-ETD,360,2340,768,-0.1,0.0,0.08715249427744542,101.87670924196185,1bec114301c3,790c1ef
pl8uabbv,Batch_3,ETD,BSE-ETD,360,3876,768,0.0,0.0,0.0925471824277625,108.2696128307244,1bec114301c3,790c1ef
pl8uabbv,Batch_3,ETD,BSE-ETD,360,4644,768,0.0,-0.1,0.11821171551774215,137.7813082274252,1bec114301c3,790c1ef
pl8uabbv,Batch_3,ETD,BSE-ETD,360,6180,768,0.0,-0.1,0.12433258378922121,144.22013497454364,1bec114301c3,790c1ef
pl8uabbv,Batch_3,ETD,BSE-ETD,1128,36,768,0.0,0.0,0.14734746099816237,171.74872760341808,1bec114301c3,790c1ef
pl8uabbv,Batch_3,ETD,BSE-ETD,1128,1572,768,0.0,0.0,0.14101312346625647,165.89321894634355,1bec114301c3,790c1ef
pl8uabbv,Batch_3,ETD,BSE-ETD,1128,2340,768,0.0,0.0,0.12611349744209444,147.25912197045304,1bec114301c3,790c1ef
pl8uabbv,Batch_3,ETD,BSE-ETD,1128,3876,768,0.0,0.0,0.13258893491453372,154.49901126758334,1bec114301c3,790c1ef
pl8uabbv,Batch_3,ETD,BSE-ETD,1128,4644,768,0.0,-0.1,0.06892458663668594,80.53164279236911,1bec114301c3,790c1ef
pl8uabbv,Batch_3,ETD,BSE-ETD,1128,6180,768,0.0,-0.1,0.14696116422008987,173.65448812022723,1bec114301c3,790c1ef
ptg8lmto,Batch_3,ETD,BSE-Inlens,30,36,768,0.0,0.0,0.15912359500923448,185.85331210112915,1bec114301c3,790c1ef
ptg8lmto,Batch_3,ETD,BSE-Inlens,30,1572,768,0.0,0.0,0.16767653833416457,197.45228978811653,1bec114301c3,790c1ef
ptg8lmto,Batch_3,ETD,BSE-Inlens,30,2340,768,0.0,0.0,0.10577772871391522,125.3248847941478,1bec114301c3,790c1ef
ptg8lmto,Batch_3,ETD,BSE-Inlens,30,3876,768,0.0,0.1,0.16466406530761227,193.44950078718747,1bec114301c3,790c1ef
ptg8lmto,Batch_3,ETD,BSE-Inlens,30,4644,768,0.0,0.0,0.18540278363609644,217.34021019332155,1bec114301c3,790c1ef
ptg8lmto,Batch_3,ETD,BSE-Inlens,30,6180,768,0.0,0.0,0.10865965377359293,127.34506849554558,1bec114301c3,790c1ef
ptg8lmto,Batch_3,ETD,BSE-Inlens,798,36,768,0.0,0.0,0.09500526610892346,112.37658122479013,1bec114301c3,790c1ef
ptg8lmto,Batch_3,ETD,BSE-Inlens,798,1572,768,0.0,0.0,0.16144623142413367,187.66192156745197,1bec114301c3,790c1ef
ptg8lmto,Batch_3,ETD,BSE-Inlens,798,2340,768,0.0,0.0,0.13807735983151143,162.39167695272442,1bec114301c3,790c1ef
ptg8lmto,Batch_3,ETD,BSE-Inlens,798,3876,768,0.0,0.0,0.1348666910448491,156.95797955790442,1bec114301c3,790c1ef
ptg8lmto,Batch_3,ETD,BSE-Inlens,798,4644,768,0.0,0.0,0.1215236778194092,144.98937103829186,1bec114301c3,790c1ef
ptg8lmto,Batch_3,ETD,BSE-Inlens,798,6180,768,0.0,0.0,0.12548896573632212,145.37624778073223,1bec114301c3,790c1ef
ptg8lmto,Batch_3,ETD,BSE-ETD,30,36,768,0.0,-0.1,0.17349374298739786,203.48002082790862,1bec114301c3,790c1ef
ptg8lmto,Batch_3,ETD,BSE-ETD,30,1572,768,0.0,0.0,0.19307633450592832,228.98286563075555,1bec114301c3,790c1ef
ptg8lmto,Batch_3,ETD,BSE-ETD,30,2340,768,0.0,-0.1,0.10378025111710831,122.22715668786685,1bec114301c3,790c1ef
ptg8lmto,Batch_3,ETD,BSE-ETD,30,3876,768,-0.1,0.0,0.18415020185963696,216.4652030413492,1bec114301c3,790c1ef
ptg8lmto,Batch_3,ETD,BSE-ETD,30,4644,768,0.0,-0.1,0.21163910447759365,249.5643085842336,1bec114301c3,790c1ef
ptg8lmto,Batch_3,ETD,BSE-ETD,30,6180,768,0.0,0.0,0.11586320179888394,135.54433597474684,1bec114301c3,790c1ef
ptg8lmto,Batch_3,ETD,BSE-ETD,798,36,768,0.0,-0.1,0.10007407227055634,117.1223398081868,1bec114301c3,790c1ef
ptg8lmto,Batch_3,ETD,BSE-ETD,798,1572,768,0.0,-0.1,0.18704209536578897,218.09527351135299,1bec114301c3,790c1ef
ptg8lmto,Batch_3,ETD,BSE-ETD,798,2340,768,0.0,-0.1,0.1650572586323125,194.63991954566342,1bec114301c3,790c1ef
ptg8lmto,Batch_3,ETD,BSE-ETD,798,3876,768,0.0,-0.1,0.14566905553787857,170.38062134869426,1bec114301c3,790c1ef
ptg8lmto,Batch_3,ETD,BSE-ETD,798,4644,768,0.0,0.0,0.1374084395426453,163.29507873022587,1bec114301c3,790c1ef
ptg8lmto,Batch_3,ETD,BSE-ETD,798,6180,768,0.0,0.0,0.13748861207749907,160.2206997626373,1bec114301c3,790c1ef
tuy3zymq,Batch_3,ETD,BSE-Inlens,254,36,768,0.0,0.0,0.12438872527021205,148.43873609359855,1bec114301c3,790c1ef
tuy3zymq,Batch_3,ETD,BSE-Inlens,254,1572,768,0.0,0.0,0.17718029768295254,205.1625595110297,1bec114301c3,790c1ef
tuy3zymq,Batch_3,ETD,BSE-Inlens,254,2340,768,0.0,0.0,0.1341772801345984,157.22552221616922,1bec114301c3,790c1ef
tuy3zymq,Batch_3,ETD,BSE-Inlens,254,3876,768,0.0,0.0,0.1439234778217785,167.3984813068357,1bec114301c3,790c1ef
tuy3zymq,Batch_3,ETD,BSE-Inlens,254,4644,768,0.0,0.0,0.15959239311240636,186.80099667171356,1bec114301c3,790c1ef
tuy3zymq,Batch_3,ETD,BSE-Inlens,254,6180,768,0.0,0.0,0.1368353779140177,159.57493874289278,1bec114301c3,790c1ef
tuy3zymq,Batch_3,ETD,BSE-Inlens,1022,36,768,0.0,0.1,0.14707580253389677,173.11508823873223,1bec114301c3,790c1ef
tuy3zymq,Batch_3,ETD,BSE-Inlens,1022,1572,768,0.0,0.0,0.15569794582796076,182.60067989938707,1bec114301c3,790c1ef
tuy3zymq,Batch_3,ETD,BSE-Inlens,1022,2340,768,0.0,0.0,0.12282341182172143,142.40160231552682,1bec114301c3,790c1ef
tuy3zymq,Batch_3,ETD,BSE-Inlens,1022,3876,768,0.0,0.0,0.13774533622678756,160.27416277508146,1bec114301c3,790c1ef
tuy3zymq,Batch_3,ETD,BSE-Inlens,1022,4644,768,0.0,-0.1,0.11912963849004511,138.31722574155873,1bec114301c3,790c1ef
tuy3zymq,Batch_3,ETD,BSE-Inlens,1022,6180,768,0.0,0.0,0.11553488730235296,132.08144852597295,1bec114301c3,790c1ef
tuy3zymq,Batch_3,ETD,BSE-ETD,254,36,768,0.0,-0.1,0.13058905827693268,154.54693410663126,1bec114301c3,790c1ef
tuy3zymq,Batch_3,ETD,BSE-ETD,254,1572,768,0.0,-0.1,0.1787021888371496,209.84060610126537,1bec114301c3,790c1ef
tuy3zymq,Batch_3,ETD,BSE-ETD,254,2340,768,0.0,-0.1,0.14694825431694433,169.6110424867583,1bec114301c3,790c1ef
tuy3zymq,Batch_3,ETD,BSE-ETD,254,3876,768,0.0,-0.1,0.14781382937995258,171.03019153005,1bec114301c3,790c1ef
tuy3zymq,Batch_3,ETD,BSE-ETD,254,4644,768,0.0,-0.1,0.1735537456353298,203.96176972422228,1bec114301c3,790c1ef
tuy3zymq,Batch_3,ETD,BSE-ETD,254,6180,768,0.0,0.0,0.14613120324795964,170.07509705379067,1bec114301c3,790c1ef
tuy3zymq,Batch_3,ETD,BSE-ETD,1022,36,768,0.0,-0.1,0.15548288193187443,184.02576101708178,1bec114301c3,790c1ef
tuy3zymq,Batch_3,ETD,BSE-ETD,1022,1572,768,0.0,-0.1,0.18831117939128775,220.750365915364,1bec114301c3,790c1ef
tuy3zymq,Batch_3,ETD,BSE-ETD,1022,2340,768,0.0,0.0,0.13231909553987553,154.52379369319993,1bec114301c3,790c1ef
tuy3zymq,Batch_3,ETD,BSE-ETD,1022,3876,768,0.0,-0.1,0.14676459492189267,170.89869538019954,1bec114301c3,790c1ef
tuy3zymq,Batch_3,ETD,BSE-ETD,1022,4644,768,0.0,-0.1,0.12194862353648879,141.97618297682408,1bec114301c3,790c1ef
tuy3zymq,Batch_3,ETD,BSE-ETD,1022,6180,768,0.0,-0.1,0.1364936347414786,156.47998830522522,1bec114301c3,790c1ef
ufdvpb81,Batch_3,ETD,BSE-Inlens,268,36,768,0.0,0.0,0.10014182625484605,117.32090570266098,1bec114301c3,790c1ef
ufdvpb81,Batch_3,ETD,BSE-Inlens,268,1572,768,0.0,0.1,0.0960583327271969,112.51947103461937,1bec114301c3,790c1ef
ufdvpb81,Batch_3,ETD,BSE-Inlens,268,2340,768,0.0,-0.1,0.08321549977221944,97.23022016282788,1bec114301c3,790c1ef
ufdvpb81,Batch_3,ETD,BSE-Inlens,268,3876,768,0.0,0.0,0.10692228931097239,124.26264082573154,1bec114301c3,790c1ef
ufdvpb81,Batch_3,ETD,BSE-Inlens,268,4644,768,0.0,0.0,0.11072556718251199,129.49877299403047,1bec114301c3,790c1ef
ufdvpb81,Batch_3,ETD,BSE-Inlens,268,6180,768,-0.1,0.0,0.07265837215944462,84.31995328609915,1bec114301c3,790c1ef
ufdvpb81,Batch_3,ETD,BSE-Inlens,1036,36,768,0.0,0.1,0.10998466772839073,127.85659994080962,1bec114301c3,790c1ef
ufdvpb81,Batch_3,ETD,BSE-Inlens,1036,1572,768,0.1,0.0,0.10231668006270714,119.52242138013713,1bec114301c3,790c1ef
ufdvpb81,Batch_3,ETD,BSE-Inlens,1036,2340,768,0.0,0.1,0.07827256421798674,90.47478037399368,1bec114301c3,790c1ef
ufdvpb81,Batch_3,ETD,BSE-Inlens,1036,3876,768,0.0,0.0,0.09897349177727317,114.8638116212928,1bec114301c3,790c1ef
ufdvpb81,Batch_3,ETD,BSE-Inlens,1036,4644,768,0.0,0.0,0.10416384326135622,120.46763363342643,1bec114301c3,790c1ef
ufdvpb81,Batch_3,ETD,BSE-Inlens,1036,6180,768,0.0,0.0,0.09078257115748231,106.16970206520226,1bec114301c3,790c1ef
ufdvpb81,Batch_3,ETD,BSE-ETD,268,36,768,0.0,-0.1,0.12065921251515024,141.22537242569663,1bec114301c3,790c1ef
ufdvpb81,Batch_3,ETD,BSE-ETD,268,1572,768,0.0,0.0,0.1089640123316338,129.05869242319974,1bec114301c3,790c1ef
ufdvpb81,Batch_3,ETD,BSE-ETD,268,2340,768,0.1,0.0,0.09947348371759274,116.39395485766104,1bec114301c3,790c1ef
ufdvpb81,Batch_3,ETD,BSE-ETD,268,3876,768,0.0,-0.1,0.11776624735395666,136.7995825968386,1bec114301c3,790c1ef
ufdvpb81,Batch_3,ETD,BSE-ETD,268,4644,768,0.0,0.0,0.1330856086904456,155.19977550761882,1bec114301c3,790c1ef
ufdvpb81,Batch_3,ETD,BSE-ETD,268,6180,768,0.0,0.0,0.0773832402249782,90.02974666103816,1bec114301c3,790c1ef
ufdvpb81,Batch_3,ETD,BSE-ETD,1036,36,768,0.0,-0.1,0.13016135257633643,151.5245688053527,1bec114301c3,790c1ef
ufdvpb81,Batch_3,ETD,BSE-ETD,1036,1572,768,0.0,-0.1,0.11588445859301529,134.87266127505487,1bec114301c3,790c1ef
ufdvpb81,Batch_3,ETD,BSE-ETD,1036,2340,768,0.0,0.0,0.11037491072112511,128.26722625020287,1bec114301c3,790c1ef
ufdvpb81,Batch_3,ETD,BSE-ETD,1036,3876,768,0.0,-0.1,0.11764550918850103,136.7066437731751,1bec114301c3,790c1ef
ufdvpb81,Batch_3,ETD,BSE-ETD,1036,4644,768,0.0,0.0,0.13093874036160635,152.48228311744327,1bec114301c3,790c1ef
ufdvpb81,Batch_3,ETD,BSE-ETD,1036,6180,768,0.0,0.0,0.10813172749128763,126.61536132397627,1bec114301c3,790c1ef
utfgcjfa,Batch_3,SE,BSE-Inlens,258,34,768,0.0,0.1,0.11193901833942872,130.22588164808923,1bec114301c3,790c1ef
utfgcjfa,Batch_3,SE,BSE-Inlens,258,1570,768,0.0,0.0,0.11704293132583024,138.00717409092456,1bec114301c3,790c1ef
utfgcjfa,Batch_3,SE,BSE-Inlens,258,2338,768,0.0,0.0,0.11485342781946997,136.18857817754653,1bec114301c3,790c1ef
utfgcjfa,Batch_3,SE,BSE-Inlens,258,3874,768,0.0,0.1,0.11944284899396919,139.3486341222278,1bec114301c3,790c1ef
utfgcjfa,Batch_3,SE,BSE-Inlens,258,4642,768,0.0,0.0,0.1283844840808144,148.6134449755687,1bec114301c3,790c1ef
utfgcjfa,Batch_3,SE,BSE-Inlens,258,6178,768,0.1,0.0,0.12111451373167184,141.87435386337793,1bec114301c3,790c1ef
utfgcjfa,Batch_3,SE,BSE-Inlens,1026,34,768,0.0,0.1,0.1063469136359303,124.12166315075808,1bec114301c3,790c1ef
utfgcjfa,Batch_3,SE,BSE-Inlens,1026,1570,768,0.0,0.1,0.1336990221877103,154.8961719933173,1bec114301c3,790c1ef
utfgcjfa,Batch_3,SE,BSE-Inlens,1026,2338,768,0.0,0.1,0.09524041212917705,111.73393205806053,1bec114301c3,790c1ef
utfgcjfa,Batch_3,SE,BSE-Inlens,1026,3874,768,0.0,0.1,0.08758398640181206,99.45427510030005,1bec114301c3,790c1ef
utfgcjfa,Batch_3,SE,BSE-Inlens,1026,4642,768,0.0,0.1,0.11773048720813446,137.58711147347225,1bec114301c3,790c1ef
utfgcjfa,Batch_3,SE,BSE-Inlens,1026,6178,768,0.0,0.0,0.08467798462421222,99.85540371592116,1bec114301c3,790c1ef
utfgcjfa,Batch_3,SE,BSE-SE,258,34,768,0.0,-0.1,0.13712366293336742,159.41586464468543,1bec114301c3,790c1ef
utfgcjfa,Batch_3,SE,BSE-SE,258,1570,768,-0.1,-0.1,0.14014111041661648,165.045365786119,1bec114301c3,790c1ef
utfgcjfa,Batch_3,SE,BSE-SE,258,2338,768,0.0,-0.1,0.13185744665324758,155.14653481170242,1bec114301c3,790c1ef
utfgcjfa,Batch_3,SE,BSE-SE,258,3874,768,0.0,-0.1,0.13001877140648097,151.60619258782071,1bec114301c3,790c1ef
utfgcjfa,Batch_3,SE,BSE-SE,258,4642,768,0.0,0.0,0.15236902075740877,176.8287075880562,1bec114301c3,790c1ef
utfgcjfa,Batch_3,SE,BSE-SE,258,6178,768,0.0,-0.1,0.14341571138272807,168.37936146151839,1bec114301c3,790c1ef
utfgcjfa,Batch_3,SE,BSE-SE,1026,34,768,0.0,-0.1,0.12941332822034252,150.82533411960821,1bec114301c3,790c1ef
utfgcjfa,Batch_3,SE,BSE-SE,1026,1570,768,0.0,0.0,0.15446751250421403,179.53500096598486,1bec114301c3,790c1ef
utfgcjfa,Batch_3,SE,BSE-SE,1026,2338,768,0.0,0.0,0.1132709632051706,132.47343537646023,1bec114301c3,790c1ef
utfgcjfa,Batch_3,SE,BSE-SE,1026,3874,768,0.0,0.0,0.10060743202205898,114.97564966389967,1bec114301c3,790c1ef
utfgcjfa,Batch_3,SE,BSE-SE,1026,4642,768,0.0,0.0,0.12851881472745824,150.1041803570783,1bec114301c3,790c1ef
utfgcjfa,Batch_3,SE,BSE-SE,1026,6178,768,0.1,-0.1,0.09599557320248706,112.81615921840908,1bec114301c3,790c1ef
vc2whyaq,Batch_3,SE,BSE-Inlens,258,36,768,0.0,0.1,0.10683344491663738,125.77852002450376,1bec114301c3,790c1ef
vc2whyaq,Batch_3,SE,BSE-Inlens,258,1572,768,0.0,0.0,0.10207614917219615,119.8182990173388,1bec114301c3,790c1ef
vc2whyaq,Batch_3,SE,BSE-Inlens,258,2340,768,0.0,-0.1,0.10983331050526242,128.36740551073643,1bec114301c3,790c1ef
vc2whyaq,Batch_3,SE,BSE-Inlens,258,3876,768,0.0,0.0,0.11925813925574937,140.45360988024044,1bec114301c3,790c1ef
vc2whyaq,Batch_3,SE,BSE-Inlens,258,4644,768,0.0,0.0,0.10493906052479025,126.25617856418725,1bec114301c3,790c1ef
vc2whyaq,Batch_3,SE,BSE-Inlens,258,6180,768,0.0,0.0,0.11743550409544448,136.97310064139336,1bec114301c3,790c1ef
vc2whyaq,Batch_3,SE,BSE-Inlens,1026,36,768,0.0,0.0,0.09843627401047794,115.02086591001719,1bec114301c3,790c1ef
vc2whyaq,Batch_3,SE,BSE-Inlens,1026,1572,768,0.0,0.1,0.09423001558632567,110.60690560350761,1bec114301c3,790c1ef
vc2whyaq,Batch_3,SE,BSE-Inlens,1026,2340,768,0.0,0.1,0.10055539804000474,118.01049855244652,1bec114301c3,790c1ef
vc2whyaq,Batch_3,SE,BSE-Inlens,1026,3876,768,0.0,0.0,0.10141894985754799,118.3328441400383,1bec114301c3,790c1ef
vc2whyaq,Batch_3,SE,BSE-Inlens,1026,4644,768,0.0,0.0,0.12280590157121044,143.65980067215267,1bec114301c3,790c1ef
vc2whyaq,Batch_3,SE,BSE-Inlens,1026,6180,768,0.0,0.0,0.11843125561048502,137.8644859794861,1bec114301c3,790c1ef
vc2whyaq,Batch_3,SE,BSE-SE,258,36,768,0.0,0.0,0.11641146074418264,136.54292944599064,1bec114301c3,790c1ef
vc2whyaq,Batch_3,SE,BSE-SE,258,1572,768,0.0,0.0,0.11914464889946874,139.14303032959688,1bec114301c3,790c1ef
vc2whyaq,Batch_3,SE,BSE-SE,258,2340,768,0.0,-0.1,0.13235964411199502,154.43210631907996,1bec114301c3,790c1ef
vc2whyaq,Batch_3,SE,BSE-SE,258,3876,768,0.0,-0.1,0.1351836879513107,159.36933787733562,1bec114301c3,790c1ef
vc2whyaq,Batch_3,SE,BSE-SE,258,4644,768,0.0,0.0,0.12051743831386907,142.72497249497508,1bec114301c3,790c1ef
vc2whyaq,Batch_3,SE,BSE-SE,258,6180,768,0.0,-0.1,0.13401651905317863,156.5792806565338,1bec114301c3,790c1ef
vc2whyaq,Batch_3,SE,BSE-SE,1026,36,768,0.0,0.0,0.12237159507019425,143.16593191382222,1bec114301c3,790c1ef
vc2whyaq,Batch_3,SE,BSE-SE,1026,1572,768,0.0,-0.2,0.1081499695665283,126.73471056123056,1bec114301c3,790c1ef
vc2whyaq,Batch_3,SE,BSE-SE,1026,2340,768,0.0,-0.1,0.1200677504887071,140.95511608483332,1bec114301c3,790c1ef
vc2whyaq,Batch_3,SE,BSE-SE,1026,3876,768,0.0,-0.1,0.12823823350790198,149.50464896861175,1bec114301c3,790c1ef
vc2whyaq,Batch_3,SE,BSE-SE,1026,4644,768,0.0,-0.1,0.1418690662639082,166.0762650996093,1bec114301c3,790c1ef
vc2whyaq,Batch_3,SE,BSE-SE,1026,6180,768,0.0,-0.1,0.1399937704452031,163.7444135350549,1bec114301c3,790c1ef
x77cy643,Batch_3,SE,BSE-Inlens,258,34,768,0.0,0.1,0.10481555682595695,121.57553956816419,1bec114301c3,790c1ef
x77cy643,Batch_3,SE,BSE-Inlens,258,1570,768,0.0,0.1,0.1163766997712159,134.89526778073184,1bec114301c3,790c1ef
x77cy643,Batch_3,SE,BSE-Inlens,258,2338,768,0.0,0.0,0.11437488661799484,134.09123805392568,1bec114301c3,790c1ef
x77cy643,Batch_3,SE,BSE-Inlens,258,3874,768,0.0,0.1,0.08420413475541777,99.09804500180344,1bec114301c3,790c1ef
x77cy643,Batch_3,SE,BSE-Inlens,258,4642,768,0.0,0.1,0.10809084766378993,127.92090247474712,1bec114301c3,790c1ef
x77cy643,Batch_3,SE,BSE-Inlens,258,6178,768,0.0,0.1,0.12529661158803906,146.05814574574632,1bec114301c3,790c1ef
x77cy643,Batch_3,SE,BSE-Inlens,1026,34,768,0.0,0.0,0.08368974027226102,98.85292248968327,1bec114301c3,790c1ef
x77cy643,Batch_3,SE,BSE-Inlens,1026,1570,768,0.0,0.0,0.13166412308460246,155.06622873926415,1bec114301c3,790c1ef
x77cy643,Batch_3,SE,BSE-Inlens,1026,2338,768,0.0,0.1,0.09947638403538157,116.38674617689009,1bec114301c3,790c1ef
x77cy643,Batch_3,SE,BSE-Inlens,1026,3874,768,0.0,0.1,0.09937596075556435,115.2221160191115,1bec114301c3,790c1ef
x77cy643,Batch_3,SE,BSE-Inlens,1026,4642,768,0.0,0.0,0.12437267791492408,145.34940273595447,1bec114301c3,790c1ef
x77cy643,Batch_3,SE,BSE-Inlens,1026,6178,768,0.0,0.2,0.11812858793461098,139.18700745526172,1bec114301c3,790c1ef
x77cy643,Batch_3,SE,BSE-SE,258,34,768,0.0,-0.1,0.14788266287539548,173.19724766668105,1bec114301c3,790c1ef
x77cy643,Batch_3,SE,BSE-SE,258,1570,768,0.0,-0.1,0.13247147812672394,153.8359974637077,1bec114301c3,790c1ef
x77cy643,Batch_3,SE,BSE-SE,258,2338,768,0.0,-0.1,0.13472944943916246,157.82399212472077,1bec114301c3,790c1ef
x77cy643,Batch_3,SE,BSE-SE,258,3874,768,0.0,0.0,0.10685504666731604,123.02579057151317,1bec114301c3,790c1ef
x77cy643,Batch_3,SE,BSE-SE,258,4642,768,0.0,0.0,0.12314663530097952,145.81854838852075,1bec114301c3,790c1ef
x77cy643,Batch_3,SE,BSE-SE,258,6178,768,0.0,-0.1,0.14221579286708197,166.36611826868722,1bec114301c3,790c1ef
x77cy643,Batch_3,SE,BSE-SE,1026,34,768,0.0,-0.1,0.09503553759156722,111.52717445952702,1bec114301c3,790c1ef
x77cy643,Batch_3,SE,BSE-SE,1026,1570,768,0.0,0.0,0.15773765087880182,185.62821851758144,1bec114301c3,790c1ef
x77cy643,Batch_3,SE,BSE-SE,1026,2338,768,0.0,0.0,0.12891650715182681,151.49394129031123,1bec114301c3,790c1ef
x77cy643,Batch_3,SE,BSE-SE,1026,3874,768,0.0,0.0,0.1252806871903431,146.58213348562023,1bec114301c3,790c1ef
x77cy643,Batch_3,SE,BSE-SE,1026,4642,768,0.0,-0.1,0.14206309502566272,166.5569701465616,1bec114301c3,790c1ef
x77cy643,Batch_3,SE,BSE-SE,1026,6178,768,0.0,0.0,0.14202342530415785,166.95279096384118,1bec114301c3,790c1ef
x7u69zsw,Batch_3,ETD,BSE-Inlens,254,36,768,0.0,0.0,0.15527875823877274,182.88356699361805,1bec114301c3,790c1ef
x7u69zsw,Batch_3,ETD,BSE-Inlens,254,1572,768,0.0,0.0,0.13530585966183528,157.6778522960617,1bec114301c3,790c1ef
x7u69zsw,Batch_3,ETD,BSE-Inlens,254,2340,768,0.0,0.0,0.15371726871982946,182.3605213156129,1bec114301c3,790c1ef
x7u69zsw,Batch_3,ETD,BSE-Inlens,254,3876,768,0.0,0.0,0.14023601486419773,165.28404800258443,1bec114301c3,790c1ef
x7u69zsw,Batch_3,ETD,BSE-Inlens,254,4644,768,0.0,0.1,0.1427418551315518,167.32182495349332,1bec114301c3,790c1ef
x7u69zsw,Batch_3,ETD,BSE-Inlens,254,6180,768,0.0,0.0,0.13515132968795637,160.0918555944126,1bec114301c3,790c1ef
x7u69zsw,Batch_3,ETD,BSE-Inlens,1022,36,768,0.0,0.0,0.11037304262004273,126.89747638816343,1bec114301c3,790c1ef
x7u69zsw,Batch_3,ETD,BSE-Inlens,1022,1572,768,0.0,0.1,0.12682277712967674,145.43609130038237,1bec114301c3,790c1ef
x7u69zsw,Batch_3,ETD,BSE-Inlens,1022,2340,768,0.0,0.0,0.12129525789208578,141.18621925547484,1bec114301c3,790c1ef
x7u69zsw,Batch_3,ETD,BSE-Inlens,1022,3876,768,0.0,0.0,0.1309719976114084,154.49798905505895,1bec114301c3,790c1ef
x7u69zsw,Batch_3,ETD,BSE-Inlens,1022,4644,768,0.0,0.0,0.1534576703283821,182.59277192451492,1bec114301c3,790c1ef
x7u69zsw,Batch_3,ETD,BSE-Inlens,1022,6180,768,0.0,-0.1,0.10746097505400701,127.7569444081961,1bec114301c3,790c1ef
x7u69zsw,Batch_3,ETD,BSE-ETD,254,36,768,0.0,-0.1,0.16248873854570395,191.51015109862462,1bec114301c3,790c1ef
x7u69zsw,Batch_3,ETD,BSE-ETD,254,1572,768,0.0,-0.1,0.14469218879661333,169.19473130553848,1bec114301c3,790c1ef
x7u69zsw,Batch_3,ETD,BSE-ETD,254,2340,768,0.0,0.0,0.15440689515860284,181.60360999903443,1bec114301c3,790c1ef
x7u69zsw,Batch_3,ETD,BSE-ETD,254,3876,768,0.0,-0.1,0.155218158772546,181.95663123653642,1bec114301c3,790c1ef
x7u69zsw,Batch_3,ETD,BSE-ETD,254,4644,768,0.0,0.0,0.16256936552888762,190.39102272358312,1bec114301c3,790c1ef
x7u69zsw,Batch_3,ETD,BSE-ETD,254,6180,768,0.0,0.0,0.13805664228056624,162.55626567437463,1bec114301c3,790c1ef
x7u69zsw,Batch_3,ETD,BSE-ETD,1022,36,768,0.0,-0.1,0.11616324638475851,133.73366263837298,1bec114301c3,790c1ef
x7u69zsw,Batch_3,ETD,BSE-ETD,1022,1572,768,0.0,0.0,0.12483330331402182,144.7594885057346,1bec114301c3,790c1ef
x7u69zsw,Batch_3,ETD,BSE-ETD,1022,2340,768,0.0,0.0,0.1439074449317035,167.34329319425171,1bec114301c3,790c1ef
x7u69zsw,Batch_3,ETD,BSE-ETD,1022,3876,768,0.0,0.0,0.15704690501761745,184.86906605415444,1bec114301c3,790c1ef
x7u69zsw,Batch_3,ETD,BSE-ETD,1022,4644,768,-0.1,0.0,0.16077052569114028,190.32230007526735,1bec114301c3,790c1ef
x7u69zsw,Batch_3,ETD,BSE-ETD,1022,6180,768,0.0,-0.1,0.10694859389483986,126.13852933072354,1bec114301c3,790c1ef
xgj4xftb,Batch_3,ETD,BSE-Inlens,30,36,768,0.0,0.0,0.12465714532767802,146.4842804473456,1bec114301c3,790c1ef
xgj4xftb,Batch_3,ETD,BSE-Inlens,30,1572,768,0.0,0.0,0.11962281290347206,139.25602021332173,1bec114301c3,790c1ef
xgj4xftb,Batch_3,ETD,BSE-Inlens,30,2340,768,0.0,0.0,0.09172187909629415,106.11174394562146,1bec114301c3,790c1ef
xgj4xftb,Batch_3,ETD,BSE-Inlens,30,3876,768,0.0,0.0,0.10593721303233242,122.27568794830349,1bec114301c3,790c1ef
xgj4xftb,Batch_3,ETD,BSE-Inlens,30,4644,768,0.0,-0.1,0.10447894727603259,121.86351159641305,1bec114301c3,790c1ef
xgj4xftb,Batch_3,ETD,BSE-Inlens,30,6180,768,0.0,0.0,0.10484668410520921,123.7213069696296,1bec114301c3,790c1ef
xgj4xftb,Batch_3,ETD,BSE-Inlens,798,36,768,0.0,-0.1,0.11957988831019929,139.6949188931412,1bec114301c3,790c1ef
xgj4xftb,Batch_3,ETD,BSE-Inlens,798,1572,768,0.0,0.1,0.11883229162165945,138.96494093312626,1bec114301c3,790c1ef
xgj4xftb,Batch_3,ETD,BSE-Inlens,798,2340,768,0.0,0.0,0.1026324739670966,120.70563154058304,1bec114301c3,790c1ef
xgj4xftb,Batch_3,ETD,BSE-Inlens,798,3876,768,0.0,0.0,0.11101075021696016,128.84416007373005,1bec114301c3,790c1ef
xgj4xftb,Batch_3,ETD,BSE-Inlens,798,4644,768,0.0,0.1,0.11370936291167538,131.67238243398904,1bec114301c3,790c1ef
xgj4xftb,Batch_3,ETD,BSE-Inlens,798,6180,768,0.0,0.0,0.1086967477117892,126.31566267288015,1bec114301c3,790c1ef
xgj4xftb,Batch_3,ETD,BSE-ETD,30,36,768,0.0,-0.1,0.14387887892205276,170.48046730817438,1bec114301c3,790c1ef
xgj4xftb,Batch_3,ETD,BSE-ETD,30,1572,768,0.0,0.0,0.16503257963867696,192.31122587052295,1bec114301c3,790c1ef
xgj4xftb,Batch_3,ETD,BSE-ETD,30,2340,768,0.0,-0.1,0.1006152948569925,117.17445509771171,1bec114301c3,790c1ef
xgj4xftb,Batch_3,ETD,BSE-ETD,30,3876,768,0.0,-0.1,0.13417295768096163,154.6886447479581,1bec114301c3,790c1ef
xgj4xftb,Batch_3,ETD,BSE-ETD,30,4644,768,0.0,-0.1,0.12533052994438634,146.03528055080233,1bec114301c3,790c1ef
xgj4xftb,Batch_3,ETD,BSE-ETD,30,6180,768,0.0,-0.1,0.11386098483405435,133.51028327964832,1bec114301c3,790c1ef
xgj4xftb,Batch_3,ETD,BSE-ETD,798,36,768,0.0,-0.1,0.12691151499547773,149.1506124870684,1bec114301c3,790c1ef
xgj4xftb,Batch_3,ETD,BSE-ETD,798,1572,768,0.0,0.0,0.141142257012229,166.46207878191893,1bec114301c3,790c1ef
xgj4xftb,Batch_3,ETD,BSE-ETD,798,2340,768,0.0,-0.1,0.10110939635776664,117.39482148450406,1bec114301c3,790c1ef
xgj4xftb,Batch_3,ETD,BSE-ETD,798,3876,768,0.0,0.0,0.11764483607112819,137.83250879713458,1bec114301c3,790c1ef
xgj4xftb,Batch_3,ETD,BSE-ETD,798,4644,768,0.0,-0.1,0.12566630458587516,146.52859412679524,1bec114301c3,790c1ef
xgj4xftb,Batch_3,ETD,BSE-ETD,798,6180,768,0.0,-0.1,0.12707662327967695,146.90161948348106,1bec114301c3,790c1ef
