sample_id,batch,family,model,split,pred,correct,p_Batch_1,p_Batch_2,p_Batch_3,config_hash,git_sha
4ih2ggld,Batch_1,material,logreg,LOIO,Batch_3,False,0.19568088232115174,0.29257014717605684,0.5117489705027914,de199d6c8d69,370d083
5n1q8atc,Batch_1,material,logreg,LOIO,Batch_1,True,0.9410877732357105,0.05327637200570656,0.00563585475858298,de199d6c8d69,370d083
f1vzngrs,Batch_1,material,logreg,LOIO,Batch_1,True,0.827814004614715,0.15586639156497792,0.016319603820307022,de199d6c8d69,370d083
ffwubibz,Batch_1,material,logreg,LOIO,Batch_2,False,0.32795690996664095,0.5342293435556711,0.137813746477688,de199d6c8d69,370d083
fzrt2k6r,Batch_1,material,logreg,LOIO,Batch_1,True,0.4127572353266697,0.26081680670067586,0.3264259579726544,de199d6c8d69,370d083
iv6g2oq0,Batch_1,material,logreg,LOIO,Batch_2,False,0.10255173968809551,0.535295762669486,0.3621524976424185,de199d6c8d69,370d083
uhdslk0o,Batch_1,material,logreg,LOIO,Batch_1,True,0.5286528648455997,0.2391493017495061,0.2321978334048942,de199d6c8d69,370d083
3806gxp0,Batch_2,material,logreg,LOIO,Batch_3,False,0.11809238377873799,0.349197043491788,0.5327105727294741,de199d6c8d69,370d083
avn74qx1,Batch_2,material,logreg,LOIO,Batch_3,False,0.0848066907272078,0.23507941531305482,0.6801138939597373,de199d6c8d69,370d083
b3esycq1,Batch_2,material,logreg,LOIO,Batch_1,False,0.6636983872114768,0.10833375728394616,0.2279678555045771,de199d6c8d69,370d083
epqdaau9,Batch_2,material,logreg,LOIO,Batch_2,True,0.030263417648855026,0.9697365817702528,5.808921918822894e-10,de199d6c8d69,370d083
i9jiqjwl,Batch_2,material,logreg,LOIO,Batch_1,False,0.47375192830323964,0.23610313450473183,0.29014493719202855,de199d6c8d69,370d083
r17byphk,Batch_2,material,logreg,LOIO,Batch_3,False,0.33505685828946646,0.2660393836365859,0.39890375807394757,de199d6c8d69,370d083
rxax5ozo,Batch_2,material,logreg,LOIO,Batch_3,False,0.11693627907741419,0.3176684116989357,0.5653953092236501,de199d6c8d69,370d083
0grcilhi,Batch_3,material,logreg,LOIO,Batch_3,True,0.0066140378389028245,0.17096512500416672,0.8224208371569304,de199d6c8d69,370d083
71vgq3fw,Batch_3,material,logreg,LOIO,Batch_1,False,0.3595988970923863,0.350584714825799,0.2898163880818148,de199d6c8d69,370d083
9luzk4jm,Batch_3,material,logreg,LOIO,Batch_3,True,0.03602263348328292,0.15669976982432868,0.8072775966923885,de199d6c8d69,370d083
cfe5vt7s,Batch_3,material,logreg,LOIO,Batch_3,True,0.2568866912473317,0.29773547058879934,0.445377838163869,de199d6c8d69,370d083
hawkfj64,Batch_3,material,logreg,LOIO,Batch_3,True,0.10935380980988808,0.19854131921884385,0.692104870971268,de199d6c8d69,370d083
hzumfsms,Batch_3,material,logreg,LOIO,Batch_3,True,0.016448146723858414,0.1708124254668811,0.8127394278092605,de199d6c8d69,370d083
kbdh4tri,Batch_3,material,logreg,LOIO,Batch_3,True,0.3552705300728724,0.2447324225288594,0.39999704739826825,de199d6c8d69,370d083
mgxahqnk,Batch_3,material,logreg,LOIO,Batch_3,True,0.03274031989354271,0.28160893726586134,0.6856507428405959,de199d6c8d69,370d083
pl8uabbv,Batch_3,material,logreg,LOIO,Batch_3,True,0.3497487927381291,0.2946490001511835,0.35560220711068746,de199d6c8d69,370d083
ptg8lmto,Batch_3,material,logreg,LOIO,Batch_1,False,0.7454819287176875,0.14568235375271507,0.10883571752959748,de199d6c8d69,370d083
tuy3zymq,Batch_3,material,logreg,LOIO,Batch_3,True,0.026120709047235832,0.2798319611194208,0.6940473298333434,de199d6c8d69,370d083
ufdvpb81,Batch_3,material,logreg,LOIO,Batch_2,False,0.03219454884226845,0.5536182574885337,0.41418719366919793,de199d6c8d69,370d083
utfgcjfa,Batch_3,material,logreg,LOIO,Batch_3,True,0.08401873879828987,0.3201362909007388,0.5958449703009713,de199d6c8d69,370d083
vc2whyaq,Batch_3,material,logreg,LOIO,Batch_2,False,0.27693430228511967,0.4313315532532373,0.29173414446164303,de199d6c8d69,370d083
x77cy643,Batch_3,material,logreg,LOIO,Batch_3,True,0.07856059361531292,0.2904534186254443,0.6309859877592428,de199d6c8d69,370d083
x7u69zsw,Batch_3,material,logreg,LOIO,Batch_3,True,0.05750027366663988,0.2983117637941802,0.6441879625391799,de199d6c8d69,370d083
xgj4xftb,Batch_3,material,logreg,LOIO,Batch_3,True,0.17885649565416553,0.3874415479429837,0.43370195640285086,de199d6c8d69,370d083
4ih2ggld,Batch_1,material,logreg,LOGO,Batch_2,False,0.0002059561114964679,0.6626623906567035,0.3371316532318001,de199d6c8d69,370d083
5n1q8atc,Batch_1,material,logreg,LOGO,Batch_2,False,0.0006611903254363807,0.9431375031972883,0.05620130647727544,de199d6c8d69,370d083
f1vzngrs,Batch_1,material,logreg,LOGO,Batch_1,True,0.7489829950922935,0.21654303370266423,0.03447397120504227,de199d6c8d69,370d083
ffwubibz,Batch_1,material,logreg,LOGO,Batch_2,False,0.24960847479613096,0.6598546978284074,0.09053682737546145,de199d6c8d69,370d083
fzrt2k6r,Batch_1,material,logreg,LOGO,Batch_1,True,0.4954305939023859,0.15182698035138925,0.3527424257462249,de199d6c8d69,370d083
iv6g2oq0,Batch_1,material,logreg,LOGO,Batch_2,False,0.10255173968809551,0.535295762669486,0.3621524976424185,de199d6c8d69,370d083
uhdslk0o,Batch_1,material,logreg,LOGO,Batch_1,True,0.5286528648455997,0.2391493017495061,0.2321978334048942,de199d6c8d69,370d083
3806gxp0,Batch_2,material,logreg,LOGO,Batch_3,False,0.11200786551406751,0.3335134600955222,0.5544786743904103,de199d6c8d69,370d083
avn74qx1,Batch_2,material,logreg,LOGO,Batch_3,False,0.08294741990011129,0.18000125788916435,0.7370513222107243,de199d6c8d69,370d083
b3esycq1,Batch_2,material,logreg,LOGO,Batch_1,False,0.6085795082807749,0.12310130442240355,0.26831918729682147,de199d6c8d69,370d083
epqdaau9,Batch_2,material,logreg,LOGO,Batch_1,False,0.7199112579991228,0.28008874190220034,9.867687769593139e-11,de199d6c8d69,370d083
i9jiqjwl,Batch_2,material,logreg,LOGO,Batch_1,False,0.482389553254373,0.24062410812631224,0.2769863386193147,de199d6c8d69,370d083
r17byphk,Batch_2,material,logreg,LOGO,Batch_1,False,0.5084604712273553,0.17296018611277908,0.31857934265986554,de199d6c8d69,370d083
rxax5ozo,Batch_2,material,logreg,LOGO,Batch_3,False,0.12636104886121813,0.31121894967296004,0.5624200014658218,de199d6c8d69,370d083
0grcilhi,Batch_3,material,logreg,LOGO,Batch_3,True,0.008020971331561074,0.19029801813297004,0.801681010535469,de199d6c8d69,370d083
71vgq3fw,Batch_3,material,logreg,LOGO,Batch_1,False,0.4013212697826328,0.39722330840027126,0.20145542181709608,de199d6c8d69,370d083
9luzk4jm,Batch_3,material,logreg,LOGO,Batch_3,True,0.03682796834386697,0.1895150809007497,0.7736569507553832,de199d6c8d69,370d083
cfe5vt7s,Batch_3,material,logreg,LOGO,Batch_3,True,0.2575383766437545,0.2798906866042846,0.46257093675196076,de199d6c8d69,370d083
hawkfj64,Batch_3,material,logreg,LOGO,Batch_3,True,0.11023078661837929,0.2049472924855191,0.6848219208961015,de199d6c8d69,370d083
hzumfsms,Batch_3,material,logreg,LOGO,Batch_3,True,0.020557090889918743,0.27969405708649403,0.6997488520235873,de199d6c8d69,370d083
kbdh4tri,Batch_3,material,logreg,LOGO,Batch_1,False,0.4253162566984168,0.3161774716860716,0.25850627161551165,de199d6c8d69,370d083
mgxahqnk,Batch_3,material,logreg,LOGO,Batch_3,True,0.036272056248485694,0.2882211674271504,0.6755067763243638,de199d6c8d69,370d083
pl8uabbv,Batch_3,material,logreg,LOGO,Batch_3,True,0.36216666976096573,0.2692965903240202,0.36853673991501407,de199d6c8d69,370d083
ptg8lmto,Batch_3,material,logreg,LOGO,Batch_1,False,0.7435226642431303,0.15100531313992044,0.10547202261694938,de199d6c8d69,370d083
tuy3zymq,Batch_3,material,logreg,LOGO,Batch_2,False,0.06113649009541401,0.4696924349845629,0.4691710749200231,de199d6c8d69,370d083
ufdvpb81,Batch_3,material,logreg,LOGO,Batch_2,False,0.033346252655228246,0.5894843321762283,0.37716941516854335,de199d6c8d69,370d083
utfgcjfa,Batch_3,material,logreg,LOGO,Batch_3,True,0.0963601358266684,0.3008424704173927,0.6027973937559389,de199d6c8d69,370d083
vc2whyaq,Batch_3,material,logreg,LOGO,Batch_2,False,0.2625907967412281,0.4774426779922111,0.2599665252665608,de199d6c8d69,370d083
x77cy643,Batch_3,material,logreg,LOGO,Batch_3,True,0.09603909360352443,0.27504918955100427,0.6289117168454712,de199d6c8d69,370d083
x7u69zsw,Batch_3,material,logreg,LOGO,Batch_3,True,0.10460265525719423,0.4467403983481292,0.4486569463946765,de199d6c8d69,370d083
xgj4xftb,Batch_3,material,logreg,LOGO,Batch_3,True,0.20209481031364412,0.39290335308804986,0.4050018365983061,de199d6c8d69,370d083
4ih2ggld,Batch_1,acquisition,logreg,LOIO,Batch_1,True,0.6640561892335417,0.2569640732875416,0.07897973747891676,de199d6c8d69,370d083
5n1q8atc,Batch_1,acquisition,logreg,LOIO,Batch_1,True,0.6001847998636124,0.3677986732529861,0.03201652688340146,de199d6c8d69,370d083
f1vzngrs,Batch_1,acquisition,logreg,LOIO,Batch_2,False,0.2811793944808236,0.666678673421746,0.052141932097430496,de199d6c8d69,370d083
ffwubibz,Batch_1,acquisition,logreg,LOIO,Batch_1,True,0.6012107448725987,0.18415673214647504,0.21463252298092625,de199d6c8d69,370d083
fzrt2k6r,Batch_1,acquisition,logreg,LOIO,Batch_1,True,0.6003386913027947,0.26471885026662145,0.134942458430584,de199d6c8d69,370d083
iv6g2oq0,Batch_1,acquisition,logreg,LOIO,Batch_2,False,0.23304551308897195,0.7312824966898366,0.03567199022119143,de199d6c8d69,370d083
uhdslk0o,Batch_1,acquisition,logreg,LOIO,Batch_1,True,0.602559856722497,0.1150048010857627,0.2824353421917402,de199d6c8d69,370d083
3806gxp0,Batch_2,acquisition,logreg,LOIO,Batch_2,True,0.01097614771893985,0.9632715663938293,0.025752285887230924,de199d6c8d69,370d083
avn74qx1,Batch_2,acquisition,logreg,LOIO,Batch_3,False,0.06245423331178524,0.44509217485999997,0.4924535918282149,de199d6c8d69,370d083
b3esycq1,Batch_2,acquisition,logreg,LOIO,Batch_1,False,0.9499514941014701,0.02641627416966092,0.023632231728868944,de199d6c8d69,370d083
epqdaau9,Batch_2,acquisition,logreg,LOIO,Batch_2,True,0.25206449085844973,0.6837893429486774,0.06414616619287287,de199d6c8d69,370d083
i9jiqjwl,Batch_2,acquisition,logreg,LOIO,Batch_1,False,0.7265477494011144,0.1692475573296447,0.1042046932692408,de199d6c8d69,370d083
r17byphk,Batch_2,acquisition,logreg,LOIO,Batch_1,False,0.4101852995759025,0.33554529442879416,0.2542694059953034,de199d6c8d69,370d083
rxax5ozo,Batch_2,acquisition,logreg,LOIO,Batch_2,True,0.015265541006491372,0.9438251734350201,0.04090928555848834,de199d6c8d69,370d083
0grcilhi,Batch_3,acquisition,logreg,LOIO,Batch_3,True,0.013971941884434515,0.025719172044472816,0.9603088860710928,de199d6c8d69,370d083
71vgq3fw,Batch_3,acquisition,logreg,LOIO,Batch_3,True,0.00011106972094610562,0.0010424135786573602,0.9988465167003966,de199d6c8d69,370d083
9luzk4jm,Batch_3,acquisition,logreg,LOIO,Batch_3,True,1.791372236873937e-05,0.008460977504866891,0.9915211087727644,de199d6c8d69,370d083
cfe5vt7s,Batch_3,acquisition,logreg,LOIO,Batch_1,False,0.5804326170339341,0.06780498276881003,0.35176240019725585,de199d6c8d69,370d083
hawkfj64,Batch_3,acquisition,logreg,LOIO,Batch_3,True,0.0015547660694981051,0.0009963219208844404,0.9974489120096174,de199d6c8d69,370d083
hzumfsms,Batch_3,acquisition,logreg,LOIO,Batch_3,True,1.3703792546908289e-05,0.009710562365022333,0.9902757338424308,de199d6c8d69,370d083
kbdh4tri,Batch_3,acquisition,logreg,LOIO,Batch_3,True,8.85550330157587e-05,0.0011241734237897242,0.9987872715431945,de199d6c8d69,370d083
mgxahqnk,Batch_3,acquisition,logreg,LOIO,Batch_3,True,0.008950852901895092,0.09470712072571363,0.8963420263723914,de199d6c8d69,370d083
pl8uabbv,Batch_3,acquisition,logreg,LOIO,Batch_2,False,0.37030362510534587,0.543798594099284,0.08589778079537018,de199d6c8d69,370d083
ptg8lmto,Batch_3,acquisition,logreg,LOIO,Batch_3,True,0.1223727424416058,0.09500183610121216,0.782625421457182,de199d6c8d69,370d083
tuy3zymq,Batch_3,acquisition,logreg,LOIO,Batch_3,True,0.00012935902294153513,0.0008186340248298238,0.9990520069522287,de199d6c8d69,370d083
ufdvpb81,Batch_3,acquisition,logreg,LOIO,Batch_3,True,1.743548594985069e-05,0.006827784623734199,0.9931547798903159,de199d6c8d69,370d083
utfgcjfa,Batch_3,acquisition,logreg,LOIO,Batch_3,True,0.06901232149672472,0.3354875571070101,0.5955001213962651,de199d6c8d69,370d083
vc2whyaq,Batch_3,acquisition,logreg,LOIO,Batch_3,True,0.265216009890813,0.3239463997874185,0.4108375903217684,de199d6c8d69,370d083
x77cy643,Batch_3,acquisition,logreg,LOIO,Batch_2,False,0.03936776171483994,0.6343277600798918,0.3263044782052682,de199d6c8d69,370d083
x7u69zsw,Batch_3,acquisition,logreg,LOIO,Batch_3,True,6.147013287060865e-05,0.00030868812699866896,0.9996298417401308,de199d6c8d69,370d083
xgj4xftb,Batch_3,acquisition,logreg,LOIO,Batch_3,True,0.11317563188126106,0.1906202537769654,0.6962041143417736,de199d6c8d69,370d083
4ih2ggld,Batch_1,acquisition,logreg,LOGO,Batch_2,False,0.3902812061182429,0.5211502580467064,0.08856853583505064,de199d6c8d69,370d083
5n1q8atc,Batch_1,acquisition,logreg,LOGO,Batch_2,False,0.20687157676211956,0.7586036975192435,0.03452472571863686,de199d6c8d69,370d083
f1vzngrs,Batch_1,acquisition,logreg,LOGO,Batch_2,False,0.3099805261837295,0.6369715439625565,0.05304792985371406,de199d6c8d69,370d083
ffwubibz,Batch_1,acquisition,logreg,LOGO,Batch_1,True,0.7099915100193782,0.09729382752483579,0.19271466245578608,de199d6c8d69,370d083
fzrt2k6r,Batch_1,acquisition,logreg,LOGO,Batch_1,True,0.8551839880357263,0.06018938665391341,0.08462662531036039,de199d6c8d69,370d083
iv6g2oq0,Batch_1,acquisition,logreg,LOGO,Batch_2,False,0.23304551308897195,0.7312824966898366,0.03567199022119143,de199d6c8d69,370d083
uhdslk0o,Batch_1,acquisition,logreg,LOGO,Batch_1,True,0.602559856722497,0.1150048010857627,0.2824353421917402,de199d6c8d69,370d083
3806gxp0,Batch_2,acquisition,logreg,LOGO,Batch_2,True,0.01601818191644277,0.9035201345907843,0.08046168349277298,de199d6c8d69,370d083
avn74qx1,Batch_2,acquisition,logreg,LOGO,Batch_3,False,0.05535495457715456,0.39698539078686573,0.5476596546359798,de199d6c8d69,370d083
b3esycq1,Batch_2,acquisition,logreg,LOGO,Batch_1,False,0.937997903392207,0.030927026727363287,0.031075069880429584,de199d6c8d69,370d083
epqdaau9,Batch_2,acquisition,logreg,LOGO,Batch_2,True,0.11839697873573361,0.8201777113326941,0.061425309931572185,de199d6c8d69,370d083
i9jiqjwl,Batch_2,acquisition,logreg,LOGO,Batch_1,False,0.7665529985716321,0.17092329095477676,0.06252371047359115,de199d6c8d69,370d083
r17byphk,Batch_2,acquisition,logreg,LOGO,Batch_1,False,0.3877718875282305,0.33634554562281394,0.2758825668489557,de199d6c8d69,370d083
rxax5ozo,Batch_2,acquisition,logreg,LOGO,Batch_2,True,0.019700821529763542,0.9629276709172162,0.017371507553020162,de199d6c8d69,370d083
0grcilhi,Batch_3,acquisition,logreg,LOGO,Batch_3,True,0.014766344386688723,0.022785080613255397,0.9624485750000558,de199d6c8d69,370d083
71vgq3fw,Batch_3,acquisition,logreg,LOGO,Batch_3,True,2.9904889480937317e-05,0.0004375003699744365,0.9995325947405446,de199d6c8d69,370d083
9luzk4jm,Batch_3,acquisition,logreg,LOGO,Batch_3,True,5.593186167992368e-06,0.005705443763431077,0.9942889630504009,de199d6c8d69,370d083
cfe5vt7s,Batch_3,acquisition,logreg,LOGO,Batch_1,False,0.5372338785459219,0.05842952414330883,0.4043365973107694,de199d6c8d69,370d083
hawkfj64,Batch_3,acquisition,logreg,LOGO,Batch_3,True,0.0019137899671297237,0.0012747684388555165,0.9968114415940147,de199d6c8d69,370d083
hzumfsms,Batch_3,acquisition,logreg,LOGO,Batch_3,True,4.13872524115312e-06,0.006904397209039043,0.9930914640657198,de199d6c8d69,370d083
kbdh4tri,Batch_3,acquisition,logreg,LOGO,Batch_3,True,2.6061269076368517e-05,0.0005021491162165487,0.9994717896147071,de199d6c8d69,370d083
mgxahqnk,Batch_3,acquisition,logreg,LOGO,Batch_3,True,0.00999032406000843,0.08384477594489646,0.9061648999950951,de199d6c8d69,370d083
pl8uabbv,Batch_3,acquisition,logreg,LOGO,Batch_1,False,0.5679338744133154,0.344141911988433,0.08792421359825159,de199d6c8d69,370d083
ptg8lmto,Batch_3,acquisition,logreg,LOGO,Batch_3,True,0.14132718343727801,0.10560621397422255,0.7530666025884994,de199d6c8d69,370d083
tuy3zymq,Batch_3,acquisition,logreg,LOGO,Batch_3,True,3.4936497570629385e-05,0.0003465629391839218,0.9996185005632455,de199d6c8d69,370d083
ufdvpb81,Batch_3,acquisition,logreg,LOGO,Batch_3,True,5.292702303379222e-06,0.004826005450296066,0.9951687018474007,de199d6c8d69,370d083
utfgcjfa,Batch_3,acquisition,logreg,LOGO,Batch_3,True,0.09497940288918176,0.43633797373852834,0.46868262337228983,de199d6c8d69,370d083
vc2whyaq,Batch_3,acquisition,logreg,LOGO,Batch_3,True,0.26848934792860585,0.35006297461133057,0.3814476774600637,de199d6c8d69,370d083
x77cy643,Batch_3,acquisition,logreg,LOGO,Batch_2,False,0.05261406871560337,0.6621655642596482,0.2852203670247484,de199d6c8d69,370d083
x7u69zsw,Batch_3,acquisition,logreg,LOGO,Batch_3,True,2.0093179537696717e-05,0.00015596708322397962,0.9998239397372384,de199d6c8d69,370d083
xgj4xftb,Batch_3,acquisition,logreg,LOGO,Batch_3,True,0.13259281392474528,0.1976938817858461,0.6697133042894087,de199d6c8d69,370d083
4ih2ggld,Batch_1,material+acquisition,logreg,LOIO,Batch_2,False,0.35538341132120527,0.6354497020316319,0.009166886647162809,de199d6c8d69,370d083
5n1q8atc,Batch_1,material+acquisition,logreg,LOIO,Batch_1,True,0.7819196831892686,0.21771846474719353,0.0003618520635378678,de199d6c8d69,370d083
f1vzngrs,Batch_1,material+acquisition,logreg,LOIO,Batch_1,True,0.6318443639934391,0.34751939679962995,0.020636239206930793,de199d6c8d69,370d083
ffwubibz,Batch_1,material+acquisition,logreg,LOIO,Batch_1,True,0.40317586930934135,0.2424466177589775,0.3543775129316812,de199d6c8d69,370d083
fzrt2k6r,Batch_1,material+acquisition,logreg,LOIO,Batch_2,False,0.3901962479574708,0.4353413992377235,0.17446235280480551,de199d6c8d69,370d083
iv6g2oq0,Batch_1,material+acquisition,logreg,LOIO,Batch_2,False,0.05147390012208545,0.8707485247898651,0.07777757508804936,de199d6c8d69,370d083
uhdslk0o,Batch_1,material+acquisition,logreg,LOIO,Batch_1,True,0.481322190707781,0.12137002575312923,0.39730778353908974,de199d6c8d69,370d083
3806gxp0,Batch_2,material+acquisition,logreg,LOIO,Batch_2,True,0.007758728873522318,0.9280472595399997,0.06419401158647804,de199d6c8d69,370d083
avn74qx1,Batch_2,material+acquisition,logreg,LOIO,Batch_3,False,0.02987286114559961,0.2743820272570332,0.6957451115973672,de199d6c8d69,370d083
b3esycq1,Batch_2,material+acquisition,logreg,LOIO,Batch_1,False,0.9722792292653737,0.01237859243544571,0.015342178299180758,de199d6c8d69,370d083
epqdaau9,Batch_2,material+acquisition,logreg,LOIO,Batch_2,True,0.14752489940848687,0.8524742045999015,8.959916115129203e-07,de199d6c8d69,370d083
i9jiqjwl,Batch_2,material+acquisition,logreg,LOIO,Batch_1,False,0.8274922229647876,0.04757725787267783,0.12493051916253461,de199d6c8d69,370d083
r17byphk,Batch_2,material+acquisition,logreg,LOIO,Batch_1,False,0.6600502185014395,0.05761797400831096,0.28233180749024944,de199d6c8d69,370d083
rxax5ozo,Batch_2,material+acquisition,logreg,LOIO,Batch_2,True,0.0178093017841329,0.9026025869793034,0.07958811123656377,de199d6c8d69,370d083
0grcilhi,Batch_3,material+acquisition,logreg,LOIO,Batch_3,True,0.004428195721047701,0.03212293576944808,0.9634488685095042,de199d6c8d69,370d083
71vgq3fw,Batch_3,material+acquisition,logreg,LOIO,Batch_3,True,0.0008871160657477213,0.0016839182557711007,0.997428965678481,de199d6c8d69,370d083
9luzk4jm,Batch_3,material+acquisition,logreg,LOIO,Batch_3,True,5.922922058755075e-06,0.0030248415022025715,0.9969692355757386,de199d6c8d69,370d083
cfe5vt7s,Batch_3,material+acquisition,logreg,LOIO,Batch_3,True,0.2156810614888441,0.09121294235157795,0.6931059961595779,de199d6c8d69,370d083
hawkfj64,Batch_3,material+acquisition,logreg,LOIO,Batch_3,True,0.0021076910076632863,0.0004366697455429612,0.9974556392467938,de199d6c8d69,370d083
hzumfsms,Batch_3,material+acquisition,logreg,LOIO,Batch_3,True,4.021869333934059e-06,0.0040870832464673,0.9959088948841988,de199d6c8d69,370d083
kbdh4tri,Batch_3,material+acquisition,logreg,LOIO,Batch_3,True,0.0011470398755352928,0.001881812891766859,0.9969711472326978,de199d6c8d69,370d083
mgxahqnk,Batch_3,material+acquisition,logreg,LOIO,Batch_3,True,0.004579885107997996,0.05890282867089158,0.9365172862211105,de199d6c8d69,370d083
pl8uabbv,Batch_3,material+acquisition,logreg,LOIO,Batch_2,False,0.40003158786307447,0.4793161037974414,0.12065230833948415,de199d6c8d69,370d083
ptg8lmto,Batch_3,material+acquisition,logreg,LOIO,Batch_1,False,0.5355646528598322,0.05272618440373744,0.4117091627364303,de199d6c8d69,370d083
tuy3zymq,Batch_3,material+acquisition,logreg,LOIO,Batch_3,True,0.0004240287586125664,0.001686894973721647,0.9978890762676659,de199d6c8d69,370d083
ufdvpb81,Batch_3,material+acquisition,logreg,LOIO,Batch_3,True,6.7028994444115935e-06,0.008347494460263498,0.9916458026402922,de199d6c8d69,370d083
utfgcjfa,Batch_3,material+acquisition,logreg,LOIO,Batch_3,True,0.04862974442876011,0.3461070972985797,0.6052631582726602,de199d6c8d69,370d083
vc2whyaq,Batch_3,material+acquisition,logreg,LOIO,Batch_2,False,0.18198122153359217,0.42420353213424233,0.3938152463321655,de199d6c8d69,370d083
x77cy643,Batch_3,material+acquisition,logreg,LOIO,Batch_2,False,0.007244540031339162,0.5455235721093953,0.4472318878592657,de199d6c8d69,370d083
x7u69zsw,Batch_3,material+acquisition,logreg,LOIO,Batch_3,True,0.00017308141899385413,0.0005044756874490678,0.9993224428935572,de199d6c8d69,370d083
xgj4xftb,Batch_3,material+acquisition,logreg,LOIO,Batch_2,False,0.2285330899524665,0.41237556246432494,0.3590913475832086,de199d6c8d69,370d083
4ih2ggld,Batch_1,material+acquisition,logreg,LOGO,Batch_2,False,1.2847461434081406e-05,0.999920224682399,6.692785616684688e-05,de199d6c8d69,370d083
5n1q8atc,Batch_1,material+acquisition,logreg,LOGO,Batch_2,False,8.586501995864655e-06,0.9999883557225872,3.0577754171127213e-06,de199d6c8d69,370d083
f1vzngrs,Batch_1,material+acquisition,logreg,LOGO,Batch_1,True,0.4977066456864559,0.4615515307308908,0.0407418235826532,de199d6c8d69,370d083
ffwubibz,Batch_1,material+acquisition,logreg,LOGO,Batch_1,True,0.41499988097834867,0.3379598867702609,0.2470402322513904,de199d6c8d69,370d083
fzrt2k6r,Batch_1,material+acquisition,logreg,LOGO,Batch_1,True,0.8018480596194638,0.06322984843297054,0.1349220919475657,de199d6c8d69,370d083
iv6g2oq0,Batch_1,material+acquisition,logreg,LOGO,Batch_2,False,0.05147390012208545,0.8707485247898651,0.07777757508804936,de199d6c8d69,370d083
uhdslk0o,Batch_1,material+acquisition,logreg,LOGO,Batch_1,True,0.481322190707781,0.12137002575312923,0.39730778353908974,de199d6c8d69,370d083
3806gxp0,Batch_2,material+acquisition,logreg,LOGO,Batch_2,True,0.01238401877870413,0.7878962485179682,0.19971973270332755,de199d6c8d69,370d083
avn74qx1,Batch_2,material+acquisition,logreg,LOGO,Batch_3,False,0.024067131489207975,0.17505617929004463,0.8008766892207474,de199d6c8d69,370d083
b3esycq1,Batch_2,material+acquisition,logreg,LOGO,Batch_1,False,0.9582923660953855,0.017166201077300304,0.024541432827314132,de199d6c8d69,370d083
epqdaau9,Batch_2,material+acquisition,logreg,LOGO,Batch_1,False,0.9905456980457324,0.009454264826927591,3.7127339967978404e-08,de199d6c8d69,370d083
i9jiqjwl,Batch_2,material+acquisition,logreg,LOGO,Batch_1,False,0.9025645279156695,0.03993871671938438,0.057496755364946035,de199d6c8d69,370d083
r17byphk,Batch_2,material+acquisition,logreg,LOGO,Batch_1,False,0.8118682326151919,0.03989299249048704,0.14823877489432102,de199d6c8d69,370d083
rxax5ozo,Batch_2,material+acquisition,logreg,LOGO,Batch_2,True,0.021997659189625863,0.9344066197600474,0.04359572105032682,de199d6c8d69,370d083
0grcilhi,Batch_3,material+acquisition,logreg,LOGO,Batch_3,True,0.004608566994367434,0.029304136553095397,0.9660872964525371,de199d6c8d69,370d083
71vgq3fw,Batch_3,material+acquisition,logreg,LOGO,Batch_3,True,0.0002826175136987823,0.0006753831949701221,0.999041999291331,de199d6c8d69,370d083
9luzk4jm,Batch_3,material+acquisition,logreg,LOGO,Batch_3,True,1.2005663647617039e-06,0.0019108844204391783,0.9980879150131962,de199d6c8d69,370d083
cfe5vt7s,Batch_3,material+acquisition,logreg,LOGO,Batch_3,True,0.21376490848827762,0.053674121608588386,0.732560969903134,de199d6c8d69,370d083
hawkfj64,Batch_3,material+acquisition,logreg,LOGO,Batch_3,True,0.0024970213829408248,0.000553965477012486,0.9969490131400468,de199d6c8d69,370d083
hzumfsms,Batch_3,material+acquisition,logreg,LOGO,Batch_3,True,7.686337470648582e-07,0.002884735071470329,0.9971144962947827,de199d6c8d69,370d083
kbdh4tri,Batch_3,material+acquisition,logreg,LOGO,Batch_3,True,0.0003862934888352769,0.0008320449909216771,0.998781661520243,de199d6c8d69,370d083
mgxahqnk,Batch_3,material+acquisition,logreg,LOGO,Batch_3,True,0.005170260744263048,0.05073534821430314,0.9440943910414339,de199d6c8d69,370d083
pl8uabbv,Batch_3,material+acquisition,logreg,LOGO,Batch_1,False,0.8066372318815602,0.095085159131554,0.09827760898688577,de199d6c8d69,370d083
ptg8lmto,Batch_3,material+acquisition,logreg,LOGO,Batch_1,False,0.6299490984474776,0.06605250117673701,0.3039984003757854,de199d6c8d69,370d083
tuy3zymq,Batch_3,material+acquisition,logreg,LOGO,Batch_3,True,0.00015694878427733756,0.0007395689717592681,0.9991034822439635,de199d6c8d69,370d083
ufdvpb81,Batch_3,material+acquisition,logreg,LOGO,Batch_3,True,1.3664828947320691e-06,0.005536433450226693,0.9944622000668785,de199d6c8d69,370d083
utfgcjfa,Batch_3,material+acquisition,logreg,LOGO,Batch_3,True,0.0610513153228255,0.3881845341370631,0.5507641505401114,de199d6c8d69,370d083
vc2whyaq,Batch_3,material+acquisition,logreg,LOGO,Batch_2,False,0.17513936625053725,0.5216066994168745,0.3032539343325883,de199d6c8d69,370d083
x77cy643,Batch_3,material+acquisition,logreg,LOGO,Batch_2,False,0.011011887914022727,0.6102642236556757,0.37872388843030147,de199d6c8d69,370d083
x7u69zsw,Batch_3,material+acquisition,logreg,LOGO,Batch_3,True,7.398378184105499e-05,0.0002533825389862971,0.9996726336791726,de199d6c8d69,370d083
xgj4xftb,Batch_3,material+acquisition,logreg,LOGO,Batch_2,False,0.3341667136808034,0.399755547425087,0.2660777388941096,de199d6c8d69,370d083
