sample_id,batch,F01_c0_area_fraction,F02_c2_area_fraction,F03_c2_eqdiam_median_px,F03_c2_eqdiam_median_nm_if25,F04_c2_eqdiam_p90_px,F04_c2_eqdiam_p90_nm_if25,F05_c2_count_density_per_Mpx,F06_c2_clark_evans_R,F07_c2_solidity_area_weighted_median,F08_c0_local_thickness_median_px,F08_c0_local_thickness_median_nm_if25,F09_c0_chord_anisotropy_h_over_v,F10_c0_fraction_iqr_512px,F11_c2_perimeter_fraction_adjacent_c0,F06_c2_clark_evans_z,analysed_px,coverage,img_h,img_w,n_c2_particles,n_c2_particles_interior,n_c2_particles_border,n_c0_chords_h,n_c0_chords_v,n_windows,n_c2_boundary_px,n_tiles,seconds,config_hash,git_sha,features_config_hash,phase_identity
4ih2ggld,Batch_1,0.10039921514887255,0.20345440388688177,8.214724333230155,205.36810833075387,23.936536824085962,598.413420602149,271.583406004734,0.8519519289196332,0.5255190503712266,32.0,800.0,1.1118244878190777,0.07616519927978516,0.0042327101788483,-18.370495534149978,16054000,1.0,2300,6980,4424,4306,118,62877,70004,52,506295,52,5.58,1bec114301c3,d593ac3,a03b4b7c5a70,"stated by Polaron, not image-verified"
5n1q8atc,Batch_1,0.06949256686089944,0.21844869017381344,8.214724333230155,205.36810833075387,23.04215463350949,576.0538658377372,280.14343343792024,0.8401087085739889,0.5632807596525683,26.0,650.0,1.0510162502884584,0.038402557373046875,0.003595275880211653,-20.145824538563552,16063200,1.0,2300,6984,4560,4439,121,61963,64384,52,467558,52,3.91,1bec114301c3,d593ac3,a03b4b7c5a70,"stated by Polaron, not image-verified"
f1vzngrs,Batch_1,0.061914904934140536,0.09077133421017002,8.058239062071396,201.4559765517849,39.86464192325765,996.6160480814412,74.81587504217627,0.6914067576238021,0.869281045751634,17.20465087890625,430.11627197265625,1.1271258636320862,0.023357391357421875,0.00013148996919377863,-19.207459856907253,14889888,1.0,2132,6984,1136,1099,37,56559,63381,52,106472,52,2.34,1bec114301c3,d593ac3,a03b4b7c5a70,"stated by Polaron, not image-verified"
ffwubibz,Batch_1,0.08235261716703517,0.06789771970484029,8.214724333230155,205.36810833075387,35.12503103022509,878.1257757556272,59.24394185602529,0.6484017198108672,0.8730144670800118,26.0,650.0,1.2115036384367657,0.034569740295410156,0.0007622236939109573,-19.13987734462103,14414976,1.0,2064,6984,874,846,28,51832,62411,52,80029,52,3.02,1bec114301c3,d593ac3,a03b4b7c5a70,"stated by Polaron, not image-verified"
fzrt2k6r,Batch_1,0.09444109901403475,0.08909978482191605,7.898654169668588,197.4663542417147,23.939194963364102,598.4798740841026,116.2871610409909,0.7042769619778184,0.8393819619116062,28.0,700.0,1.180616739147922,0.055451393127441406,0.00035856358076475525,-23.264200965329717,14945760,1.0,2140,6984,1800,1720,80,59633,70547,52,147812,52,3.97,1bec114301c3,d593ac3,a03b4b7c5a70,"stated by Polaron, not image-verified"
iv6g2oq0,Batch_1,0.09974164877164383,0.06811333884552284,8.136857890256438,203.42144725641097,26.982971463468118,674.574286586703,75.43339916611805,0.735667056200747,0.8758895187552768,28.844409942626953,721.1102485656738,1.2421136968005015,0.04032707214355469,0.00015115288427185533,-15.03352074817889,12249216,1.0,1764,6944,954,907,47,47258,57689,39,72774,39,3.13,1bec114301c3,d593ac3,a03b4b7c5a70,"stated by Polaron, not image-verified"
uhdslk0o,Batch_1,0.09088308531087612,0.07851775855542281,7.653039857325812,191.3259964331453,20.279456919490165,506.9864229872541,119.37156173030692,0.7337448767826733,0.8778573297495302,24.413110733032227,610.3277683258057,1.1574376294881958,0.05710411071777344,0.0007075805462521817,-19.665769945699143,13018176,1.0,1864,6984,1592,1524,68,53681,61937,39,105995,39,3.69,1bec114301c3,d593ac3,a03b4b7c5a70,"stated by Polaron, not image-verified"
3806gxp0,Batch_2,0.10819753362015315,0.08405454029908632,7.978845608028654,199.47114020071635,27.139742770629788,678.4935692657447,69.61919708490046,0.6767310451442574,0.8977559335187221,26.0,650.0,1.091712680124707,0.04874610900878906,0.0001317664110947318,-19.021260801255906,14191488,1.0,2032,6984,1018,946,72,66071,72463,39,121427,39,4.11,1bec114301c3,d593ac3,a03b4b7c5a70,"stated by Polaron, not image-verified"
avn74qx1,Batch_2,0.1012971296596946,0.0779482743458614,8.444016491289505,211.1004122822376,26.496488746845788,662.4122186711447,75.39730858384969,0.6314649217515909,0.8697856162213539,32.0,800.0,1.1347283799543306,0.06429100036621094,0.00018606189659093258,-22.621588936967196,14191488,1.0,2032,6984,1106,1049,57,55891,63194,39,145113,39,4.38,1bec114301c3,d593ac3,a03b4b7c5a70,"stated by Polaron, not image-verified"
b3esycq1,Batch_2,0.09580389354572802,0.10973874864844611,7.938749888848621,198.46874722121552,23.652915604044814,591.3228901011204,141.913157979253,0.7223841939412149,0.8761167361524718,26.0,650.0,1.1926111391842138,0.04566478729248047,0.0010261906662257848,-23.884346833332025,14945760,1.0,2140,6984,2147,2100,47,62221,71635,52,175406,52,4.58,1bec114301c3,d593ac3,a03b4b7c5a70,"stated by Polaron, not image-verified"
epqdaau9,Batch_2,0.10583565168522423,0.08484026206241443,7.978845608028654,199.47114020071635,23.92056136259039,598.0140340647598,122.16344407694672,0.6481815216340328,0.8461624150607107,32.0,800.0,1.1434705261063818,0.049294471740722656,0.0006588266297723754,-28.010596790772574,14889888,1.0,2132,6984,1843,1804,39,58405,65081,52,151785,52,4.82,1bec114301c3,d593ac3,a03b4b7c5a70,"stated by Polaron, not image-verified"
i9jiqjwl,Batch_2,0.08283853468515676,0.09793611334519428,7.569397566060481,189.234939151512,24.674725726023517,616.8681431505879,107.5152526951167,0.6779684805694204,0.8821603128054741,24.0,600.0,1.1334576447407552,0.04462242126464844,0.0009900586464151142,-24.85590544138884,15755904,1.0,2256,6984,1733,1653,80,62541,70624,52,171707,52,3.74,1bec114301c3,d593ac3,a03b4b7c5a70,"stated by Polaron, not image-verified"
r17byphk,Batch_2,0.1137122947689958,0.13172474237903692,7.898654169668588,197.4663542417147,24.685426914772865,617.1356728693216,109.33074047435112,0.6949316074007365,0.7959086584205518,30.0,750.0,1.1969374425280492,0.0607757568359375,0.002148644927821264,-22.63719692253276,14414976,1.0,2064,6984,1605,1550,55,64181,75880,52,203384,52,4.71,1bec114301c3,d593ac3,a03b4b7c5a70,"stated by Polaron, not image-verified"
rxax5ozo,Batch_2,0.08972178680760703,0.09710380898472476,8.368283871884005,209.20709679710012,26.45310093032345,661.3275232580863,115.20345027006871,0.6907567483210665,0.8163907556138338,24.0,600.0,1.1761500864573575,0.046103477478027344,0.0013096966873989643,-23.605848718665968,14331168,1.0,2052,6984,1697,1629,68,57040,65359,52,182485,52,4.15,1bec114301c3,d593ac3,a03b4b7c5a70,"stated by Polaron, not image-verified"
0grcilhi,Batch_3,0.1397652867571398,0.12552935766012388,8.214724333230155,205.36810833075387,25.780439141949365,644.5109785487341,192.9349408818219,0.7589025293269391,0.6663169196232492,38.400001525878906,960.0000381469727,1.1839536896963723,0.04763221740722656,0.00021986045083837352,-22.846004751325655,13185792,1.0,1888,6984,2600,2501,99,58868,67662,39,241062,39,5.92,1bec114301c3,d593ac3,a03b4b7c5a70,"stated by Polaron, not image-verified"
71vgq3fw,Batch_3,0.08745829158288557,0.09816728143500492,8.214724333230155,205.36810833075387,25.562207165594927,639.0551791398732,154.67279977942314,0.7603993145971254,0.8422486063236734,24.0,600.0,1.1074885699549768,0.03154945373535156,0.0005687648421237796,-21.120075381672375,14275296,1.0,2044,6984,2253,2189,64,59939,65853,39,170545,39,3.49,1bec114301c3,d593ac3,a03b4b7c5a70,"stated by Polaron, not image-verified"
9luzk4jm,Batch_3,0.123762615708492,0.0695779542429027,7.735777827895049,193.39444569737623,24.474537551203763,611.863438780094,84.37653411880216,0.7425038454323877,0.8996859930469889,28.0,700.0,1.1526298506428165,0.062186241149902344,3.645643456069996e-05,-16.818060578672398,14470848,1.0,2072,6984,1249,1206,43,71376,79084,52,82290,52,4.91,1bec114301c3,d593ac3,a03b4b7c5a70,"stated by Polaron, not image-verified"
cfe5vt7s,Batch_3,0.11334725774083841,0.07827803528774518,8.136857890256438,203.42144725641097,32.09259412751611,802.3148531879027,70.34350941687312,0.6820034610895626,0.8944404863138057,26.0,650.0,1.1606741885589378,0.05608081817626953,0.000267677416591717,-18.740826181610686,14414976,1.0,2064,6984,1021,975,46,70583,80762,52,93396,52,3.9,1bec114301c3,d593ac3,a03b4b7c5a70,"stated by Polaron, not image-verified"
hawkfj64,Batch_3,0.09749038965577494,0.09150235344225056,8.214724333230155,205.36810833075387,26.606745326442343,665.1686331610586,144.32200962975907,0.7239069285439732,0.7982924846091299,26.0,650.0,1.2079209329569403,0.038238525390625,0.0003110438160968109,-22.44310777520719,13185792,1.0,1888,6984,1922,1856,66,53369,63429,39,170394,39,4.06,1bec114301c3,d593ac3,a03b4b7c5a70,"stated by Polaron, not image-verified"
hzumfsms,Batch_3,0.14395749302321467,0.10060702731450154,7.611218711693146,190.28046779232866,23.944292378111722,598.6073094527931,74.35638878937847,0.6526204355814968,0.8243649481436945,38.400001525878906,960.0000381469727,1.2243295226941693,0.09892559051513672,0.0016497680013748068,-21.216885725014976,14470848,1.0,2072,6984,1095,1040,55,68160,78564,52,116380,52,9.71,1bec114301c3,d593ac3,a03b4b7c5a70,"stated by Polaron, not image-verified"
kbdh4tri,Batch_3,0.08688793563369894,0.10820609253916696,8.214724333230155,205.36810833075387,25.125128128935906,628.1282032233977,190.67905842372724,0.7657875206468445,0.7984981226533167,22.090721130371094,552.2680282592773,1.1590133462603949,0.0442047119140625,0.000422239152584379,-22.848967318619525,14275296,1.0,2044,6984,2752,2673,79,60990,70185,39,217886,39,3.63,1bec114301c3,d593ac3,a03b4b7c5a70,"stated by Polaron, not image-verified"
mgxahqnk,Batch_3,0.09935679252334634,0.1095887148834139,8.058239062071396,201.4559765517849,26.83550169850478,670.8875424626194,142.72938629700818,0.7329759219466172,0.8106029646691681,26.0,650.0,1.1741549493060557,0.07040786743164062,0.00010374266935990774,-21.67145761634193,13185792,1.0,1888,6984,1916,1865,51,55275,64822,39,163867,39,3.61,1bec114301c3,d593ac3,a03b4b7c5a70,"stated by Polaron, not image-verified"
pl8uabbv,Batch_3,0.10027745789768712,0.06714847970640085,7.735777827895049,193.39444569737623,34.154472608397334,853.8618152099334,74.13094164574753,0.6982688738898901,0.8638244025891858,27.85677719116211,696.4194297790527,1.1088726930381831,0.051025390625,0.00019422294636209632,-19.243848840495865,15755904,1.0,2256,6984,1191,1127,64,68879,76869,52,92677,52,3.9,1bec114301c3,d593ac3,a03b4b7c5a70,"stated by Polaron, not image-verified"
ptg8lmto,Batch_3,0.08572584094830432,0.07855334211818206,7.898654169668588,197.4663542417147,21.498510523728477,537.462763093212,130.71409910802205,0.6741764658068937,0.820687585733882,22.0,550.0,1.2213208480051894,0.05589485168457031,0.0017181669306558566,-23.279742647370266,11146464,1.0,1596,6984,1494,1432,62,45373,53660,39,111747,39,2.8,1bec114301c3,d593ac3,a03b4b7c5a70,"stated by Polaron, not image-verified"
tuy3zymq,Batch_3,0.09233482794332251,0.12426607476300316,8.51907589177983,212.97689729449573,30.382423768172607,759.5605942043152,200.48621058365447,0.8015176653539027,0.6132075471698113,24.083189010620117,602.0797252655029,1.1678952405983687,0.043514251708984375,0.000762021422060164,-19.89437604263298,14275296,1.0,2044,6984,2903,2819,84,59501,69007,39,280832,39,4.83,1bec114301c3,d593ac3,a03b4b7c5a70,"stated by Polaron, not image-verified"
ufdvpb81,Batch_3,0.10766528678899813,0.12877876956485204,8.058239062071396,201.4559765517849,30.71491241545526,767.8728103863815,73.31982203116223,0.6623700009162444,0.8897495755517827,28.0,700.0,1.163799784923226,0.044541358947753906,0.0018652088023154317,-20.822136942982038,14470848,1.0,2072,6984,1116,1045,71,63215,69413,52,108835,52,6.59,1bec114301c3,d593ac3,a03b4b7c5a70,"stated by Polaron, not image-verified"
utfgcjfa,Batch_3,0.10272646156939627,0.10464066086898238,8.214724333230155,205.36810833075387,27.22174181298092,680.5435453245229,128.46506588023706,0.7092881293843653,0.8031390883286025,28.0,700.0,1.1453603996058932,0.04720115661621094,0.0015514506063169064,-23.3765471804657,14322960,1.0,2052,6980,1880,1826,54,61387,69569,52,199813,52,6.01,1bec114301c3,d593ac3,a03b4b7c5a70,"stated by Polaron, not image-verified"
vc2whyaq,Batch_3,0.10203369327608189,0.06909464741464198,8.291859587312052,207.2964896828013,29.411005346637978,735.2751336659494,70.12687312018113,0.6750956696685186,0.8843622688812285,28.0,700.0,1.250653605966074,0.04990673065185547,0.0006836774896289601,-19.204627730467287,14331168,1.0,2052,6984,1027,988,39,59454,71962,52,86298,52,6.71,1bec114301c3,d593ac3,a03b4b7c5a70,"stated by Polaron, not image-verified"
x77cy643,Batch_3,0.10185199148779303,0.07762117606975094,7.735777827895049,193.39444569737623,39.48023955835883,987.0059889589708,59.90381876371923,0.6812358405696352,0.8713117667970138,26.0,650.0,1.1227728765462681,0.04618644714355469,0.0009741033585840268,-17.392470135403293,14322960,1.0,2052,6980,878,847,31,65779,73743,52,96499,52,4.65,1bec114301c3,d593ac3,a03b4b7c5a70,"stated by Polaron, not image-verified"
x7u69zsw,Batch_3,0.10491621329603253,0.11766326946915846,8.136857890256438,203.42144725641097,23.928544635889445,598.2136158972361,171.34495845129936,0.7510544465944022,0.8672587906071298,26.0,650.0,1.1645455815113535,0.04293060302734375,0.0005020579144723423,-23.033799929310693,14275296,1.0,2044,6984,2479,2412,67,64910,74693,39,191213,39,5.5,1bec114301c3,d593ac3,a03b4b7c5a70,"stated by Polaron, not image-verified"
xgj4xftb,Batch_3,0.09586519994143435,0.13680284617615057,8.51907589177983,212.97689729449573,24.824341676101277,620.6085419025319,186.78569275422234,0.7817392408667544,0.6895121951219512,26.0,650.0,1.1342918930652743,0.06533050537109375,0.0011844645270957562,-18.69081130961425,11146464,1.0,1596,6984,2133,2051,82,48144,54442,39,221197,39,4.83,1bec114301c3,d593ac3,a03b4b7c5a70,"stated by Polaron, not image-verified"
