feature,median_Batch_1,median_Batch_2,median_Batch_3,iqr_Batch_1,iqr_Batch_2,iqr_Batch_3,n_images_Batch_1,n_images_Batch_2,n_images_Batch_3
F01_c0_area_fraction,0.09088308531087612,0.1012971296596946,0.10185199148779303,0.021168781878871973,0.014253752476021161,0.011800086847563784,7,7,17
F02_c2_area_fraction,0.08909978482191605,0.09710380898472476,0.10060702731450154,0.07379732034805306,0.019390029816069812,0.03938523418141328,7,7,17
F03_c2_eqdiam_median_px,8.136857890256438,7.978845608028654,8.136857890256438,0.23627771736016356,0.2548627106977257,0.3160701635615668,7,7,17
F04_c2_eqdiam_p90_px,23.939194963364102,24.685426914772865,26.606745326442343,7.564655518048877,2.1771512942776674,5.558082092071331,7,7,17
F05_c2_count_density_per_Mpx,116.2871610409909,109.33074047435112,130.71409910802205,120.3528467633733,27.22716653402452,97.21401680555184,7,7,17
F06_c2_clark_evans_R,0.7337448767826733,0.6779684805694204,0.7239069285439732,0.0900460225865577,0.030387894471756383,0.07766668875730398,7,7,17
F07_c2_solidity_area_weighted_median,0.869281045751634,0.8697856162213539,0.8243649481436945,0.17312063213555706,0.04786193914170067,0.07281364414369718,7,7,17
F08_c0_local_thickness_median_px,26.0,26.0,26.0,3.2156496047973633,6.0,2.0,7,7,17
F09_c0_chord_anisotropy_h_over_v,1.1574376294881958,1.1434705261063818,1.163799784923226,0.0765850130667618,0.050287600473242655,0.03859329009047907,7,7,17
F10_c0_fraction_iqr_512px,0.04032707214355469,0.04874610900878906,0.04763221740722656,0.019791603088378906,0.009150981903076172,0.011876106262207031,7,7,17
F11_c2_perimeter_fraction_adjacent_c0,0.0007075805462521817,0.0009900586464151142,0.0005687648421237796,0.001923891554543,0.0007454994136307207,0.0009167871105040393,7,7,17
