family,feature,driver_type,batch,coef_std,abs_coef_std,rank_in_batch,config_hash,git_sha
acquisition,sharpness,acquisition,Batch_1,0.9305649897602232,0.9305649897602232,1,de199d6c8d69,370d083
acquisition,noise_sigma,acquisition,Batch_1,0.7252058583671929,0.7252058583671929,2,de199d6c8d69,370d083
acquisition,curtaining_score,acquisition,Batch_1,-0.6463020653591276,0.6463020653591276,3,de199d6c8d69,370d083
acquisition,mean_grey,acquisition,Batch_1,0.47549292420650147,0.47549292420650147,4,de199d6c8d69,370d083
acquisition,edge_charging_inlens,acquisition,Batch_1,0.17496974009064448,0.17496974009064448,5,de199d6c8d69,370d083
acquisition,hstripe_score,acquisition,Batch_1,-0.16358121622520383,0.16358121622520383,6,de199d6c8d69,370d083
acquisition,edge_charging_inlens,acquisition,Batch_2,-0.8282683122576503,0.8282683122576503,1,de199d6c8d69,370d083
acquisition,mean_grey,acquisition,Batch_2,-0.42887533812702217,0.42887533812702217,2,de199d6c8d69,370d083
acquisition,hstripe_score,acquisition,Batch_2,-0.1522794097009869,0.1522794097009869,3,de199d6c8d69,370d083
acquisition,noise_sigma,acquisition,Batch_2,0.09366054147377474,0.09366054147377474,4,de199d6c8d69,370d083
acquisition,curtaining_score,acquisition,Batch_2,0.08781343337641474,0.08781343337641474,5,de199d6c8d69,370d083
acquisition,sharpness,acquisition,Batch_2,-0.02779104586819999,0.02779104586819999,6,de199d6c8d69,370d083
acquisition,sharpness,acquisition,Batch_3,-0.9027739438920233,0.9027739438920233,1,de199d6c8d69,370d083
acquisition,noise_sigma,acquisition,Batch_3,-0.8188663998409677,0.8188663998409677,2,de199d6c8d69,370d083
acquisition,edge_charging_inlens,acquisition,Batch_3,0.6532985721670059,0.6532985721670059,3,de199d6c8d69,370d083
acquisition,curtaining_score,acquisition,Batch_3,0.5584886319827129,0.5584886319827129,4,de199d6c8d69,370d083
acquisition,hstripe_score,acquisition,Batch_3,0.31586062592619063,0.31586062592619063,5,de199d6c8d69,370d083
acquisition,mean_grey,acquisition,Batch_3,-0.04661758607947945,0.04661758607947945,6,de199d6c8d69,370d083
material,F01_c0_area_fraction,material,Batch_1,-1.2426836822487737,1.2426836822487737,1,de199d6c8d69,370d083
material,F06_c2_clark_evans_R,material,Batch_1,0.8560968712971679,0.8560968712971679,2,de199d6c8d69,370d083
material,F08_c0_local_thickness_median_px,material,Batch_1,0.5075391802944151,0.5075391802944151,3,de199d6c8d69,370d083
material,F03_c2_eqdiam_median_px,material,Batch_1,-0.4058636997319629,0.4058636997319629,4,de199d6c8d69,370d083
material,F09_c0_chord_anisotropy_h_over_v,material,Batch_1,0.4036976773121071,0.4036976773121071,5,de199d6c8d69,370d083
material,F07_c2_solidity_area_weighted_median,material,Batch_1,-0.3793737485185596,0.3793737485185596,6,de199d6c8d69,370d083
material,F05_c2_count_density_per_Mpx,material,Batch_1,-0.3474794624754471,0.3474794624754471,7,de199d6c8d69,370d083
material,F04_c2_eqdiam_p90_px,material,Batch_1,0.23767583314131469,0.23767583314131469,8,de199d6c8d69,370d083
material,F02_c2_area_fraction,material,Batch_1,-0.19197324208760716,0.19197324208760716,9,de199d6c8d69,370d083
material,F11_c2_perimeter_fraction_adjacent_c0,material,Batch_1,0.09270312208450911,0.09270312208450911,10,de199d6c8d69,370d083
material,F10_c0_fraction_iqr_512px,material,Batch_1,-0.008316033848610037,0.008316033848610037,11,de199d6c8d69,370d083
material,F06_c2_clark_evans_R,material,Batch_2,-1.0960451505958437,1.0960451505958437,1,de199d6c8d69,370d083
material,F04_c2_eqdiam_p90_px,material,Batch_2,-0.8275632208497208,0.8275632208497208,2,de199d6c8d69,370d083
material,F09_c0_chord_anisotropy_h_over_v,material,Batch_2,-0.48075185308751417,0.48075185308751417,3,de199d6c8d69,370d083
material,F02_c2_area_fraction,material,Batch_2,0.4595264627878864,0.4595264627878864,4,de199d6c8d69,370d083
material,F07_c2_solidity_area_weighted_median,material,Batch_2,0.40936701386420543,0.40936701386420543,5,de199d6c8d69,370d083
material,F10_c0_fraction_iqr_512px,material,Batch_2,-0.2508897727561864,0.2508897727561864,6,de199d6c8d69,370d083
material,F05_c2_count_density_per_Mpx,material,Batch_2,-0.2005866763691609,0.2005866763691609,7,de199d6c8d69,370d083
material,F11_c2_perimeter_fraction_adjacent_c0,material,Batch_2,0.17998025373827858,0.17998025373827858,8,de199d6c8d69,370d083
material,F03_c2_eqdiam_median_px,material,Batch_2,0.17810854931210168,0.17810854931210168,9,de199d6c8d69,370d083
material,F01_c0_area_fraction,material,Batch_2,0.14655220419471052,0.14655220419471052,10,de199d6c8d69,370d083
material,F08_c0_local_thickness_median_px,material,Batch_2,0.00036192243694261456,0.00036192243694261456,11,de199d6c8d69,370d083
material,F01_c0_area_fraction,material,Batch_3,1.0961314780540632,1.0961314780540632,1,de199d6c8d69,370d083
material,F04_c2_eqdiam_p90_px,material,Batch_3,0.5898873877084061,0.5898873877084061,2,de199d6c8d69,370d083
material,F05_c2_count_density_per_Mpx,material,Batch_3,0.548066138844608,0.548066138844608,3,de199d6c8d69,370d083
material,F08_c0_local_thickness_median_px,material,Batch_3,-0.5079011027313578,0.5079011027313578,4,de199d6c8d69,370d083
material,F11_c2_perimeter_fraction_adjacent_c0,material,Batch_3,-0.2726833758227877,0.2726833758227877,5,de199d6c8d69,370d083
material,F02_c2_area_fraction,material,Batch_3,-0.2675532207002791,0.2675532207002791,6,de199d6c8d69,370d083
material,F10_c0_fraction_iqr_512px,material,Batch_3,0.25920580660479636,0.25920580660479636,7,de199d6c8d69,370d083
material,F06_c2_clark_evans_R,material,Batch_3,0.2399482792986756,0.2399482792986756,8,de199d6c8d69,370d083
material,F03_c2_eqdiam_median_px,material,Batch_3,0.22775515041986122,0.22775515041986122,9,de199d6c8d69,370d083
material,F09_c0_chord_anisotropy_h_over_v,material,Batch_3,0.0770541757754071,0.0770541757754071,10,de199d6c8d69,370d083
material,F07_c2_solidity_area_weighted_median,material,Batch_3,-0.029993265345645885,0.029993265345645885,11,de199d6c8d69,370d083
material+acquisition,F06_c2_clark_evans_R,material,Batch_1,0.6666572386757138,0.6666572386757138,1,de199d6c8d69,370d083
material+acquisition,F01_c0_area_fraction,material,Batch_1,-0.6543318293403104,0.6543318293403104,2,de199d6c8d69,370d083
material+acquisition,sharpness,acquisition,Batch_1,0.5834773299413015,0.5834773299413015,3,de199d6c8d69,370d083
material+acquisition,noise_sigma,acquisition,Batch_1,0.4879209341810729,0.4879209341810729,4,de199d6c8d69,370d083
material+acquisition,curtaining_score,acquisition,Batch_1,-0.441881999205772,0.441881999205772,5,de199d6c8d69,370d083
material+acquisition,F07_c2_solidity_area_weighted_median,material,Batch_1,-0.39123863548177024,0.39123863548177024,6,de199d6c8d69,370d083
material+acquisition,mean_grey,acquisition,Batch_1,0.3867007669575867,0.3867007669575867,7,de199d6c8d69,370d083
material+acquisition,edge_charging_inlens,acquisition,Batch_1,0.3109774672732827,0.3109774672732827,8,de199d6c8d69,370d083
material+acquisition,hstripe_score,acquisition,Batch_1,-0.24270552130890655,0.24270552130890655,9,de199d6c8d69,370d083
material+acquisition,F09_c0_chord_anisotropy_h_over_v,material,Batch_1,0.24256757408812676,0.24256757408812676,10,de199d6c8d69,370d083
material+acquisition,F02_c2_area_fraction,material,Batch_1,-0.23717604138730472,0.23717604138730472,11,de199d6c8d69,370d083
material+acquisition,F11_c2_perimeter_fraction_adjacent_c0,material,Batch_1,-0.21562318575074624,0.21562318575074624,12,de199d6c8d69,370d083
material+acquisition,F10_c0_fraction_iqr_512px,material,Batch_1,-0.15170400196027092,0.15170400196027092,13,de199d6c8d69,370d083
material+acquisition,F04_c2_eqdiam_p90_px,material,Batch_1,0.13615732444805795,0.13615732444805795,14,de199d6c8d69,370d083
material+acquisition,F08_c0_local_thickness_median_px,material,Batch_1,0.12550892100497024,0.12550892100497024,15,de199d6c8d69,370d083
material+acquisition,F03_c2_eqdiam_median_px,material,Batch_1,0.09259002273463396,0.09259002273463396,16,de199d6c8d69,370d083
material+acquisition,F05_c2_count_density_per_Mpx,material,Batch_1,-0.07884913804471601,0.07884913804471601,17,de199d6c8d69,370d083
material+acquisition,edge_charging_inlens,acquisition,Batch_2,-0.9075149872102889,0.9075149872102889,1,de199d6c8d69,370d083
material+acquisition,F06_c2_clark_evans_R,material,Batch_2,-0.8306588588951513,0.8306588588951513,2,de199d6c8d69,370d083
material+acquisition,F04_c2_eqdiam_p90_px,material,Batch_2,-0.6365147287723197,0.6365147287723197,3,de199d6c8d69,370d083
material+acquisition,F07_c2_solidity_area_weighted_median,material,Batch_2,0.5400280994400738,0.5400280994400738,4,de199d6c8d69,370d083
material+acquisition,F02_c2_area_fraction,material,Batch_2,0.5289749033575357,0.5289749033575357,5,de199d6c8d69,370d083
material+acquisition,mean_grey,acquisition,Batch_2,-0.37171885252839726,0.37171885252839726,6,de199d6c8d69,370d083
material+acquisition,F11_c2_perimeter_fraction_adjacent_c0,material,Batch_2,0.25651435620798807,0.25651435620798807,7,de199d6c8d69,370d083
material+acquisition,F09_c0_chord_anisotropy_h_over_v,material,Batch_2,-0.223968230323005,0.223968230323005,8,de199d6c8d69,370d083
material+acquisition,noise_sigma,acquisition,Batch_2,0.2038372928391779,0.2038372928391779,9,de199d6c8d69,370d083
material+acquisition,F01_c0_area_fraction,material,Batch_2,0.17850750135488358,0.17850750135488358,10,de199d6c8d69,370d083
material+acquisition,F03_c2_eqdiam_median_px,material,Batch_2,-0.1669790758219213,0.1669790758219213,11,de199d6c8d69,370d083
material+acquisition,sharpness,acquisition,Batch_2,0.1648356182554591,0.1648356182554591,12,de199d6c8d69,370d083
material+acquisition,F08_c0_local_thickness_median_px,material,Batch_2,0.07746532653954606,0.07746532653954606,13,de199d6c8d69,370d083
material+acquisition,F10_c0_fraction_iqr_512px,material,Batch_2,-0.0742859324282067,0.0742859324282067,14,de199d6c8d69,370d083
material+acquisition,hstripe_score,acquisition,Batch_2,-0.054640588723212036,0.054640588723212036,15,de199d6c8d69,370d083
material+acquisition,F05_c2_count_density_per_Mpx,material,Batch_2,0.02196372996649791,0.02196372996649791,16,de199d6c8d69,370d083
material+acquisition,curtaining_score,acquisition,Batch_2,-0.010136645441984667,0.010136645441984667,17,de199d6c8d69,370d083
material+acquisition,sharpness,acquisition,Batch_3,-0.7483129481967606,0.7483129481967606,1,de199d6c8d69,370d083
material+acquisition,noise_sigma,acquisition,Batch_3,-0.6917582270202509,0.6917582270202509,2,de199d6c8d69,370d083
material+acquisition,edge_charging_inlens,acquisition,Batch_3,0.596537519937006,0.596537519937006,3,de199d6c8d69,370d083
material+acquisition,F04_c2_eqdiam_p90_px,material,Batch_3,0.5003574043242617,0.5003574043242617,4,de199d6c8d69,370d083
material+acquisition,F01_c0_area_fraction,material,Batch_3,0.47582432798542684,0.47582432798542684,5,de199d6c8d69,370d083
material+acquisition,curtaining_score,acquisition,Batch_3,0.4520186446477566,0.4520186446477566,6,de199d6c8d69,370d083
material+acquisition,hstripe_score,acquisition,Batch_3,0.2973461100321186,0.2973461100321186,7,de199d6c8d69,370d083
material+acquisition,F02_c2_area_fraction,material,Batch_3,-0.2917988619702311,0.2917988619702311,8,de199d6c8d69,370d083
material+acquisition,F10_c0_fraction_iqr_512px,material,Batch_3,0.2259899343884777,0.2259899343884777,9,de199d6c8d69,370d083
material+acquisition,F08_c0_local_thickness_median_px,material,Batch_3,-0.20297424754451637,0.20297424754451637,10,de199d6c8d69,370d083
material+acquisition,F06_c2_clark_evans_R,material,Batch_3,0.16400162021943765,0.16400162021943765,11,de199d6c8d69,370d083
material+acquisition,F07_c2_solidity_area_weighted_median,material,Batch_3,-0.14878946395830359,0.14878946395830359,12,de199d6c8d69,370d083
material+acquisition,F03_c2_eqdiam_median_px,material,Batch_3,0.07438905308728744,0.07438905308728744,13,de199d6c8d69,370d083
material+acquisition,F05_c2_count_density_per_Mpx,material,Batch_3,0.056885408078218076,0.056885408078218076,14,de199d6c8d69,370d083
material+acquisition,F11_c2_perimeter_fraction_adjacent_c0,material,Batch_3,-0.04089117045724179,0.04089117045724179,15,de199d6c8d69,370d083
material+acquisition,F09_c0_chord_anisotropy_h_over_v,material,Batch_3,-0.01859934376512172,0.01859934376512172,16,de199d6c8d69,370d083
material+acquisition,mean_grey,acquisition,Batch_3,-0.014981914429189535,0.014981914429189535,17,de199d6c8d69,370d083
