sample_id,batch,family,n_features,d_Batch_1,p_Batch_1,n_ref_Batch_1,d_Batch_2,p_Batch_2,n_ref_Batch_2,d_Batch_3,p_Batch_3,n_ref_Batch_3,nearest_batch,in_distribution_of,matches_none,in_reference,config_hash,git_sha
4ih2ggld,Batch_1,material,11,12.908267626109009,0.0,6,5.541289426516034,0.0,7,3.12135823223218,0.058823529411764705,17,Batch_3,Batch_3,False,True,de199d6c8d69,370d083
5n1q8atc,Batch_1,material,11,11.595949851280702,0.16666666666666666,6,5.155576475830383,0.0,7,2.9616490711285413,0.058823529411764705,17,Batch_3,Batch_1|Batch_3,False,True,de199d6c8d69,370d083
f1vzngrs,Batch_1,material,11,2.4919952276359347,0.5,6,3.815450120578985,0.0,7,2.263174187240418,0.058823529411764705,17,Batch_3,Batch_1|Batch_3,False,True,de199d6c8d69,370d083
ffwubibz,Batch_1,material,11,1.4609124702648915,0.8333333333333334,6,2.636145967968912,0.14285714285714285,7,1.3444483025067597,0.47058823529411764,17,Batch_3,Batch_1|Batch_2|Batch_3,False,True,de199d6c8d69,370d083
fzrt2k6r,Batch_1,material,11,1.8949921185026382,0.6666666666666666,6,0.8611012597288439,1.0,7,0.8426019151179058,0.7647058823529411,17,Batch_3,Batch_1|Batch_2|Batch_3,False,True,de199d6c8d69,370d083
iv6g2oq0,Batch_1,material,11,0.898589955088628,1.0,6,1.5458159304369978,0.7142857142857143,7,1.0274587966246616,0.7647058823529411,17,Batch_1,Batch_1|Batch_2|Batch_3,False,True,de199d6c8d69,370d083
uhdslk0o,Batch_1,material,11,2.8468196305932367,0.3333333333333333,6,1.5699471851516438,0.7142857142857143,7,1.500381541079879,0.29411764705882354,17,Batch_3,Batch_1|Batch_2|Batch_3,False,True,de199d6c8d69,370d083
3806gxp0,Batch_2,material,11,1.0500898845342892,0.8571428571428571,7,1.6067253350251511,0.6666666666666666,6,1.023628086005265,0.7647058823529411,17,Batch_3,Batch_1|Batch_2|Batch_3,False,True,de199d6c8d69,370d083
avn74qx1,Batch_2,material,11,1.2433553040254162,0.8571428571428571,7,3.607930008201965,0.0,6,1.408084724021174,0.4117647058823529,17,Batch_1,Batch_1|Batch_3,False,True,de199d6c8d69,370d083
b3esycq1,Batch_2,material,11,0.6396747584368252,1.0,7,1.2829512114627988,0.8333333333333334,6,0.7602527870654302,0.8235294117647058,17,Batch_1,Batch_1|Batch_2|Batch_3,False,True,de199d6c8d69,370d083
epqdaau9,Batch_2,material,11,1.072883492120161,0.8571428571428571,7,1.1835139481144485,1.0,6,0.9037730320195585,0.7647058823529411,17,Batch_3,Batch_1|Batch_2|Batch_3,False,True,de199d6c8d69,370d083
i9jiqjwl,Batch_2,material,11,1.5729045792844965,0.7142857142857143,7,1.626864910095725,0.5,6,1.7118419541513408,0.29411764705882354,17,Batch_1,Batch_1|Batch_2|Batch_3,False,True,de199d6c8d69,370d083
r17byphk,Batch_2,material,11,2.108857392558131,0.5714285714285714,7,2.4078144191165745,0.16666666666666666,6,1.4227202312165879,0.4117647058823529,17,Batch_3,Batch_1|Batch_2|Batch_3,False,True,de199d6c8d69,370d083
rxax5ozo,Batch_2,material,11,1.4555600522725443,0.8571428571428571,7,2.324413548705201,0.3333333333333333,6,0.8848160293576014,0.7647058823529411,17,Batch_3,Batch_1|Batch_2|Batch_3,False,True,de199d6c8d69,370d083
0grcilhi,Batch_3,material,11,5.138556233511842,0.2857142857142857,7,3.089714645907784,0.14285714285714285,7,2.15846059160032,0.0625,16,Batch_3,Batch_1|Batch_2|Batch_3,False,True,de199d6c8d69,370d083
71vgq3fw,Batch_3,material,11,0.7982459621850388,1.0,7,1.8841484388624634,0.42857142857142855,7,1.0699164338409635,0.6875,16,Batch_1,Batch_1|Batch_2|Batch_3,False,True,de199d6c8d69,370d083
9luzk4jm,Batch_3,material,11,1.5615864465145406,0.7142857142857143,7,1.7354733386430026,0.42857142857142855,7,1.4722124947325692,0.3125,16,Batch_3,Batch_1|Batch_2|Batch_3,False,True,de199d6c8d69,370d083
cfe5vt7s,Batch_3,material,11,1.0550386570540684,0.8571428571428571,7,1.8381137619441565,0.42857142857142855,7,1.029891282254307,0.75,16,Batch_3,Batch_1|Batch_2|Batch_3,False,True,de199d6c8d69,370d083
hawkfj64,Batch_3,material,11,1.7389237963287676,0.7142857142857143,7,1.5254442756365822,0.7142857142857143,7,0.6980116438276025,0.9375,16,Batch_3,Batch_1|Batch_2|Batch_3,False,True,de199d6c8d69,370d083
hzumfsms,Batch_3,material,11,2.669900485336393,0.42857142857142855,7,4.000272618062491,0.0,7,3.5015548544761366,0.0,16,Batch_1,Batch_1,False,False,de199d6c8d69,370d083
kbdh4tri,Batch_3,material,11,1.7988766519555994,0.7142857142857143,7,2.02568681403357,0.42857142857142855,7,0.8132515166239215,0.8125,16,Batch_3,Batch_1|Batch_2|Batch_3,False,True,de199d6c8d69,370d083
mgxahqnk,Batch_3,material,11,1.5256455606001427,0.7142857142857143,7,1.9012367109310648,0.42857142857142855,7,1.1887473249981155,0.625,16,Batch_3,Batch_1|Batch_2|Batch_3,False,True,de199d6c8d69,370d083
pl8uabbv,Batch_3,material,11,1.3717978556060793,0.8571428571428571,7,2.192758412017404,0.42857142857142855,7,1.3825178696892022,0.4375,16,Batch_1,Batch_1|Batch_2|Batch_3,False,True,de199d6c8d69,370d083
ptg8lmto,Batch_3,material,11,1.5098079204898909,0.7142857142857143,7,1.3613481082763528,0.7142857142857143,7,1.4667042725112855,0.375,16,Batch_2,Batch_1|Batch_2|Batch_3,False,True,de199d6c8d69,370d083
tuy3zymq,Batch_3,material,11,6.203981267541472,0.2857142857142857,7,3.5716382702570595,0.14285714285714285,7,1.8234341399708316,0.125,16,Batch_3,Batch_1|Batch_2|Batch_3,False,True,de199d6c8d69,370d083
ufdvpb81,Batch_3,material,11,1.0794835870608182,0.8571428571428571,7,1.599787719192817,0.7142857142857143,7,1.1934518898911315,0.5625,16,Batch_1,Batch_1|Batch_2|Batch_3,False,True,de199d6c8d69,370d083
utfgcjfa,Batch_3,material,11,1.6766756668679692,0.7142857142857143,7,1.1647749997540635,1.0,7,0.7310639381686781,0.875,16,Batch_3,Batch_1|Batch_2|Batch_3,False,True,de199d6c8d69,370d083
vc2whyaq,Batch_3,material,11,0.9433424037040035,0.8571428571428571,7,1.621912933341336,0.5714285714285714,7,1.2393160542101826,0.5,16,Batch_1,Batch_1|Batch_2|Batch_3,False,True,de199d6c8d69,370d083
x77cy643,Batch_3,material,11,1.5598794395279172,0.7142857142857143,7,3.10332814965438,0.14285714285714285,7,1.7265299745646767,0.25,16,Batch_1,Batch_1|Batch_2|Batch_3,False,True,de199d6c8d69,370d083
x7u69zsw,Batch_3,material,11,0.5199816674232984,1.0,7,1.5139455963779176,0.7142857142857143,7,0.48023230415436313,1.0,16,Batch_3,Batch_1|Batch_2|Batch_3,False,True,de199d6c8d69,370d083
xgj4xftb,Batch_3,material,11,4.441279009437201,0.2857142857142857,7,2.998358674670011,0.14285714285714285,7,1.7420973070213297,0.1875,16,Batch_3,Batch_1|Batch_2|Batch_3,False,True,de199d6c8d69,370d083
4ih2ggld,Batch_1,acquisition,6,1.2551483648397916,0.5,6,4.799189523877508,0.2857142857142857,7,1.05627881045829,0.47058823529411764,17,Batch_3,Batch_1|Batch_2|Batch_3,False,True,de199d6c8d69,370d083
5n1q8atc,Batch_1,acquisition,6,2.1115864735630696,0.0,6,9.280224263638171,0.0,7,1.602622830040292,0.058823529411764705,17,Batch_3,Batch_3,False,True,de199d6c8d69,370d083
f1vzngrs,Batch_1,acquisition,6,1.6419890842983098,0.16666666666666666,6,2.041171000439766,0.2857142857142857,7,0.9854923496077943,0.5294117647058824,17,Batch_3,Batch_1|Batch_2|Batch_3,False,True,de199d6c8d69,370d083
ffwubibz,Batch_1,acquisition,6,1.205979854979569,0.6666666666666666,6,1.9767093343850004,0.42857142857142855,7,0.952386231188343,0.5294117647058824,17,Batch_3,Batch_1|Batch_2|Batch_3,False,True,de199d6c8d69,370d083
fzrt2k6r,Batch_1,acquisition,6,0.8911870562136898,0.8333333333333334,6,2.2193186902158852,0.2857142857142857,7,0.8692840016567224,0.5882352941176471,17,Batch_3,Batch_1|Batch_2|Batch_3,False,True,de199d6c8d69,370d083
iv6g2oq0,Batch_1,acquisition,6,1.5045443874313016,0.3333333333333333,6,2.4029364138301412,0.2857142857142857,7,1.0635649734831825,0.47058823529411764,17,Batch_3,Batch_1|Batch_2|Batch_3,False,True,de199d6c8d69,370d083
uhdslk0o,Batch_1,acquisition,6,0.6395515376955493,1.0,6,1.847284856974433,0.42857142857142855,7,0.816861050593737,0.6470588235294118,17,Batch_1,Batch_1|Batch_2|Batch_3,False,True,de199d6c8d69,370d083
3806gxp0,Batch_2,acquisition,6,2.045495695269511,0.14285714285714285,7,5.892533457701107,0.0,6,1.6397617849087323,0.058823529411764705,17,Batch_3,Batch_1|Batch_3,False,True,de199d6c8d69,370d083
avn74qx1,Batch_2,acquisition,6,1.7224567801615729,0.14285714285714285,7,1.3271101190152503,0.6666666666666666,6,1.313340830998903,0.29411764705882354,17,Batch_3,Batch_1|Batch_2|Batch_3,False,True,de199d6c8d69,370d083
b3esycq1,Batch_2,acquisition,6,1.1198652116165624,0.7142857142857143,7,1.4625894635290555,0.5,6,1.02823806976628,0.5294117647058824,17,Batch_3,Batch_1|Batch_2|Batch_3,False,True,de199d6c8d69,370d083
epqdaau9,Batch_2,acquisition,6,1.1606846116386846,0.7142857142857143,7,0.846364812548858,1.0,6,1.0268990211128846,0.5294117647058824,17,Batch_2,Batch_1|Batch_2|Batch_3,False,True,de199d6c8d69,370d083
i9jiqjwl,Batch_2,acquisition,6,0.4559932946571946,1.0,7,4.898124770746397,0.16666666666666666,6,0.9889394098825491,0.5294117647058824,17,Batch_1,Batch_1|Batch_2|Batch_3,False,True,de199d6c8d69,370d083
r17byphk,Batch_2,acquisition,6,0.9971352141088123,0.7142857142857143,7,1.3222738049698637,0.8333333333333334,6,0.7626155272707075,0.7058823529411765,17,Batch_3,Batch_1|Batch_2|Batch_3,False,True,de199d6c8d69,370d083
rxax5ozo,Batch_2,acquisition,6,2.260523489937345,0.0,7,2.006608194111901,0.3333333333333333,6,1.2688893631756948,0.29411764705882354,17,Batch_3,Batch_2|Batch_3,False,True,de199d6c8d69,370d083
0grcilhi,Batch_3,acquisition,6,2.6054861658358477,0.0,7,1.6651996432149503,0.42857142857142855,7,0.7451719255223958,0.75,16,Batch_3,Batch_2|Batch_3,False,True,de199d6c8d69,370d083
71vgq3fw,Batch_3,acquisition,6,4.656757328302038,0.0,7,3.2086646928943483,0.2857142857142857,7,1.3341284742744597,0.1875,16,Batch_3,Batch_2|Batch_3,False,True,de199d6c8d69,370d083
9luzk4jm,Batch_3,acquisition,6,4.320288995038324,0.0,7,3.6218327412090074,0.2857142857142857,7,1.0524015139953393,0.5,16,Batch_3,Batch_2|Batch_3,False,True,de199d6c8d69,370d083
cfe5vt7s,Batch_3,acquisition,6,0.9304376674174709,0.7142857142857143,7,1.018969738498286,0.8571428571428571,7,0.8788185165770539,0.5625,16,Batch_3,Batch_1|Batch_2|Batch_3,False,True,de199d6c8d69,370d083
hawkfj64,Batch_3,acquisition,6,2.92615906806981,0.0,7,8.432441191359363,0.0,7,1.54457941759009,0.0625,16,Batch_3,Batch_3,False,True,de199d6c8d69,370d083
hzumfsms,Batch_3,acquisition,6,4.459580202949734,0.0,7,7.165151651250422,0.0,7,1.3446950056684073,0.125,16,Batch_3,Batch_3,False,True,de199d6c8d69,370d083
kbdh4tri,Batch_3,acquisition,6,4.6346500511069,0.0,7,4.1199340072399515,0.2857142857142857,7,1.3277377875101652,0.25,16,Batch_3,Batch_2|Batch_3,False,True,de199d6c8d69,370d083
mgxahqnk,Batch_3,acquisition,6,2.3885354921870214,0.0,7,6.4144311368428575,0.0,7,0.8566611644006628,0.625,16,Batch_3,Batch_3,False,True,de199d6c8d69,370d083
pl8uabbv,Batch_3,acquisition,6,0.9568054746397421,0.7142857142857143,7,2.954585409420633,0.2857142857142857,7,1.1937082922273214,0.375,16,Batch_1,Batch_1|Batch_2|Batch_3,False,True,de199d6c8d69,370d083
ptg8lmto,Batch_3,acquisition,6,1.4839895453463452,0.42857142857142855,7,1.415811083953478,0.5714285714285714,7,0.46999351206532236,1.0,16,Batch_3,Batch_1|Batch_2|Batch_3,False,True,de199d6c8d69,370d083
tuy3zymq,Batch_3,acquisition,6,4.7232661634202815,0.0,7,3.948558379253354,0.2857142857142857,7,1.2527415219904858,0.3125,16,Batch_3,Batch_2|Batch_3,False,True,de199d6c8d69,370d083
ufdvpb81,Batch_3,acquisition,6,4.3221434575382816,0.0,7,5.686278475795592,0.14285714285714285,7,1.157796028765275,0.4375,16,Batch_3,Batch_2|Batch_3,False,True,de199d6c8d69,370d083
utfgcjfa,Batch_3,acquisition,6,1.5570504486648757,0.2857142857142857,7,1.0039829742306172,0.8571428571428571,7,0.6215510875109264,0.875,16,Batch_3,Batch_1|Batch_2|Batch_3,False,True,de199d6c8d69,370d083
vc2whyaq,Batch_3,acquisition,6,1.38091042410358,0.42857142857142855,7,1.7454567256373892,0.42857142857142855,7,0.6829681573461818,0.8125,16,Batch_3,Batch_1|Batch_2|Batch_3,False,True,de199d6c8d69,370d083
x77cy643,Batch_3,acquisition,6,1.5530048320318488,0.2857142857142857,7,2.1023684158539893,0.2857142857142857,7,0.766177944894491,0.6875,16,Batch_3,Batch_1|Batch_2|Batch_3,False,True,de199d6c8d69,370d083
x7u69zsw,Batch_3,acquisition,6,4.708356262683338,0.0,7,5.847032916237296,0.14285714285714285,7,1.657958748856816,0.0,16,Batch_3,Batch_2,False,False,de199d6c8d69,370d083
xgj4xftb,Batch_3,acquisition,6,1.5050816870294337,0.2857142857142857,7,1.5165099029835558,0.42857142857142855,7,0.6038997228242504,0.9375,16,Batch_3,Batch_1|Batch_2|Batch_3,False,True,de199d6c8d69,370d083
4ih2ggld,Batch_1,material+acquisition,17,10.410146319495942,0.0,6,5.2912696914444455,0.0,7,2.588049446133001,0.058823529411764705,17,Batch_3,Batch_3,False,True,de199d6c8d69,370d083
5n1q8atc,Batch_1,material+acquisition,17,9.411755375122782,0.16666666666666666,6,6.898913090352387,0.0,7,2.565557123739291,0.058823529411764705,17,Batch_3,Batch_1|Batch_3,False,True,de199d6c8d69,370d083
f1vzngrs,Batch_1,material+acquisition,17,2.2293128891035123,0.5,6,3.3000225504319154,0.14285714285714285,7,1.912323847274298,0.058823529411764705,17,Batch_3,Batch_1|Batch_2|Batch_3,False,True,de199d6c8d69,370d083
ffwubibz,Batch_1,material+acquisition,17,1.3763387529159385,0.8333333333333334,6,2.423975829387053,0.42857142857142855,7,1.220539678594225,0.4117647058823529,17,Batch_3,Batch_1|Batch_2|Batch_3,False,True,de199d6c8d69,370d083
fzrt2k6r,Batch_1,material+acquisition,17,1.6136592073340132,0.6666666666666666,6,1.489348492917031,0.7142857142857143,7,0.8521145295219809,0.9411764705882353,17,Batch_3,Batch_1|Batch_2|Batch_3,False,True,de199d6c8d69,370d083
iv6g2oq0,Batch_1,material+acquisition,17,1.149527418595654,1.0,6,1.893170951110487,0.7142857142857143,7,1.040345250478871,0.8235294117647058,17,Batch_3,Batch_1|Batch_2|Batch_3,False,True,de199d6c8d69,370d083
uhdslk0o,Batch_1,material+acquisition,17,2.3212871570931295,0.3333333333333333,6,1.673088793091522,0.7142857142857143,7,1.3008179398048476,0.4117647058823529,17,Batch_3,Batch_1|Batch_2|Batch_3,False,True,de199d6c8d69,370d083
3806gxp0,Batch_2,material+acquisition,17,1.4799422138522087,0.7142857142857143,7,3.731652627307057,0.0,6,1.2755361343494478,0.4117647058823529,17,Batch_3,Batch_1|Batch_3,False,True,de199d6c8d69,370d083
avn74qx1,Batch_2,material+acquisition,17,1.4308862060579373,0.7142857142857143,7,3.0074033747412168,0.3333333333333333,6,1.375391138387934,0.29411764705882354,17,Batch_3,Batch_1|Batch_2|Batch_3,False,True,de199d6c8d69,370d083
b3esycq1,Batch_2,material+acquisition,17,0.8410641129484987,1.0,7,1.3490870454167005,0.8333333333333334,6,0.8643756152257913,0.9411764705882353,17,Batch_1,Batch_1|Batch_2|Batch_3,False,True,de199d6c8d69,370d083
epqdaau9,Batch_2,material+acquisition,17,1.1046692736495587,1.0,7,1.0766439767307736,1.0,6,0.9490550168407362,0.9411764705882353,17,Batch_3,Batch_1|Batch_2|Batch_3,False,True,de199d6c8d69,370d083
i9jiqjwl,Batch_2,material+acquisition,17,1.2939200875294894,0.8571428571428571,7,3.1906420284353345,0.16666666666666666,6,1.4971038428055323,0.17647058823529413,17,Batch_1,Batch_1|Batch_2|Batch_3,False,True,de199d6c8d69,370d083
r17byphk,Batch_2,material+acquisition,17,1.796823117009129,0.5714285714285714,7,2.0900847314349758,0.6666666666666666,6,1.2308523128793858,0.4117647058823529,17,Batch_3,Batch_1|Batch_2|Batch_3,False,True,de199d6c8d69,370d083
rxax5ozo,Batch_2,material+acquisition,17,1.7816879705499247,0.5714285714285714,7,2.2174540311902153,0.5,6,1.0367475942119404,0.8235294117647058,17,Batch_3,Batch_1|Batch_2|Batch_3,False,True,de199d6c8d69,370d083
0grcilhi,Batch_3,material+acquisition,17,4.413773300881534,0.2857142857142857,7,2.6750155759314187,0.42857142857142855,7,1.7918140753721232,0.0625,16,Batch_3,Batch_1|Batch_2|Batch_3,False,True,de199d6c8d69,370d083
71vgq3fw,Batch_3,material+acquisition,17,2.8400651987727357,0.2857142857142857,7,2.435320288210774,0.42857142857142855,7,1.170000644661763,0.5625,16,Batch_3,Batch_1|Batch_2|Batch_3,False,True,de199d6c8d69,370d083
9luzk4jm,Batch_3,material+acquisition,17,2.857533454420114,0.2857142857142857,7,2.564882513446352,0.42857142857142855,7,1.3391568815110266,0.3125,16,Batch_3,Batch_1|Batch_2|Batch_3,False,True,de199d6c8d69,370d083
cfe5vt7s,Batch_3,material+acquisition,17,1.0128137208774188,1.0,7,1.59770202972131,0.7142857142857143,7,0.9792364521392278,0.9375,16,Batch_3,Batch_1|Batch_2|Batch_3,False,True,de199d6c8d69,370d083
hawkfj64,Batch_3,material+acquisition,17,2.2312863213548058,0.42857142857142855,7,5.15770793423728,0.0,7,1.0757699367967244,0.75,16,Batch_3,Batch_1|Batch_3,False,True,de199d6c8d69,370d083
hzumfsms,Batch_3,material+acquisition,17,3.4105303032264622,0.2857142857142857,7,5.336116567204621,0.0,7,2.9277473607011837,0.0,16,Batch_3,Batch_1,False,False,de199d6c8d69,370d083
kbdh4tri,Batch_3,material+acquisition,17,3.110470135410893,0.2857142857142857,7,2.940394282266137,0.42857142857142855,7,1.0247663755704495,0.875,16,Batch_3,Batch_1|Batch_2|Batch_3,False,True,de199d6c8d69,370d083
mgxahqnk,Batch_3,material+acquisition,17,1.8760745772049547,0.5714285714285714,7,4.106173774987428,0.0,7,1.0832286254022856,0.625,16,Batch_3,Batch_1|Batch_3,False,True,de199d6c8d69,370d083
pl8uabbv,Batch_3,material+acquisition,17,1.241275037562854,0.8571428571428571,7,2.488414728503597,0.42857142857142855,7,1.3189690533252116,0.375,16,Batch_1,Batch_1|Batch_2|Batch_3,False,True,de199d6c8d69,370d083
ptg8lmto,Batch_3,material+acquisition,17,1.5007462721768796,0.7142857142857143,7,1.380815648632801,0.7142857142857143,7,1.2124064320800045,0.4375,16,Batch_3,Batch_1|Batch_2|Batch_3,False,True,de199d6c8d69,370d083
tuy3zymq,Batch_3,material+acquisition,17,5.725272553240568,0.2857142857142857,7,3.7090452149833455,0.14285714285714285,7,1.6447814197071733,0.125,16,Batch_3,Batch_1|Batch_2|Batch_3,False,True,de199d6c8d69,370d083
ufdvpb81,Batch_3,material+acquisition,17,2.7105857557461466,0.2857142857142857,7,3.6149616028963907,0.14285714285714285,7,1.1809903972733,0.5,16,Batch_3,Batch_1|Batch_2|Batch_3,False,True,de199d6c8d69,370d083
utfgcjfa,Batch_3,material+acquisition,17,1.6354544396096866,0.5714285714285714,7,1.1106860539070806,0.8571428571428571,7,0.6943873230457852,1.0,16,Batch_3,Batch_1|Batch_2|Batch_3,False,True,de199d6c8d69,370d083
vc2whyaq,Batch_3,material+acquisition,17,1.1175162952693771,1.0,7,1.6665627233245792,0.7142857142857143,7,1.076312335166787,0.6875,16,Batch_3,Batch_1|Batch_2|Batch_3,False,True,de199d6c8d69,370d083
x77cy643,Batch_3,material+acquisition,17,1.5574565724163083,0.7142857142857143,7,2.7913397519585943,0.42857142857142855,7,1.4615087921739482,0.1875,16,Batch_3,Batch_1|Batch_2|Batch_3,False,True,de199d6c8d69,370d083
x7u69zsw,Batch_3,material+acquisition,17,2.8282805258268717,0.2857142857142857,7,3.680945430808963,0.14285714285714285,7,1.058017485759893,0.8125,16,Batch_3,Batch_1|Batch_2|Batch_3,False,True,de199d6c8d69,370d083
xgj4xftb,Batch_3,material+acquisition,17,3.682759331103678,0.2857142857142857,7,2.5746560692842873,0.42857142857142855,7,1.4465395330155,0.25,16,Batch_3,Batch_1|Batch_2|Batch_3,False,True,de199d6c8d69,370d083
