name,batch,sample_id,channel,bytes,n_pages,height,width,samples,dtype,compression,photometric,software,res_tag,nm_per_px_if_tag_true,channels_identical,mean,std,p01,p99,min,max,right_edge_rgb_differs,left_edge_rgb_differs,pixel_sha256,sha256,sha256_matches_inventory,config_hash,git_sha
img_4ih2ggld_BSE.tif,Batch_1,4ih2ggld,BSE,22923830,1,2316,6996,3,uint8,LZW,RGB,tifffile.py,25399944/25,25.000055118231757,True,57.38617422390885,24.361665423444723,0.0,116.0,0,213,False,False,43eeee2df2cead3f52083230ee58ba5c97ae3c1130e81324a5d6d18630d52534,a7fa8987f58071205743249f0b089912c3cdab5289d48aa4dc21e5b73aa21b09,True,1bec114301c3,bb277e7
img_4ih2ggld_ETD.tif,Batch_1,4ih2ggld,ETD,21761625,1,2316,6996,3,uint8,LZW,RGB,tifffile.py,25399944/25,25.000055118231757,True,79.09886324136862,38.74607948999198,0.0,197.0,0,255,False,False,7f3b7b97ae2e7b464797e9e52dae28e80cf3aab38cc90a5590c8ce9ab61f7251,297533fcdc52070bbf80c81ce61d6fa0b6956c8988310bc632926eef2cdcc2a1,True,1bec114301c3,bb277e7
img_4ih2ggld_Inlens.tif,Batch_1,4ih2ggld,Inlens,22312846,1,2316,6996,3,uint8,LZW,RGB,tifffile.py,25399944/25,25.000055118231757,True,96.65582744790757,48.68276475401474,0.0,255.0,0,255,False,False,ca2fda51ce30a5453b3f2a2b1a6ec09c5b8bf5a39bb9a6bb5632e5de38aad6b3,bcb9b0d7958dc1547db0915118f981d9cdc05ee8e7a63f1478693ed664b74dc1,True,1bec114301c3,bb277e7
img_5n1q8atc_BSE.tif,Batch_1,5n1q8atc,BSE,23227119,1,2316,7000,3,uint8,LZW,RGB,tifffile.py,25399944/25,25.000055118231757,True,59.715742659758206,23.416621818896644,0.0,119.0,0,241,False,False,6419ba651ba7e532bd3c5c09ae015d0dd69319fff2378b1b04383138c5247450,4b040a76c364ca75938060810d908518c31c8be58e634adab5db72ba9677dc9e,True,1bec114301c3,bb277e7
img_5n1q8atc_ETD.tif,Batch_1,5n1q8atc,ETD,22239952,1,2316,7000,3,uint8,LZW,RGB,tifffile.py,25399944/25,25.000055118231757,True,83.78500783370343,35.7593955532996,0.0,197.0,0,255,False,False,1541bfae4863ed5f4c846b936b82025a212ba42917c3a1e48e65440ca3cb84ed,3ea3c666893e311120dcbf0a505200d06c93ab684f6832a9732956fcac81977a,True,1bec114301c3,bb277e7
img_5n1q8atc_Inlens.tif,Batch_1,5n1q8atc,Inlens,22429065,1,2316,7000,3,uint8,LZW,RGB,tifffile.py,25399944/25,25.000055118231757,True,97.00803071798667,45.35939335365215,0.0,255.0,0,255,False,False,dd48b80bdcfcae472c8dcb37de0032ce72c3faa12e8738f8d5feb49de4055e06,75a2cd34be99d49774e1e38d94d876d62e12520f69bef03294e7c0741f064ef7,True,1bec114301c3,bb277e7
img_f1vzngrs_BSE.tif,Batch_1,f1vzngrs,BSE,21607155,1,2148,7000,3,uint8,LZW,RGB,tifffile.py,127001504/125,24.999703940513964,False,54.377433758978455,23.79601344584996,0.0,131.0,0,253,False,True,bb006c68c28d95cc99d7f254c484f8365b0e7bd664b072368f0ebd3bb3c8af5e,ae83f993b63bd5463501676b2666f79ef980d4571cffbb9b77c8e555c7313e8e,True,1bec114301c3,bb277e7
img_f1vzngrs_ETD.tif,Batch_1,f1vzngrs,ETD,20429105,1,2148,7000,3,uint8,LZW,RGB,tifffile.py,127001504/125,24.999703940513964,False,79.77761100026603,30.063133462515932,0.0,159.0,0,255,False,True,d3e724d3eea159f6ca3c9973e3a6653643ee8bd6594cd63bea81e6e9146041fb,3ce882983d16c4710b0e87915241de47b4dee9762a3a3321b70187557dc4aa9f,True,1bec114301c3,bb277e7
img_f1vzngrs_Inlens.tif,Batch_1,f1vzngrs,Inlens,19846795,1,2148,7000,3,uint8,LZW,RGB,tifffile.py,127001504/125,24.999703940513964,False,125.4860399707369,47.8572731125349,0.0,255.0,0,255,False,True,f2f6ffcde6a5b225cd156c1cb92c4bcb73420e75bf3c903d9046de9cda7c4e2e,d15fcdf666d15990c791d5bf15a8a1815bdfeaf74f19227aa5bace95620a9d8b,True,1bec114301c3,bb277e7
img_ffwubibz_BSE.tif,Batch_1,ffwubibz,BSE,20714661,1,2080,7000,3,uint8,LZW,RGB,tifffile.py,126998864/125,25.000223624047536,False,58.686490178571425,21.855991162836787,0.0,128.0,0,255,True,False,dd077a8da914929e961e48d3eea8f9a3574e967cba059a4d1b1503f53bc7afdd,73e0d186d84ec7518bdacfd542374dac379388644db09c53c39eed5d66942280,True,1bec114301c3,bb277e7
img_ffwubibz_ETD.tif,Batch_1,ffwubibz,ETD,19318620,1,2080,7000,3,uint8,LZW,RGB,tifffile.py,126998864/125,25.000223624047536,False,81.08263585164835,28.74848963108792,0.0,148.0,0,255,True,False,37b5380779a4121010d2d80a4c953c402f2e88b0d4200a46a0a2e2ee14bba0a9,30ee408fa65e8ac98038a15e67efd918790f914f4146b8f5f20e9addf472050a,True,1bec114301c3,bb277e7
img_ffwubibz_Inlens.tif,Batch_1,ffwubibz,Inlens,19488396,1,2080,7000,3,uint8,LZW,RGB,tifffile.py,126998864/125,25.000223624047536,False,114.74645796703297,42.691961091634184,6.0,255.0,0,255,True,False,e8a82a3da7c4c4f6f3c7bac846ace05f7f25712c21499f9464c04d7784042214,a43622998ad7fbec755a45ff05d6450a83141d0e61edcd43b2dce5693b50efa6,True,1bec114301c3,bb277e7
img_fzrt2k6r_BSE.tif,Batch_1,fzrt2k6r,BSE,21351173,1,2156,7000,3,uint8,LZW,RGB,tifffile.py,126997984/125,25.00039685669341,False,61.581756360985956,23.676511703278244,0.0,131.0,0,210,False,True,e28fb69c635888580d0195885da70b838a635f4b3eafecd677c54c6eb2668a9f,9fa0f4c9a5cb019fde2f081618788453afb96f86532d4b0ca0a83783edf1ec3a,True,1bec114301c3,bb277e7
img_fzrt2k6r_ETD.tif,Batch_1,fzrt2k6r,ETD,20387620,1,2156,7000,3,uint8,LZW,RGB,tifffile.py,126997984/125,25.00039685669341,False,82.45688106281473,33.600989837253834,0.0,172.0,0,255,False,True,56e1014cb5dffdda61d7e013af49f7b676a6a80a115269fdac8b75451174723c,35b29b950a2b1379650ca9ae813919500cc264f5c27d73f9384ed8e1df32d68a,True,1bec114301c3,bb277e7
img_fzrt2k6r_Inlens.tif,Batch_1,fzrt2k6r,Inlens,19687598,1,2156,7000,3,uint8,LZW,RGB,tifffile.py,126997984/125,25.00039685669341,False,144.18745971375563,48.830218975285156,4.0,255.0,0,255,False,True,a9569d47f6010abc19a2f514949a7d62ff3bab44c64d302a9e314d78ec9b9627,53ce1e8d9e30a31e80414f511e016ac4c8aebad4decc697758889797b583df6e,True,1bec114301c3,bb277e7
img_iv6g2oq0_BSE.tif,Batch_1,iv6g2oq0,BSE,17508519,1,1780,6960,3,uint8,LZW,RGB,tifffile.py,25399552/25,25.000440952659325,True,57.28739425933101,25.050826403019624,0.0,135.0,0,224,False,False,d37e7ded4ddb77a6b3aab9090f7615975fcd4d7da14b845cde30246ee7290aa0,1d3a4a5dc4a518646c7f47e672f51e55e47b96a9e2196391de2e821b0d99f65f,True,1bec114301c3,bb277e7
img_iv6g2oq0_ETD.tif,Batch_1,iv6g2oq0,ETD,16168800,1,1780,6960,3,uint8,LZW,RGB,tifffile.py,25399552/25,25.000440952659325,True,74.46198292005683,30.909779440170755,0.0,148.0,0,255,False,False,4b448f1cc0021dd0af5090afb1c18169b675575c6bdea57be4d52547e04723aa,431ac0c2311878298f80d10434ba8ba62f1411ebc9c399eb8c2a0ae7934881fd,True,1bec114301c3,bb277e7
img_iv6g2oq0_Inlens.tif,Batch_1,iv6g2oq0,Inlens,16290695,1,1780,6960,3,uint8,LZW,RGB,tifffile.py,25399552/25,25.000440952659325,True,106.38331315381635,45.48216974753071,0.0,245.0,0,255,False,False,65335ebc041ca26cad3e82e0dda4396f4c1227ee12073e2c1fbfa481d07a9cf4,035c9eb14f6df135fa5025fa344acb2f43844233038cfdd099ca19a162e88836,True,1bec114301c3,bb277e7
img_uhdslk0o_BSE.tif,Batch_1,uhdslk0o,BSE,18728165,1,1880,7000,3,uint8,LZW,RGB,tifffile.py,127000848/125,24.99983307198075,False,60.171590349544076,24.04183969807745,0.0,133.0,0,238,True,False,03a720c613cdfb38661215247238c938aac1d59e543b3d1e9f0b55a52a46f347,dee7514f2b2453610fefe7158ea59f2e715fa2f39e3b9cf357625d238f2b113f,True,1bec114301c3,bb277e7
img_uhdslk0o_ETD.tif,Batch_1,uhdslk0o,ETD,17645626,1,1880,7000,3,uint8,LZW,RGB,tifffile.py,127000848/125,24.99983307198075,False,79.08381306990881,30.85545377480208,0.0,154.0,0,255,True,False,bc32c7c12eeb3f732da4fd4887d761290f6e67085b02339b5cb54f630d4d2b2b,95ead8f91b6e3a265a294b207c411a3e49f3a1191205e66aca32e742d700905f,True,1bec114301c3,bb277e7
img_uhdslk0o_Inlens.tif,Batch_1,uhdslk0o,Inlens,17022090,1,1880,7000,3,uint8,LZW,RGB,tifffile.py,127000848/125,24.99983307198075,False,135.67442218844985,50.171169128321175,2.0,255.0,0,255,True,False,bc2bbacd8390830d436d8f67f67ee10ebd0c650d3942b5e3742db87859a640e8,5016888d9f20c1f105a5edc3969ce0bfe6633ed2f57018247afa0c8c5ad06716,True,1bec114301c3,bb277e7
img_3806gxp0_BSE.tif,Batch_2,3806gxp0,BSE,19614589,1,2048,7000,3,uint8,LZW,RGB,tifffile.py,127001488/125,24.999707090046062,True,51.109049037388395,23.32101624131909,0.0,127.0,0,241,False,False,87674c69bf2ce6e27bb284e38fc0d7fe066ba7fed81de0f423fbc369a15c4e37,806d025a34c813c44a6626c882c5358456304dd58d978aa474b42e55f7bfce20,True,1bec114301c3,bb277e7
img_3806gxp0_ETD.tif,Batch_2,3806gxp0,ETD,18252278,1,2048,7000,3,uint8,LZW,RGB,tifffile.py,127001488/125,24.999707090046062,True,75.48219928850446,32.65560627934695,0.0,158.0,0,255,False,False,12d4cae69c59fd9fc861a10bd43e50f49ca6ffb7398c75a5f9377843bb038010,8d11855c77e82d59aac88cf847d4e2e5d6026c4128acfe504c659ae012eacc45,True,1bec114301c3,bb277e7
img_3806gxp0_Inlens.tif,Batch_2,3806gxp0,Inlens,19547258,1,2048,7000,3,uint8,LZW,RGB,tifffile.py,127001488/125,24.999707090046062,True,110.13894224330357,53.7804355562918,7.0,255.0,0,255,False,False,0dacca7430adbf8e489dd7530289ac357f4764991e030a4e8a6e46ad944208b2,446eee0eb9055c046e4d6617dd33b5565fc43ca570df60d802b9f614bcada518,True,1bec114301c3,bb277e7
img_avn74qx1_BSE.tif,Batch_2,avn74qx1,BSE,19495621,1,2048,7000,3,uint8,LZW,RGB,tifffile.py,127001488/125,24.999707090046062,False,49.576155552455354,22.225334909856088,0.0,123.0,0,208,True,False,97f18a6724386c689f5c00babdd6cf557c49dd45565e1f77933c7394fb14d008,e1113d827cf083c93edd1e67765777398408899461f99e31130710833c2b35de,True,1bec114301c3,bb277e7
img_avn74qx1_ETD.tif,Batch_2,avn74qx1,ETD,17998912,1,2048,7000,3,uint8,LZW,RGB,tifffile.py,127001488/125,24.999707090046062,False,71.72047530691964,29.363175334468583,0.0,145.0,0,255,True,False,564f61c29d3f6840a6d9454b215efaefee50dbb4bb6f9bfe2fa8ee985df9511e,b4156dced55a2a7998d7212deff27d213a5a4dced55ae940bd63b37b479074c6,True,1bec114301c3,bb277e7
img_avn74qx1_Inlens.tif,Batch_2,avn74qx1,Inlens,19357983,1,2048,7000,3,uint8,LZW,RGB,tifffile.py,127001488/125,24.999707090046062,False,106.39861272321428,52.88322346581883,0.0,255.0,0,255,True,False,7b7cd96d0c8f29c679cc8e54b9096af847cf1f0567de93f826c3b25a54aed317,05af6d555e6d7efe1602f863edadedbc415a54d72da0acfa28c88e447e4ba310,True,1bec114301c3,bb277e7
img_b3esycq1_BSE.tif,Batch_2,b3esycq1,BSE,21388410,1,2156,7000,3,uint8,LZW,RGB,tifffile.py,126997984/125,25.00039685669341,True,63.058190365756694,24.61735247846738,0.0,134.0,0,213,False,False,40ed22c0a65e5db8debaae242348c748e51d232095c03656f308460982e66de1,01e83352c90c1a77bf2e8d216651d2b1cb747257b22b4cbc2e8c7c4ccaa485d5,True,1bec114301c3,bb277e7
img_b3esycq1_ETD.tif,Batch_2,b3esycq1,ETD,20223793,1,2156,7000,3,uint8,LZW,RGB,tifffile.py,126997984/125,25.00039685669341,True,80.73114729658097,33.549128128365815,0.0,169.0,0,255,False,False,47b94844444929ba89ba55ee569e77f1c644f85eead546c03647b8f6147bea7a,d01394a58d801249909c8401349efdfda8b8b018c0d1b6349468335273048f77,True,1bec114301c3,bb277e7
img_b3esycq1_Inlens.tif,Batch_2,b3esycq1,Inlens,19414413,1,2156,7000,3,uint8,LZW,RGB,tifffile.py,126997984/125,25.00039685669341,True,146.74809534852903,49.59244298268279,2.0,255.0,0,255,False,False,1af87890221acac0638841d090c0b28f46ff9c007bb51c4cc569eb5961e58a9d,c078f946f4951d34fccfbd081f2f08250678d0b4c049bd2d4a3b4fb3c48b325b,True,1bec114301c3,bb277e7
img_epqdaau9_BSE.tif,Batch_2,epqdaau9,BSE,21470293,1,2148,7000,3,uint8,LZW,RGB,tifffile.py,127001504/125,24.999703940513964,True,53.8009872971535,25.72095158132712,0.0,133.0,0,255,False,False,d9c7c5eaa26ab6e24c2a65c58e37b1a8cea9458c8241195ce9bf8e4c19953903,7e7bcdf0bdaf9d1eb3d148d514c21deb06ae4c634b979a3323c2147998ee00d2,True,1bec114301c3,bb277e7
img_epqdaau9_ETD.tif,Batch_2,epqdaau9,ETD,20351092,1,2148,7000,3,uint8,LZW,RGB,tifffile.py,127001504/125,24.999703940513964,True,78.6516959962756,33.688490330026774,0.0,175.0,0,255,False,False,430ef802336d38c3a89a01c05a7c9ec18e3d9597ddb6b90b559935b890bd6467,9a2876f3a36c3b5fbf453314d5390292364d30706b2a40c6925870ae692e2f37,True,1bec114301c3,bb277e7
img_epqdaau9_Inlens.tif,Batch_2,epqdaau9,Inlens,19743897,1,2148,7000,3,uint8,LZW,RGB,tifffile.py,127001504/125,24.999703940513964,True,126.74271169193935,51.98581609765237,0.0,255.0,0,255,False,False,2cab53e62b6e920466b19ff080a28f579ed48a93d00d32b0d6d0385f7d780d7d,1fac9e7e5f0f568743b011b6e918654679f2b4ecf6f478ed34bea3b4df7a46d5,True,1bec114301c3,bb277e7
img_i9jiqjwl_BSE.tif,Batch_2,i9jiqjwl,BSE,22407477,1,2272,7000,3,uint8,LZW,RGB,tifffile.py,126998952/125,25.000206300914986,False,56.496378458249495,22.9469097887109,0.0,127.0,0,225,False,True,71a4588fb8cab3089ffed689c5f2ad832c6d388c2af7b51fe14534cb3038e11c,9636159933edf7b2f5bdf709c6472a3124e44ec710b80296283d9a8e65c96f60,True,1bec114301c3,bb277e7
img_i9jiqjwl_ETD.tif,Batch_2,i9jiqjwl,ETD,21349510,1,2272,7000,3,uint8,LZW,RGB,tifffile.py,126998952/125,25.000206300914986,False,79.87734337273642,33.546047704337205,0.0,183.0,0,255,False,True,87849ddaba8e4d8b3aec5c330f542b9cc6d5630fdb68dccbffd04623ff2c126d,bc959dfd434f532bd1fc8117703ce681e9e1c444037ef74ecb3f85ada65bfc35,True,1bec114301c3,bb277e7
img_i9jiqjwl_Inlens.tif,Batch_2,i9jiqjwl,Inlens,20919975,1,2272,7000,3,uint8,LZW,RGB,tifffile.py,126998952/125,25.000206300914986,False,144.25273421780685,43.74308523510283,10.0,255.0,0,255,False,True,2fe4defbc3a1bb235828010273b79e6dd4d31184ec2e614de1a61304bdef98f7,233f18713c99f4ba109f17298fe1e37348e03fe47391948c0be2daa1fe27636b,True,1bec114301c3,bb277e7
img_r17byphk_BSE.tif,Batch_2,r17byphk,BSE,20613031,1,2080,7000,3,uint8,LZW,RGB,tifffile.py,126998864/125,25.000223624047536,True,56.11100913461539,23.30837582574384,0.0,126.0,0,255,False,False,e113d4034b9b7bc811104940f1d249347a3927329313122c33469930713a896a,2071683d1b7591ef34e03aa2707081b923c51451ee7165323af93f253a904172,True,1bec114301c3,bb277e7
img_r17byphk_ETD.tif,Batch_2,r17byphk,ETD,19227760,1,2080,7000,3,uint8,LZW,RGB,tifffile.py,126998864/125,25.000223624047536,True,76.78487266483516,34.765890453839184,0.0,170.0,0,255,False,False,f79ec6edd59e0a2721da4ef7038ded6debbd5dd96566e76ab80d2921bd1df52b,8d808ef46b99b43fa9531f44254a35abc7f14c2f04db0f1379c6c5015136332f,True,1bec114301c3,bb277e7
img_r17byphk_Inlens.tif,Batch_2,r17byphk,Inlens,19291791,1,2080,7000,3,uint8,LZW,RGB,tifffile.py,126998864/125,25.000223624047536,True,108.84943598901098,54.72741290305081,2.0,255.0,0,255,False,False,56cc4cb1f73c2bca54d3a0ae62a96635b12b1b54037a91501eaa32e6d2442da6,9a36c53fa4536c92775ca04d1556da3025a2baebd1c16b672e1fa5ffac306e6d,True,1bec114301c3,bb277e7
img_rxax5ozo_BSE.tif,Batch_2,rxax5ozo,BSE,20495256,1,2068,7000,3,uint8,LZW,RGB,tifffile.py,127004056/125,24.999201600301646,True,56.319515681127385,22.721982547707956,0.0,130.0,0,255,False,False,c5b94046166d6d7c63a95bd5f1dda46cbb3c830c2eb2be7da5552de5ecb0ccbf,e1cffb1b6a62f7aa6a10a48cc52a8ef18833929a858c5c6692e5c5bd7558f2c9,True,1bec114301c3,bb277e7
img_rxax5ozo_Inlens.tif,Batch_2,rxax5ozo,Inlens,19507621,1,2068,7000,3,uint8,LZW,RGB,tifffile.py,127004056/125,24.999201600301646,True,115.27593485769549,61.97324158601693,13.0,255.0,0,255,False,False,81779d8657ea9b4616e9ba92ef3dc61ea00ba921e48bf98be137c1958e938d99,1560ac370f768db7d11fc824d81dfbc2b750dc7eb11eba3f7cee5e521190dfe1,True,1bec114301c3,bb277e7
img_rxax5ozo_SE.tif,Batch_2,rxax5ozo,SE,19293608,1,2068,7000,3,uint8,LZW,RGB,tifffile.py,127004056/125,24.999201600301646,True,73.60165943630837,31.31092795325297,0.0,158.0,0,255,False,False,e054428187196d50b6abe0a1fda8ee02108ed0c220de841dae60491f14574410,a5f3d99b7c16c00e589865d31c8a8ee0d06cc9f7e97291c29f9f6ae0fefc459e,True,1bec114301c3,bb277e7
img_0grcilhi_BSE.tif,Batch_3,0grcilhi,BSE,18004870,1,1904,7000,3,uint8,LZW,RGB,tifffile.py,126997216/125,25.000548043509866,False,55.645177971188474,24.056963284677703,0.0,129.0,0,197,True,False,25257770c1746a18f332b3d097a3ac90575dc231ae5ff6499e8ffb4d27e59212,17b8f934fbb4f6904fcf12c7624c58f017f62b5633c856ad159bf6bd2cd9b95a,True,1bec114301c3,bb277e7
img_0grcilhi_ETD.tif,Batch_3,0grcilhi,ETD,16454177,1,1904,7000,3,uint8,LZW,RGB,tifffile.py,126997216/125,25.000548043509866,False,66.08260706782713,34.51149434860486,0.0,159.0,0,255,True,False,3d9d6cfee5c010947961d064301af6fb527de5d8e096976405c7f1a5014e3cf9,8b1083c09b5369ab2e964cec1e5f4eff61bdb5864d570772a854a9ba091ccb98,True,1bec114301c3,bb277e7
img_0grcilhi_Inlens.tif,Batch_3,0grcilhi,Inlens,16098790,1,1904,7000,3,uint8,LZW,RGB,tifffile.py,126997216/125,25.000548043509866,False,108.56132037815127,62.63345355851907,0.0,255.0,0,255,True,False,614854f5c911250b4241aa2eb9731f761a3d047b75b39d14cf19029e887457c2,94eab6358b2110e804065e3fd4d3af80cfd2b57257c325c3cdcd776839bad89a,True,1bec114301c3,bb277e7
img_71vgq3fw_BSE.tif,Batch_3,71vgq3fw,BSE,19433078,1,2060,7000,3,uint8,LZW,RGB,tifffile.py,126999264/125,25.0001448827294,False,64.0308721220527,17.083643673703072,23.0,118.0,0,205,True,False,a2ef5245e2d91a73050d297d3a3e0e8fc5499667a599096f1b8b97d60e45c494,6e39035f9fec96c1b3728c7e4a482f9e3aa07802eb0afbb15c01deb01f1b7113,True,1bec114301c3,bb277e7
img_71vgq3fw_ETD.tif,Batch_3,71vgq3fw,ETD,17859719,1,2060,7000,3,uint8,LZW,RGB,tifffile.py,126999264/125,25.0001448827294,False,71.95306026352289,24.84827190297249,19.0,145.0,0,255,True,False,ec3c52c6e8b810007e8a29666353dda8ab2aa516a08d4b3ab9cd8214fad8933b,d33a99897dc39863f8385d22e8ee36cfd084f4666f74063a600629db85fb4341,True,1bec114301c3,bb277e7
img_71vgq3fw_Inlens.tif,Batch_3,71vgq3fw,Inlens,17091752,1,2060,7000,3,uint8,LZW,RGB,tifffile.py,126999264/125,25.0001448827294,False,64.92563155339806,38.70779155187942,18.0,193.0,0,255,True,False,05993cb59fb885086fe0000f71c3ecf36974244423c9583291ac3208d248d1cd,f754984ce9e2a2506aaa5aa902692d9c6a4319de960becf8608984995828d6d5,True,1bec114301c3,bb277e7
img_9luzk4jm_BSE.tif,Batch_3,9luzk4jm,BSE,15887639,1,2088,7000,3,uint8,LZW,RGB,tifffile.py,25399712/25,25.000283467781053,True,57.61272831143952,20.593711175361637,6.0,120.0,0,232,False,False,c36123370a6d28f2a4d60d645e3bad5f0d2f90bb7cc15351b9c1718ea9623b0f,4017bd17628b2d29634e767a623cebd9ec6e5996cee2d3aaa9e7265fc58482a7,True,1bec114301c3,bb277e7
img_9luzk4jm_ETD.tif,Batch_3,9luzk4jm,ETD,14146096,1,2088,7000,3,uint8,LZW,RGB,tifffile.py,25399712/25,25.000283467781053,True,77.17539313081555,35.470215300783366,0.0,169.0,0,255,False,False,29d308b114f89fef20303f5aad983816046dcc0b70eb6c94d890766bd01e64cd,2c45a0a4fc2f9df4af049d3b42a4f6ba366b48738f8389ef7d3f3c830b8fcc3f,True,1bec114301c3,bb277e7
img_9luzk4jm_Inlens.tif,Batch_3,9luzk4jm,Inlens,13004341,1,2088,7000,3,uint8,LZW,RGB,tifffile.py,25399712/25,25.000283467781053,True,126.79468137657362,43.55333746665747,22.0,255.0,0,255,False,False,842cc09a2a99470c7a4071d835bf78ff8600053f3cc0dc1ae28923378df0d41d,8b3980438c6e785b3e27fcd5b82f953134972084f4e3b43ab4fb733423249e36,True,1bec114301c3,bb277e7
img_cfe5vt7s_BSE.tif,Batch_3,cfe5vt7s,BSE,20743246,1,2080,7000,3,uint8,LZW,RGB,tifffile.py,126998864/125,25.000223624047536,True,58.756333516483515,24.09705191481875,0.0,133.0,0,255,False,False,d553d22c8415883313843ca1595278321199ed335ad037a7154fc65666450938,14f1a08a2d3eaf2b5687b0055b630e7a49eea96c093c260302938aa3e1640193,True,1bec114301c3,bb277e7
img_cfe5vt7s_ETD.tif,Batch_3,cfe5vt7s,ETD,19473449,1,2080,7000,3,uint8,LZW,RGB,tifffile.py,126998864/125,25.000223624047536,True,82.02723619505494,36.06293170865612,0.0,188.0,0,255,False,False,99efe6520372508ac11fe8f6f05b099e500ffa396dab68c9f724d454d6c13d8a,3d81cc9bb94178d0a85909b6431a3ec3541946683c4f855cbd616f97a6b5c2e9,True,1bec114301c3,bb277e7
img_cfe5vt7s_Inlens.tif,Batch_3,cfe5vt7s,Inlens,19315512,1,2080,7000,3,uint8,LZW,RGB,tifffile.py,126998864/125,25.000223624047536,True,111.07427774725275,53.02871478237154,8.0,255.0,0,255,False,False,6ee800e1f6de9af2e62dacdd9236aba193498436078ae3e5d3161a4c7798ea3c,b1d814fe9c3378d7a51df2b124450a5c1f535bdc5909ec2e57c71dfe4947cb0f,True,1bec114301c3,bb277e7
img_hawkfj64_BSE.tif,Batch_3,hawkfj64,BSE,18097151,1,1904,7000,3,uint8,LZW,RGB,tifffile.py,126997216/125,25.000548043509866,True,56.311620798319325,21.58136337836818,1.0,128.0,0,232,False,False,919a676cc3b130f09fe52767c03593c8f9134c561640113aaeb52526c1fa1288,7cc8fc9616c960e182c4b1de208909e8eed67c6a1b7454b2c7e0d34e4a569f34,True,1bec114301c3,bb277e7
img_hawkfj64_ETD.tif,Batch_3,hawkfj64,ETD,16777368,1,1904,7000,3,uint8,LZW,RGB,tifffile.py,126997216/125,25.000548043509866,True,71.26320483193277,31.806223495070395,0.0,161.0,0,255,False,False,a19ae935121182fad62faeb08cfe535b3910e1b05a08d44cee0fb2a563441d41,02b8b7e90833c6f7e9a68d68208f5689794544a1f669c745109aee4049c5fd46,True,1bec114301c3,bb277e7
img_hawkfj64_Inlens.tif,Batch_3,hawkfj64,Inlens,16016752,1,1904,7000,3,uint8,LZW,RGB,tifffile.py,126997216/125,25.000548043509866,True,110.41207232893157,63.717131415354,15.0,255.0,0,255,False,False,4a135f46a7fb0cf01628ffb53a8cc449ac6c238ed7c45f5b1667a4b2954833e4,82703f194028c2ffa93a762b982af10210129d387465e88810735b52806cab41,True,1bec114301c3,bb277e7
img_hzumfsms_BSE.tif,Batch_3,hzumfsms,BSE,15774171,1,2088,7000,3,uint8,LZW,RGB,tifffile.py,25399712/25,25.000283467781053,True,56.35887759989053,20.98973244541073,3.0,117.0,0,214,False,False,cfd80f329002b97b4598da5c6841df4ae892916286f22483146214bf6b0dab80,c06fe783ed9d03d847262839e62c99e76549b0c6a18b3d10045cab3b0e0873ef,True,1bec114301c3,bb277e7
img_hzumfsms_ETD.tif,Batch_3,hzumfsms,ETD,13846569,1,2088,7000,3,uint8,LZW,RGB,tifffile.py,25399712/25,25.000283467781053,True,71.57047235905857,34.72475839363948,0.0,160.0,0,255,False,False,28aa8cbc411cf5f40b013c4e7231ea76f15fefe12853b1abdc14175463d86121,e61e908cadbd7d77fc8ce5ef85cfd2bf9828ca1d5e6816a9cc24d50bdbf11e40,True,1bec114301c3,bb277e7
img_hzumfsms_Inlens.tif,Batch_3,hzumfsms,Inlens,12757369,1,2088,7000,3,uint8,LZW,RGB,tifffile.py,25399712/25,25.000283467781053,True,118.41524835796388,44.66814818573222,13.0,255.0,0,255,False,False,df5bff6264f39e934ae9859810bd954bc6586ab0d5a3027bb7caf3b6a7469577,0005f037c8460f8609992da953b6dabea393a1f3544fdbea257f0b95564169a7,True,1bec114301c3,bb277e7
img_kbdh4tri_BSE.tif,Batch_3,kbdh4tri,BSE,19439044,1,2060,7000,3,uint8,LZW,RGB,tifffile.py,126999264/125,25.0001448827294,True,64.3783278779473,16.905245377578222,24.0,118.0,15,177,False,False,efedc70bb45af117aa6b900f7ef97ce0a806c270e69d4bfbcf3ee49484870415,9fa862772440db2644c55dceda66a4aa38830275f2e984775bf28b50d4f95573,True,1bec114301c3,bb277e7
img_kbdh4tri_ETD.tif,Batch_3,kbdh4tri,ETD,17935721,1,2060,7000,3,uint8,LZW,RGB,tifffile.py,126999264/125,25.0001448827294,True,73.24050104022191,25.76262583609972,20.0,153.0,18,255,False,False,d9ca7c431705269c891a7b82a153e3ccf299fb74b05b5de11456165da1c1b774,81f1f6b8bc71959ddd0f772ae615e3e7f2c6cac9656f5ea1b888dee16fd437d8,True,1bec114301c3,bb277e7
img_kbdh4tri_Inlens.tif,Batch_3,kbdh4tri,Inlens,17235703,1,2060,7000,3,uint8,LZW,RGB,tifffile.py,126999264/125,25.0001448827294,True,68.03994306518724,40.82985411104324,23.0,199.0,5,255,False,False,6e7ccba34134598c3b2d45c26295efa70f0e1264cbc190d760344345e7759095,1c0f1f5b217b548ae25b38fe307a3e1469dc4b0365943eb95a3f3f233c3f94a3,True,1bec114301c3,bb277e7
img_mgxahqnk_BSE.tif,Batch_3,mgxahqnk,BSE,18139567,1,1904,7000,3,uint8,LZW,RGB,tifffile.py,126997216/125,25.000548043509866,True,58.278972914165664,23.431258501593636,1.0,133.0,0,217,False,False,f1ed908c07d27ac372a4a29e84a4c3bcb414b769b0381ca1bb0b6c749327b692,e13bcd2ac2f815bfed7903c60e4c8b42bd42287496daf7290c3ae04f5a4bd528,True,1bec114301c3,bb277e7
img_mgxahqnk_ETD.tif,Batch_3,mgxahqnk,ETD,16913549,1,1904,7000,3,uint8,LZW,RGB,tifffile.py,126997216/125,25.000548043509866,True,75.28361967286915,33.34155557654014,0.0,162.0,0,255,False,False,9f381840a0f98b22a5ce601cfbed30a3c1710bfe6e201805b1c0c2b45448e3b7,2c4eb0dfd48057e59701ff81ed48e900cab0fd5fc3cbc8e5010bef986e1d5191,True,1bec114301c3,bb277e7
img_mgxahqnk_Inlens.tif,Batch_3,mgxahqnk,Inlens,16246977,1,1904,7000,3,uint8,LZW,RGB,tifffile.py,126997216/125,25.000548043509866,True,115.08269185174069,62.934546895127404,14.0,255.0,0,255,False,False,00ce6913fd1b1614edaeb4ae8d9216f0b31bdd013fdc2c72dec23bbd8e841ab6,55ea0df3c2880409005a65edc30013404e8f2066fca453d81d2aebd896abee18,True,1bec114301c3,bb277e7
img_pl8uabbv_BSE.tif,Batch_3,pl8uabbv,BSE,22211875,1,2272,7000,3,uint8,LZW,RGB,tifffile.py,126998952/125,25.000206300914986,True,53.55530250251509,23.29685573540675,0.0,127.0,0,211,False,False,3342144036316f1cd8ded3ba9373327271bfa9db4424e2c6348c020f3f2d33ce,9d2977711be2306806e1e2e496278a18832f8a9d09bc9fb1fbe15a4f0ad1ef34,True,1bec114301c3,bb277e7
img_pl8uabbv_ETD.tif,Batch_3,pl8uabbv,ETD,21151111,1,2272,7000,3,uint8,LZW,RGB,tifffile.py,126998952/125,25.000206300914986,True,74.29206759305835,32.814243189751544,0.0,161.0,0,255,False,False,73c040a2029b43183d556c3d500657fc7fb687e1a92b70bded83754c8a8a2b06,93d979453d58e946a56efe866c8443da4994ce8d3d7dcefdf63ef413e4703892,True,1bec114301c3,bb277e7
img_pl8uabbv_Inlens.tif,Batch_3,pl8uabbv,Inlens,20761863,1,2272,7000,3,uint8,LZW,RGB,tifffile.py,126998952/125,25.000206300914986,True,137.2540802942656,49.33657186533007,4.0,255.0,0,255,False,False,e0b5e7a176e766200ff8b657d1b7aad7d1b83df1d5d7436f8992527feae41a88,a3fa1bce37994de14dd8706c3b276ec500f4a92de558ed0747df662529d03342,True,1bec114301c3,bb277e7
img_ptg8lmto_BSE.tif,Batch_3,ptg8lmto,BSE,16008571,1,1612,7000,3,uint8,LZW,RGB,tifffile.py,25400152/25,24.999850394596066,False,58.75616129032258,22.22681335635496,4.0,133.0,0,239,True,False,ecb39074be0c94dfa96ecd3491d0f0a9a207f3ec37bee67c7d05457137e41f04,fd390172b2dd51530e2dbc6825ffa7c41ad7c423ddb97a741c82f89d176a943d,True,1bec114301c3,bb277e7
img_ptg8lmto_ETD.tif,Batch_3,ptg8lmto,ETD,14812564,1,1612,7000,3,uint8,LZW,RGB,tifffile.py,25400152/25,24.999850394596066,False,70.81561937256292,31.692681065473074,2.0,165.0,0,255,True,False,5fdf2e1176f10a42052252bc77f56aa08624f8902f31ed6f1a3dbc018e49f6bc,1db2585b7c73ecce0bc361e9bb070f60328f93788b9126b4ace7e27e4d11e130,True,1bec114301c3,bb277e7
img_ptg8lmto_Inlens.tif,Batch_3,ptg8lmto,Inlens,14627042,1,1612,7000,3,uint8,LZW,RGB,tifffile.py,25400152/25,24.999850394596066,False,89.40059225451968,53.269300172739975,21.0,255.0,0,255,True,False,f4a0a595bda73eacfcc7fd871957d709eed01674c1d0c910653f7ee104eee858,fa3945a1675f28667784b6b051860ad16254c9080fa69feee70da228b3dc33bf,True,1bec114301c3,bb277e7
img_tuy3zymq_BSE.tif,Batch_3,tuy3zymq,BSE,19396225,1,2060,7000,3,uint8,LZW,RGB,tifffile.py,126999264/125,25.0001448827294,True,63.89561699029126,16.52991821133889,24.0,116.0,15,174,False,False,5eb40462d7c8b29753ce649b6fc06db98201ec3070118b10941f1950627a9823,8bae4640c792d627325f1616056a80afc19fb834d4cad62f12897d2399c0529b,True,1bec114301c3,bb277e7
img_tuy3zymq_ETD.tif,Batch_3,tuy3zymq,ETD,17946551,1,2060,7000,3,uint8,LZW,RGB,tifffile.py,126999264/125,25.0001448827294,True,73.45251622746186,26.502412845302022,19.0,155.0,18,255,False,False,1ff48a29feb060eaf819e5c8220ce6c1e20ef36f55f6c2ff37dc93e886e378dd,19c4acd6037c3dac51905ecbf6a70558aa831257d998e5675ac9f6393440d0ff,True,1bec114301c3,bb277e7
img_tuy3zymq_Inlens.tif,Batch_3,tuy3zymq,Inlens,17352580,1,2060,7000,3,uint8,LZW,RGB,tifffile.py,126999264/125,25.0001448827294,True,70.1312452149792,43.48424819710866,20.0,208.0,5,255,False,False,e50522b7a27b13e6ec38da356e7050a3d6c447cde182c04c6c567aadc99959cd,22413e6436c2319996134e8f439d85ba472ba530640b1d6f43694dd6b6bc765c,True,1bec114301c3,bb277e7
img_ufdvpb81_BSE.tif,Batch_3,ufdvpb81,BSE,15959588,1,2088,7000,3,uint8,LZW,RGB,tifffile.py,25399712/25,25.000283467781053,False,58.2163596743295,19.904171101296654,3.0,117.0,0,217,False,True,1d994f290416a4a7df045d8bc227823b1caad50f7c9b1bf6fae37753412e11da,cef47de25c068b0f7ba255da3c28ccd9d100ad22069186bc5542c54aee8d2362,True,1bec114301c3,bb277e7
img_ufdvpb81_ETD.tif,Batch_3,ufdvpb81,ETD,13988736,1,2088,7000,3,uint8,LZW,RGB,tifffile.py,25399712/25,25.000283467781053,False,79.97223104816639,32.984680638759855,0.0,163.0,0,255,False,True,86f15365a78dbf2529d46da0954aeb12d64a6d109163bec864b10321cdb271e6,c9eda07cd9d2c0174227b1f6cec8eeb66ffe196d5092cf8b1d115805d5dd5b56,True,1bec114301c3,bb277e7
img_ufdvpb81_Inlens.tif,Batch_3,ufdvpb81,Inlens,12760124,1,2088,7000,3,uint8,LZW,RGB,tifffile.py,25399712/25,25.000283467781053,False,126.66934790640394,40.22928734736082,13.0,255.0,0,255,False,True,78c4f33aba40ffcdeabfe0fbc2a228228ef0059e0c07321af38b920c93c69f3e,e95a8efcc6c997884159bbd9a83d24bdba1e7e71c3aa8591f2ab2e17b9777479,True,1bec114301c3,bb277e7
img_utfgcjfa_BSE.tif,Batch_3,utfgcjfa,BSE,20469746,1,2068,6996,3,uint8,LZW,RGB,tifffile.py,127004056/125,24.999201600301646,True,55.25304546781637,23.238912881003625,0.0,131.0,0,227,False,False,700178abe051e31d9b82ceff6f53ecc9cbe3a8d3d70d0217e922638057b7d397,4e62e17fbfa089f410ac8e4026c0878ae7f27c54d231a350dd958b40c96002dd,True,1bec114301c3,bb277e7
img_utfgcjfa_Inlens.tif,Batch_3,utfgcjfa,Inlens,19525834,1,2068,6996,3,uint8,LZW,RGB,tifffile.py,127004056/125,24.999201600301646,True,112.67769956692578,63.78816545476504,13.0,255.0,0,255,False,False,b736e3394a507539750fc06a70fd233f806210ae124a7ea9d43191de44ebdf6d,7d2e91e4d10fae1e9e662298c154b3c816fce4e39a361b98a3027103a72a8aea,True,1bec114301c3,bb277e7
img_utfgcjfa_SE.tif,Batch_3,utfgcjfa,SE,19284280,1,2068,6996,3,uint8,LZW,RGB,tifffile.py,127004056/125,24.999201600301646,True,72.6681888821797,33.23862094411622,0.0,164.0,0,255,False,False,59d362a55c630445de6cafb172803f4a9c03dfc14ef4b7326b49882cec3642ad,7b825b9a460d336ddfba675633273f08698bd3ab78ec27337972d3a475359294,True,1bec114301c3,bb277e7
img_vc2whyaq_BSE.tif,Batch_3,vc2whyaq,BSE,20515042,1,2068,7000,3,uint8,LZW,RGB,tifffile.py,127004056/125,24.999201600301646,False,56.64256845813761,22.897294296244866,1.0,131.0,0,246,False,True,4a37942ce921fb23499e4b46225ab7c9f429553419a05d0069acb80b20f09082,75e04a6c86abfdedd4d06ad83d017bc60def52b56f1bc520a4f59a65932c07ce,True,1bec114301c3,bb277e7
img_vc2whyaq_Inlens.tif,Batch_3,vc2whyaq,Inlens,19682098,1,2068,7000,3,uint8,LZW,RGB,tifffile.py,127004056/125,24.999201600301646,False,127.62734153080962,59.532767535303684,20.0,255.0,0,255,False,True,185a0ce352b0d8f9271940eed59b0982ccb5cf1f960197bfb0b1a09c7f2712d2,16947ec5802fe2e43843f67521eaf58d27c4e4cd1e3b988034d3527b55674971,True,1bec114301c3,bb277e7
img_vc2whyaq_SE.tif,Batch_3,vc2whyaq,SE,19327284,1,2068,7000,3,uint8,LZW,RGB,tifffile.py,127004056/125,24.999201600301646,False,75.41206244819011,32.78729068450033,0.0,162.0,0,255,False,True,c186e8e695dd9b625bf2a0be1f4a85ffa0ad7f421ae3e83fa195b61ce4899838,bbfd6114c3e88b8c8c3eb6845f5488c00bcaff8c740a65679af4e7e31a40b877,True,1bec114301c3,bb277e7
img_x77cy643_BSE.tif,Batch_3,x77cy643,BSE,20477168,1,2068,6996,3,uint8,LZW,RGB,tifffile.py,127004056/125,24.999201600301646,True,55.96789067364274,23.588307509304304,0.0,131.0,0,227,False,False,02dacdb09e69d6ed44ef9479782b50272a6b2247337ef4ad3bfadd58dd9a0063,b05c4ac6ddc0eae01a98ff89c7171971625d062e95bccb1ba0f1a1971722a388,True,1bec114301c3,bb277e7
img_x77cy643_Inlens.tif,Batch_3,x77cy643,Inlens,19702896,1,2068,6996,3,uint8,LZW,RGB,tifffile.py,127004056/125,24.999201600301646,True,121.12270316389692,64.96855310484854,14.0,255.0,0,255,False,False,4a03ca352add7405518a1a282b83a3a2a56ec867103e1505ecdcdff2ebb7bde9,a5a1596eb2444b35cae2af968ccd04a0f87857c31d04266a9c51325110230c08,True,1bec114301c3,bb277e7
img_x77cy643_SE.tif,Batch_3,x77cy643,SE,19381054,1,2068,6996,3,uint8,LZW,RGB,tifffile.py,127004056/125,24.999201600301646,True,73.89785389938213,34.16703114851505,0.0,166.0,0,255,False,False,cd8d316731f1002723c0588ed1aa30cd6c1ebce4c7ea3740edc19307b713e5a8,320d20ca81725704ec323cd63f8be595c50a921568de6109b20385ca024709f5,True,1bec114301c3,bb277e7
img_x7u69zsw_BSE.tif,Batch_3,x7u69zsw,BSE,19497795,1,2060,7000,3,uint8,LZW,RGB,tifffile.py,126999264/125,25.0001448827294,False,65.85953606102635,18.04862492542767,25.0,121.0,13,251,False,True,83acdc10bc382edc234b635cd36ca669a628028860c8cc57dc69638eef26b25e,bfe4d2d302ccb04929f4ea92be03b76b93fb38421c13268007a6fff33166d954,True,1bec114301c3,bb277e7
img_x7u69zsw_ETD.tif,Batch_3,x7u69zsw,ETD,18227371,1,2060,7000,3,uint8,LZW,RGB,tifffile.py,126999264/125,25.0001448827294,False,77.78317018030513,28.090107400810506,20.0,163.0,12,255,False,True,3e3c62d66c82113d55973fce7cf589af7083410af9ad4e6a4f556f3eded3eb8f,0f586c012d8818d77021d47c3cfc08b3c69f41d4ad76fa7c799de10dae24740d,True,1bec114301c3,bb277e7
img_x7u69zsw_Inlens.tif,Batch_3,x7u69zsw,Inlens,17466811,1,2060,7000,3,uint8,LZW,RGB,tifffile.py,126999264/125,25.0001448827294,False,72.01136511789181,43.85934952082928,24.0,212.0,6,255,False,True,6b01ea3f8b81ea5d76f85b0a9679a3081072c16032cc98e06f705adf35043a34,c68602fffa533afb3bd1f629b47722933b54f541c37d54630520981c825dbd30,True,1bec114301c3,bb277e7
img_xgj4xftb_BSE.tif,Batch_3,xgj4xftb,BSE,15989438,1,1612,7000,3,uint8,LZW,RGB,tifffile.py,25400152/25,24.999850394596066,False,60.148738567883726,22.760817066498973,6.0,134.0,0,209,False,True,01a04484ec7e2317a4f4709673616bc8ed22018e64ae7a8eb7e8dd60f4e6be44,f19ecf7f3a5eafdc60ebda36d54660c3aa7c595a17b9994f363fdfa293ae6c61,True,1bec114301c3,bb277e7
img_xgj4xftb_ETD.tif,Batch_3,xgj4xftb,ETD,14664074,1,1612,7000,3,uint8,LZW,RGB,tifffile.py,25400152/25,24.999850394596066,False,71.35738594470047,34.81908965455532,0.0,176.0,0,255,False,True,7d404a99df1774eac8199574947b9b16216bbfe9fb94d1a9a8ddf78819b528cb,c8252dd9583a912d1c2b05608411e7366d786b1ae6ba0f007f0d86be8def4b6d,True,1bec114301c3,bb277e7
img_xgj4xftb_Inlens.tif,Batch_3,xgj4xftb,Inlens,14347549,1,1612,7000,3,uint8,LZW,RGB,tifffile.py,25400152/25,24.999850394596066,False,109.43474734136831,66.47438993721406,29.0,255.0,0,255,False,True,6716a646d5f15548069b1ee4c63fb9c8f83fe66b9ad757a919d15ad500a81fef,12a96727dbbfb944625b06d42cfcfc516d0b5781ca29944cde8069de59ed9be3,,1bec114301c3,bb277e7
