tile_id,sample_id,batch,channel,y,x,h,w,img_h,img_w,path,config_hash,git_sha
4ih2ggld_BSE_01024_04608,4ih2ggld,Batch_1,BSE,1024,4608,1024,1024,2300,6980,Batch_1/4ih2ggld_BSE_01024_04608.npy,1bec114301c3,c007beb
5n1q8atc_Inlens_00512_00000,5n1q8atc,Batch_1,Inlens,512,0,1024,1024,2300,6984,Batch_1/5n1q8atc_Inlens_00512_00000.npy,1bec114301c3,c007beb
f1vzngrs_BSE_00000_00512,f1vzngrs,Batch_1,BSE,0,512,1024,1024,2132,6984,Batch_1/f1vzngrs_BSE_00000_00512.npy,1bec114301c3,c007beb
ffwubibz_ETD_00512_04096,ffwubibz,Batch_1,ETD,512,4096,1024,1024,2064,6984,Batch_1/ffwubibz_ETD_00512_04096.npy,1bec114301c3,c007beb
ffwubibz_Inlens_01024_03584,ffwubibz,Batch_1,Inlens,1024,3584,1024,1024,2064,6984,Batch_1/ffwubibz_Inlens_01024_03584.npy,1bec114301c3,c007beb
fzrt2k6r_ETD_01024_02048,fzrt2k6r,Batch_1,ETD,1024,2048,1024,1024,2140,6984,Batch_1/fzrt2k6r_ETD_01024_02048.npy,1bec114301c3,c007beb
uhdslk0o_ETD_00512_00000,uhdslk0o,Batch_1,ETD,512,0,1024,1024,1864,6984,Batch_1/uhdslk0o_ETD_00512_00000.npy,1bec114301c3,c007beb
b3esycq1_BSE_01024_00000,b3esycq1,Batch_2,BSE,1024,0,1024,1024,2140,6984,Batch_2/b3esycq1_BSE_01024_00000.npy,1bec114301c3,c007beb
b3esycq1_Inlens_00512_00512,b3esycq1,Batch_2,Inlens,512,512,1024,1024,2140,6984,Batch_2/b3esycq1_Inlens_00512_00512.npy,1bec114301c3,c007beb
epqdaau9_ETD_00512_02560,epqdaau9,Batch_2,ETD,512,2560,1024,1024,2132,6984,Batch_2/epqdaau9_ETD_00512_02560.npy,1bec114301c3,c007beb
epqdaau9_ETD_01024_03584,epqdaau9,Batch_2,ETD,1024,3584,1024,1024,2132,6984,Batch_2/epqdaau9_ETD_01024_03584.npy,1bec114301c3,c007beb
r17byphk_Inlens_00512_00512,r17byphk,Batch_2,Inlens,512,512,1024,1024,2064,6984,Batch_2/r17byphk_Inlens_00512_00512.npy,1bec114301c3,c007beb
rxax5ozo_BSE_00000_03584,rxax5ozo,Batch_2,BSE,0,3584,1024,1024,2052,6984,Batch_2/rxax5ozo_BSE_00000_03584.npy,1bec114301c3,c007beb
cfe5vt7s_BSE_00000_03072,cfe5vt7s,Batch_3,BSE,0,3072,1024,1024,2064,6984,Batch_3/cfe5vt7s_BSE_00000_03072.npy,1bec114301c3,c007beb
hawkfj64_ETD_00512_04096,hawkfj64,Batch_3,ETD,512,4096,1024,1024,1888,6984,Batch_3/hawkfj64_ETD_00512_04096.npy,1bec114301c3,c007beb
pl8uabbv_ETD_01024_03072,pl8uabbv,Batch_3,ETD,1024,3072,1024,1024,2256,6984,Batch_3/pl8uabbv_ETD_01024_03072.npy,1bec114301c3,c007beb
ufdvpb81_ETD_00512_01536,ufdvpb81,Batch_3,ETD,512,1536,1024,1024,2072,6984,Batch_3/ufdvpb81_ETD_00512_01536.npy,1bec114301c3,c007beb
ufdvpb81_ETD_00512_05632,ufdvpb81,Batch_3,ETD,512,5632,1024,1024,2072,6984,Batch_3/ufdvpb81_ETD_00512_05632.npy,1bec114301c3,c007beb
vc2whyaq_Inlens_01024_04608,vc2whyaq,Batch_3,Inlens,1024,4608,1024,1024,2052,6984,Batch_3/vc2whyaq_Inlens_01024_04608.npy,1bec114301c3,c007beb
x7u69zsw_BSE_00512_01536,x7u69zsw,Batch_3,BSE,512,1536,1024,1024,2044,6984,Batch_3/x7u69zsw_BSE_00512_01536.npy,1bec114301c3,c007beb
