batch,variant,n_images,frac_c2_area_flagged_median,frac_c2_area_flagged_max,n_c2_particles_removed_median,n_c2_particles_unmasked_median,F02_median_unmasked,F02_median_masked,F02_median_delta,F02_iqr_unmasked,F02_delta_exceeds_iqr,F03_median_unmasked,F03_median_masked,F03_median_delta,F03_iqr_unmasked,F03_delta_exceeds_iqr,F04_median_unmasked,F04_median_masked,F04_median_delta,F04_iqr_unmasked,F04_delta_exceeds_iqr,F05_median_unmasked,F05_median_masked,F05_median_delta,F05_iqr_unmasked,F05_delta_exceeds_iqr,config_hash,git_sha
Batch_1,bright_both_p90,7,0.38351090785741726,0.4350971180580693,304.0,1592.0,0.08909978482191605,0.05563661728012998,-0.03346316754178607,0.07379732034805306,False,8.136857890256438,7.978845608028654,-0.15801228222778452,0.23627771736016356,False,23.939194963364102,21.188291217726913,-2.7509037456371885,7.564655518048877,False,116.2871610409909,111.4595470210266,-4.827614019964301,120.3528467633733,False,de199d6c8d69,20e3371
Batch_1,bright_both_p95,7,0.08918040064369347,0.12078074035520928,185.0,1592.0,0.08909978482191605,0.08023867638714927,-0.008861108434766785,0.07379732034805306,False,8.136857890256438,8.058239062071396,-0.07861882818504284,0.23627771736016356,False,23.939194963364102,24.591140120130948,0.6519451567668462,7.564655518048877,False,116.2871610409909,109.53915510129836,-6.748005939692533,120.3528467633733,False,de199d6c8d69,20e3371
Batch_1,bright_both_p99,7,0.009952064396647293,0.025453012156633318,42.0,1592.0,0.08909978482191605,0.08795772178865444,-0.0011420630332616144,0.07379732034805306,False,8.136857890256438,8.136857890256438,0.0,0.23627771736016356,False,23.939194963364102,24.36355478794721,0.4243598245831066,7.564655518048877,False,116.2871610409909,112.22770378891789,-4.059457252073003,120.3528467633733,False,de199d6c8d69,20e3371
Batch_1,edge_glow_n10,7,0.007447824676494972,0.026591165251490103,70.0,1592.0,0.08909978482191605,0.088436185245849,-0.000663599576067056,0.07379732034805306,False,8.136857890256438,8.136857890256438,0.0,0.23627771736016356,False,23.939194963364102,24.39749881848195,0.45830385511784755,7.564655518048877,False,116.2871610409909,110.23049619240052,-6.056664848590373,120.3528467633733,False,de199d6c8d69,20e3371
Batch_1,edge_glow_n3,7,0.0004918658160016341,0.003748327213688329,7.0,1592.0,0.08909978482191605,0.08905595968354904,-4.382513836700963e-05,0.07379732034805306,False,8.136857890256438,8.136857890256438,0.0,0.23627771736016356,False,23.939194963364102,24.04787077828278,0.1086758149186764,7.564655518048877,False,116.2871610409909,115.88570939182752,-0.40145164916337706,120.3528467633733,False,de199d6c8d69,20e3371
Batch_1,edge_glow_n5,7,0.002116149419072679,0.01114945945772179,28.0,1592.0,0.08909978482191605,0.08891123636402565,-0.00018854845789040287,0.07379732034805306,False,8.136857890256438,8.136857890256438,0.0,0.23627771736016356,False,23.939194963364102,24.19050332111707,0.25130835775296845,7.564655518048877,False,116.2871610409909,114.48062861975569,-1.8065324212352039,120.3528467633733,False,de199d6c8d69,20e3371
Batch_1,none,7,0.0,0.0,0.0,1592.0,0.08909978482191605,0.08909978482191605,0.0,0.07379732034805306,False,8.136857890256438,8.136857890256438,0.0,0.23627771736016356,False,23.939194963364102,23.939194963364102,0.0,7.564655518048877,False,116.2871610409909,116.2871610409909,0.0,120.3528467633733,False,de199d6c8d69,20e3371
Batch_2,bright_both_p90,7,0.2506071168792211,0.4197017378320649,255.0,1697.0,0.09710380898472476,0.0681892083045848,-0.028914600680139957,0.019390029816069812,True,7.978845608028654,7.817640190446719,-0.16120541758193507,0.2548627106977257,False,24.685426914772865,22.34343083643871,-2.341996078334155,2.1771512942776674,True,109.33074047435112,130.74464023136977,21.413899757018655,27.22716653402452,False,de199d6c8d69,20e3371
Batch_2,bright_both_p95,7,0.07444298965693577,0.13316423342527114,138.0,1697.0,0.09710380898472476,0.08489452588693101,-0.012209283097793747,0.019390029816069812,False,7.978845608028654,7.817640190446719,-0.16120541758193507,0.2548627106977257,False,24.685426914772865,24.633829159118307,-0.0515977556545586,2.1771512942776674,False,109.33074047435112,111.51375382840617,2.183013354055049,27.22716653402452,False,de199d6c8d69,20e3371
Batch_2,bright_both_p99,7,0.011934183091076911,0.02093810269384708,27.0,1697.0,0.09710380898472476,0.09584585150352017,-0.001257957481204594,0.019390029816069812,False,7.978845608028654,7.898654169668588,-0.0801914383600657,0.2548627106977257,False,24.685426914772865,24.934368507277892,0.24894159250502668,2.1771512942776674,False,109.33074047435112,109.40011277160642,0.06937229725529903,27.22716653402452,False,de199d6c8d69,20e3371
Batch_2,edge_glow_n10,7,0.008682023927663693,0.021712557713809026,58.0,1697.0,0.09710380898472476,0.09626075139165209,-0.0008430575930726686,0.019390029816069812,False,7.978845608028654,7.898654169668588,-0.0801914383600657,0.2548627106977257,False,24.685426914772865,25.240507096389823,0.5550801816169582,2.1771512942776674,False,109.33074047435112,104.34183909726792,-4.988901377083195,27.22716653402452,False,de199d6c8d69,20e3371
Batch_2,edge_glow_n3,7,0.0007749390444288224,0.002459436415142334,1.0,1697.0,0.09710380898472476,0.09701909851311491,-8.471047160985012e-05,0.019390029816069812,False,7.978845608028654,7.978845608028654,0.0,0.2548627106977257,False,24.685426914772865,24.747287144606645,0.06186022983377981,2.1771512942776674,False,109.33074047435112,108.84513439356404,-0.485606080787079,27.22716653402452,False,de199d6c8d69,20e3371
Batch_2,edge_glow_n5,7,0.0030802455172733363,0.008653319001542545,20.0,1697.0,0.09710380898472476,0.09679141295391974,-0.00031239603080501777,0.019390029816069812,False,7.978845608028654,7.938749888848621,-0.04009571918003285,0.2548627106977257,False,24.685426914772865,24.872994556030417,0.18756764125755154,2.1771512942776674,False,109.33074047435112,105.9285458961923,-3.402194578158813,27.22716653402452,False,de199d6c8d69,20e3371
Batch_2,none,7,0.0,0.0,0.0,1697.0,0.09710380898472476,0.09710380898472476,0.0,0.019390029816069812,False,7.978845608028654,7.978845608028654,0.0,0.2548627106977257,False,24.685426914772865,24.685426914772865,0.0,2.1771512942776674,False,109.33074047435112,109.33074047435112,0.0,27.22716653402452,False,de199d6c8d69,20e3371
Batch_3,bright_both_p90,17,0.16205302640379735,0.355475168323391,357.0,1880.0,0.10060702731450154,0.086379785049641,-0.014227242264860537,0.03938523418141328,False,8.136857890256438,7.978845608028654,-0.15801228222778452,0.3160701635615668,False,26.606745326442343,24.095585330081406,-2.511159996360938,5.558082092071331,False,130.71409910802205,127.28282481848363,-3.431274289538422,97.21401680555184,False,de199d6c8d69,20e3371
Batch_3,bright_both_p95,17,0.07003832835384517,0.10877757059703504,195.0,1880.0,0.10060702731450154,0.09588255500259722,-0.004724472311904315,0.03938523418141328,False,8.136857890256438,8.058239062071396,-0.07861882818504284,0.3160701635615668,False,26.606745326442343,27.526438290570745,0.9196929641284015,5.558082092071331,False,130.71409910802205,133.5528423321102,2.838743224088148,97.21401680555184,False,de199d6c8d69,20e3371
Batch_3,bright_both_p99,17,0.009721935795548205,0.06362152332201323,49.0,1880.0,0.10060702731450154,0.09988951580446426,-0.0007175115100372803,0.03938523418141328,False,8.136857890256438,8.136857890256438,0.0,0.3160701635615668,False,26.606745326442343,25.98207319495232,-0.6246721314900228,5.558082092071331,False,130.71409910802205,129.233063556695,-1.4810355513270679,97.21401680555184,False,de199d6c8d69,20e3371
Batch_3,edge_glow_n10,17,0.013749659160862975,0.02259327427442381,67.0,1880.0,0.10060702731450154,0.09955733071068122,-0.001049696603820316,0.03938523418141328,False,8.136857890256438,8.058239062071396,-0.07861882818504284,0.3160701635615668,False,26.606745326442343,26.230869383889313,-0.37587594255303003,5.558082092071331,False,130.71409910802205,127.6970682037791,-3.017030904242958,97.21401680555184,False,de199d6c8d69,20e3371
Batch_3,edge_glow_n3,17,0.0010031684644318732,0.0022179279847234787,5.0,1880.0,0.10060702731450154,0.1005084152635699,-9.861205093163183e-05,0.03938523418141328,False,8.136857890256438,8.136857890256438,0.0,0.3160701635615668,False,26.606745326442343,26.575662831139095,-0.03108249530324869,5.558082092071331,False,130.71409910802205,129.5478099601811,-1.1662891478409563,97.21401680555184,False,de199d6c8d69,20e3371
Batch_3,edge_glow_n5,17,0.00451707727425247,0.007918553949270971,26.0,1880.0,0.10060702731450154,0.10021817657126936,-0.0003888507432321803,0.03938523418141328,False,8.136857890256438,8.136857890256438,0.0,0.3160701635615668,False,26.606745326442343,26.558891313141824,-0.04785401330051897,5.558082092071331,False,130.71409910802205,127.90652211554037,-2.8075769924816854,97.21401680555184,False,de199d6c8d69,20e3371
Batch_3,none,17,0.0,0.0,0.0,1880.0,0.10060702731450154,0.10060702731450154,0.0,0.03938523418141328,False,8.136857890256438,8.136857890256438,0.0,0.3160701635615668,False,26.606745326442343,26.606745326442343,0.0,5.558082092071331,False,130.71409910802205,130.71409910802205,0.0,97.21401680555184,False,de199d6c8d69,20e3371
