sample_id,batch,third_detector,n_tiles,c2_area_px,analysed_px,variant,frac_c2_area_flagged,n_c2_particles_removed,n_c2_particles_unmasked,n_c2_particles_masked,F02_unmasked,F03_unmasked,F04_unmasked,F05_unmasked,F02_masked,F03_masked,F04_masked,F05_masked,F02_delta,F03_delta,F04_delta,F05_delta,phase_identity,config_hash,git_sha
4ih2ggld,Batch_1,ETD,52,3266257,16054000,none,0.0,0,4424,4424,0.20345440388688177,8.214724333230155,23.936536824085962,271.583406004734,0.20345440388688177,8.214724333230155,23.936536824085962,271.583406004734,0.0,0.0,0.0,0.0,"stated by Polaron, not image-verified",1bec114301c3,790c1ef
4ih2ggld,Batch_1,ETD,52,3266257,16054000,bright_both_p90,0.17144517409377155,713,4424,5058,0.20345440388688177,8.214724333230155,23.936536824085962,271.583406004734,0.16857312819235082,7.978845608028654,21.188291217726913,311.1997010090943,-0.03488127569453095,-0.2358787252015011,-2.748245606359049,39.616295004360325,"stated by Polaron, not image-verified",1bec114301c3,790c1ef
4ih2ggld,Batch_1,ETD,52,3266257,16054000,bright_both_p95,0.07596952719887014,278,4424,4822,0.20345440388688177,8.214724333230155,23.936536824085962,271.583406004734,0.1879980690170674,8.058239062071396,21.62839522890356,296.31244549644947,-0.015456334869814375,-0.15648527115875943,-2.308141595182402,24.72903949171547,"stated by Polaron, not image-verified",1bec114301c3,790c1ef
4ih2ggld,Batch_1,ETD,52,3266257,16054000,bright_both_p99,0.009952064396647293,6,4424,4470,0.20345440388688177,8.214724333230155,23.936536824085962,271.583406004734,0.20142961255761804,8.175791111743298,23.851271908550313,274.44873551762805,-0.0020247913292637254,-0.038933221486857406,-0.08526491553564952,2.86532951289405,"stated by Polaron, not image-verified",1bec114301c3,790c1ef
4ih2ggld,Batch_1,ETD,52,3266257,16054000,edge_glow_n3,0.003748327213688329,18,4424,4416,0.20345440388688177,8.214724333230155,23.936536824085962,271.583406004734,0.20269179020804784,8.214724333230155,23.98967015655475,271.14737760059796,-0.0007626136788339288,0.0,0.05313333246878926,-0.4360284041360387,"stated by Polaron, not image-verified",1bec114301c3,790c1ef
4ih2ggld,Batch_1,ETD,52,3266257,16054000,edge_glow_n5,0.01114945945772179,65,4424,4418,0.20345440388688177,8.214724333230155,23.936536824085962,271.583406004734,0.20118599725925004,8.136857890256438,23.979043490061002,271.2719571446368,-0.002268406627631725,-0.07786644297371659,0.04250666597503994,-0.31144886009718675,"stated by Polaron, not image-verified",1bec114301c3,790c1ef
4ih2ggld,Batch_1,ETD,52,3266257,16054000,edge_glow_n10,0.02565597257043766,109,4424,4537,0.20345440388688177,8.214724333230155,23.936536824085962,271.583406004734,0.19823458328142518,8.136857890256438,23.19360944961985,278.6844400149496,-0.005219820605456588,-0.07786644297371659,-0.7429273744661131,7.101034010215585,"stated by Polaron, not image-verified",1bec114301c3,790c1ef
5n1q8atc,Batch_1,ETD,52,3508985,16063200,none,0.0,0,4560,4560,0.21844869017381344,8.214724333230155,23.04215463350949,280.14343343792024,0.21844869017381344,8.214724333230155,23.04215463350949,280.14343343792024,0.0,0.0,0.0,0.0,"stated by Polaron, not image-verified",1bec114301c3,790c1ef
5n1q8atc,Batch_1,ETD,52,3508985,16063200,bright_both_p90,0.1621115507760791,793,4560,5124,0.21844869017381344,8.214724333230155,23.04215463350949,280.14343343792024,0.1830356342447333,7.978845608028654,20.026743534373637,315.56601424373724,-0.035413055929080145,-0.2358787252015011,-3.0154110991358536,35.422580805817006,"stated by Polaron, not image-verified",1bec114301c3,790c1ef
5n1q8atc,Batch_1,ETD,52,3508985,16063200,bright_both_p95,0.07702483766673268,321,4560,4998,0.21844869017381344,8.214724333230155,23.04215463350949,280.14343343792024,0.20162271527466508,8.058239062071396,21.200319792199185,307.5974899148364,-0.01682597489914836,-0.15648527115875943,-1.8418348413103054,27.45405647691615,"stated by Polaron, not image-verified",1bec114301c3,790c1ef
5n1q8atc,Batch_1,ETD,52,3508985,16063200,bright_both_p99,0.011862404655477296,10,4560,4631,0.21844869017381344,8.214724333230155,23.04215463350949,280.14343343792024,0.21585736341451267,8.214724333230155,22.584477412206432,284.5634742766074,-0.002591326759300766,0.0,-0.457677221303058,4.420040838687157,"stated by Polaron, not image-verified",1bec114301c3,790c1ef
5n1q8atc,Batch_1,ETD,52,3508985,16063200,edge_glow_n3,0.0035574389745182725,22,4560,4544,0.21844869017381344,8.214724333230155,23.04215463350949,280.14343343792024,0.21767157228945663,8.214724333230155,22.92581864625508,279.1473678968076,-0.0007771178843568038,0.0,-0.11633598725440919,-0.996065541112614,"stated by Polaron, not image-verified",1bec114301c3,790c1ef
5n1q8atc,Batch_1,ETD,52,3508985,16063200,edge_glow_n5,0.011090671518972011,67,4560,4584,0.21844869017381344,8.214724333230155,23.04215463350949,280.14343343792024,0.216025947507346,8.214724333230155,22.556285410127288,281.63753174958913,-0.0024227426664674423,0.0,-0.4858692233822026,1.4940983116688926,"stated by Polaron, not image-verified",1bec114301c3,790c1ef
5n1q8atc,Batch_1,ETD,52,3508985,16063200,edge_glow_n10,0.026591165251490103,141,4560,4679,0.21844869017381344,8.214724333230155,23.04215463350949,280.14343343792024,0.21263988495443,8.136857890256438,22.16913314200113,287.55167089994524,-0.005808805219383428,-0.07786644297371659,-0.8730214915083607,7.408237462024999,"stated by Polaron, not image-verified",1bec114301c3,790c1ef
f1vzngrs,Batch_1,ETD,52,1351575,14889888,none,0.0,0,1136,1136,0.09077133421017002,8.058239062071396,39.86464192325765,74.81587504217627,0.09077133421017002,8.058239062071396,39.86464192325765,74.81587504217627,0.0,0.0,0.0,0.0,"stated by Polaron, not image-verified",1bec114301c3,790c1ef
f1vzngrs,Batch_1,ETD,52,1351575,14889888,bright_both_p90,0.3870684201764608,193,1136,1370,0.09077133421017002,8.058239062071396,39.86464192325765,74.81587504217627,0.05563661728012998,7.978845608028654,22.978507690151453,90.46407870898693,-0.035134716930040034,-0.07939345404274167,-16.886134233106198,15.648203666810659,"stated by Polaron, not image-verified",1bec114301c3,790c1ef
f1vzngrs,Batch_1,ETD,52,1351575,14889888,bright_both_p95,0.08918040064369347,102,1136,1119,0.09077133421017002,8.058239062071396,39.86464192325765,74.81587504217627,0.08267631025834446,8.058239062071396,39.734330691124036,73.60700093916086,-0.008095023951825556,0.0,-0.1303112321336144,-1.2088741030154182,"stated by Polaron, not image-verified",1bec114301c3,790c1ef
f1vzngrs,Batch_1,ETD,52,1351575,14889888,bright_both_p99,0.0044370456689417906,42,1136,1096,0.09077133421017002,8.058239062071396,39.86464192325765,74.81587504217627,0.09036857765484871,7.978845608028654,40.67244232106657,72.12948814658647,-0.00040275655532130694,-0.07939345404274167,0.8078003978089185,-2.6863868955898056,"stated by Polaron, not image-verified",1bec114301c3,790c1ef
f1vzngrs,Batch_1,ETD,52,1351575,14889888,edge_glow_n3,9.174481623291345e-05,1,1136,1135,0.09077133421017002,8.058239062071396,39.86464192325765,74.81587504217627,0.09076300641079368,8.058239062071396,39.92979753932446,74.74871536978652,-8.327799376331435e-06,0.0,0.06515561606681075,-0.0671596723897494,"stated by Polaron, not image-verified",1bec114301c3,790c1ef
f1vzngrs,Batch_1,ETD,52,1351575,14889888,edge_glow_n5,0.0007753916726781718,4,1136,1132,0.09077133421017002,8.058239062071396,39.86464192325765,74.81587504217627,0.09070095087350556,7.978845608028654,40.125264387524815,74.54723635261729,-7.038333666445351e-05,-0.07939345404274167,0.26062246426716484,-0.2686386895589834,"stated by Polaron, not image-verified",1bec114301c3,790c1ef
f1vzngrs,Batch_1,ETD,52,1351575,14889888,edge_glow_n10,0.004309786730296136,32,1136,1102,0.09077133421017002,8.058239062071396,39.86464192325765,74.81587504217627,0.09038012911849976,8.058239062071396,41.016104760172716,72.53244618092494,-0.0003912050916702603,0.0,1.1514628369150657,-2.2834288612513376,"stated by Polaron, not image-verified",1bec114301c3,790c1ef
ffwubibz,Batch_1,ETD,52,978744,14414976,none,0.0,0,874,874,0.06789771970484029,8.214724333230155,35.12503103022509,59.24394185602529,0.06789771970484029,8.214724333230155,35.12503103022509,59.24394185602529,0.0,0.0,0.0,0.0,"stated by Polaron, not image-verified",1bec114301c3,790c1ef
ffwubibz,Batch_1,ETD,52,978744,14414976,bright_both_p90,0.38351090785741726,224,874,1021,0.06789771970484029,8.214724333230155,35.12503103022509,59.24394185602529,0.04185820357938855,7.978845608028654,24.39480040210698,69.44166955255423,-0.026039516125451745,-0.2358787252015011,-10.730230628118107,10.197727696528943,"stated by Polaron, not image-verified",1bec114301c3,790c1ef
ffwubibz,Batch_1,ETD,52,978744,14414976,bright_both_p95,0.052514242743761395,137,874,751,0.06789771970484029,8.214724333230155,35.12503103022509,59.24394185602529,0.06433212237051245,8.593479713983122,40.79054569542401,50.78052159087882,-0.003565597334327847,0.3787553807529669,5.66551466519892,-8.463420265146468,"stated by Polaron, not image-verified",1bec114301c3,790c1ef
ffwubibz,Batch_1,ETD,52,978744,14414976,bright_both_p99,0.007029417294001292,69,874,810,0.06789771970484029,8.214724333230155,35.12503103022509,59.24394185602529,0.06742043829972384,8.253291960271103,38.97239316350982,54.80411483168616,-0.00047728140511645034,0.03856762704094763,3.847362133284733,-4.439827024339131,"stated by Polaron, not image-verified",1bec114301c3,790c1ef
ffwubibz,Batch_1,ETD,52,978744,14414976,edge_glow_n3,0.0003647531938893112,2,874,872,0.06789771970484029,8.214724333230155,35.12503103022509,59.24394185602529,0.06787295379472016,8.214724333230155,35.139530542480486,59.10519726151469,-2.4765910120128076e-05,0.0,0.014499512255397917,-0.13874459451059806,"stated by Polaron, not image-verified",1bec114301c3,790c1ef
ffwubibz,Batch_1,ETD,52,978744,14414976,edge_glow_n5,0.0019208291442910507,21,874,855,0.06789771970484029,8.214724333230155,35.12503103022509,59.24394185602529,0.06776729978600034,8.291859587312052,36.093479926544624,57.925868208174606,-0.00013041991883995518,0.07713525408189703,0.9684488963195363,-1.3180736478506816,"stated by Polaron, not image-verified",1bec114301c3,790c1ef
ffwubibz,Batch_1,ETD,52,978744,14414976,edge_glow_n10,0.00547231962596961,59,874,817,0.06789771970484029,8.214724333230155,35.12503103022509,59.24394185602529,0.06752616168074092,8.444016491289505,39.60692540885666,55.28972091247325,-0.00037155802409936933,0.22929215805934966,4.481894378631573,-3.9542209435520377,"stated by Polaron, not image-verified",1bec114301c3,790c1ef
fzrt2k6r,Batch_1,ETD,52,1331664,14945760,none,0.0,0,1800,1800,0.08909978482191605,7.898654169668588,23.939194963364102,116.2871610409909,0.08909978482191605,7.898654169668588,23.939194963364102,116.2871610409909,0.0,0.0,0.0,0.0,"stated by Polaron, not image-verified",1bec114301c3,790c1ef
fzrt2k6r,Batch_1,ETD,52,1331664,14945760,bright_both_p90,0.33734485575941076,304,1800,2002,0.08909978482191605,7.898654169668588,23.939194963364102,116.2871610409909,0.05904243076297224,7.817640190446719,21.9613597718289,129.73579128796393,-0.03005735405894381,-0.08101397922186937,-1.9778351915352026,13.448630246973039,"stated by Polaron, not image-verified",1bec114301c3,790c1ef
fzrt2k6r,Batch_1,ETD,52,1331664,14945760,bright_both_p95,0.0994515132946449,185,1800,1755,0.08909978482191605,7.898654169668588,23.939194963364102,116.2871610409909,0.08023867638714927,7.817640190446719,24.591140120130948,113.27627367226559,-0.008861108434766785,-0.08101397922186937,0.6519451567668462,-3.0108873687253066,"stated by Polaron, not image-verified",1bec114301c3,790c1ef
fzrt2k6r,Batch_1,ETD,52,1331664,14945760,bright_both_p99,0.012817797882949452,77,1800,1747,0.08909978482191605,7.898654169668588,23.939194963364102,116.2871610409909,0.08795772178865444,7.898654169668588,24.36355478794721,112.74100480671441,-0.0011420630332616144,0.0,0.4243598245831066,-3.5461562342764807,"stated by Polaron, not image-verified",1bec114301c3,790c1ef
fzrt2k6r,Batch_1,ETD,52,1331664,14945760,edge_glow_n3,0.0004918658160016341,7,1800,1794,0.08909978482191605,7.898654169668588,23.939194963364102,116.2871610409909,0.08905595968354904,7.898654169668588,24.04787077828278,115.88570939182752,-4.382513836700963e-05,0.0,0.1086758149186764,-0.40145164916337706,"stated by Polaron, not image-verified",1bec114301c3,790c1ef
fzrt2k6r,Batch_1,ETD,52,1331664,14945760,edge_glow_n5,0.002116149419072679,28,1800,1773,0.08909978482191605,7.898654169668588,23.939194963364102,116.2871610409909,0.08891123636402565,7.898654169668588,24.19050332111707,114.48062861975569,-0.00018854845789040287,0.0,0.25130835775296845,-1.8065324212352039,"stated by Polaron, not image-verified",1bec114301c3,790c1ef
fzrt2k6r,Batch_1,ETD,52,1331664,14945760,edge_glow_n10,0.007447824676494972,70,1800,1741,0.08909978482191605,7.898654169668588,23.939194963364102,116.2871610409909,0.088436185245849,7.898654169668588,24.39749881848195,112.33955315755104,-0.000663599576067056,0.0,0.45830385511784755,-3.947607883439858,"stated by Polaron, not image-verified",1bec114301c3,790c1ef
iv6g2oq0,Batch_1,ETD,39,834335,12249216,none,0.0,0,954,954,0.06811333884552284,8.136857890256438,26.982971463468118,75.43339916611805,0.06811333884552284,8.136857890256438,26.982971463468118,75.43339916611805,0.0,0.0,0.0,0.0,"stated by Polaron, not image-verified",1bec114301c3,790c1ef
iv6g2oq0,Batch_1,ETD,39,834335,12249216,bright_both_p90,0.42592603690364184,204,954,999,0.06811333884552284,8.136857890256438,26.982971463468118,75.43339916611805,0.03910209437077442,7.735777827895049,20.934351088563908,79.35201730461769,-0.02901124447474842,-0.40108006236138927,-6.0486203749042105,3.918618138499639,"stated by Polaron, not image-verified",1bec114301c3,790c1ef
iv6g2oq0,Batch_1,ETD,39,834335,12249216,bright_both_p95,0.11675526017726692,78,954,1004,0.06811333884552284,8.136857890256438,26.982971463468118,75.43339916611805,0.06016074824707149,7.898654169668588,25.003160424041447,79.51529306038853,-0.007952590598451353,-0.23820372058785022,-1.9798110394266715,4.081893894270479,"stated by Polaron, not image-verified",1bec114301c3,790c1ef
iv6g2oq0,Batch_1,ETD,39,834335,12249216,bright_both_p99,0.004239304356163891,28,954,924,0.06811333884552284,8.136857890256438,26.982971463468118,75.43339916611805,0.06782458567144216,8.136857890256438,28.04603061917641,72.98426282955579,-0.00028875317408068313,0.0,1.0630591557082916,-2.449136336562262,"stated by Polaron, not image-verified",1bec114301c3,790c1ef
iv6g2oq0,Batch_1,ETD,39,834335,12249216,edge_glow_n3,0.00041590008809411086,3,954,951,0.06811333884552284,8.136857890256438,26.982971463468118,75.43339916611805,0.06808501050189661,8.136857890256438,27.26510879052076,75.18848553246184,-2.832834362623271e-05,0.0,0.2821373270526415,-0.24491363365621055,"stated by Polaron, not image-verified",1bec114301c3,790c1ef
iv6g2oq0,Batch_1,ETD,39,834335,12249216,edge_glow_n5,0.0020447422198517384,11,954,947,0.06811333884552284,8.136857890256438,26.982971463468118,75.43339916611805,0.06797406462585034,8.136857890256438,27.55647470158665,74.86193402092019,-0.0001392742196724972,0.0,0.5735032381185334,-0.5714651451978625,"stated by Polaron, not image-verified",1bec114301c3,790c1ef
iv6g2oq0,Batch_1,ETD,39,834335,12249216,edge_glow_n10,0.0060491289470056995,28,954,933,0.06811333884552284,8.136857890256438,26.982971463468118,75.43339916611805,0.06770131247583519,8.136857890256438,27.788443805715332,73.71900373052446,-0.0004120263696876514,0.0,0.8054723422472136,-1.7143954355935875,"stated by Polaron, not image-verified",1bec114301c3,790c1ef
uhdslk0o,Batch_1,ETD,39,1022158,13018176,none,0.0,0,1592,1592,0.07851775855542281,7.653039857325812,20.279456919490165,119.37156173030692,0.07851775855542281,7.653039857325812,20.279456919490165,119.37156173030692,0.0,0.0,0.0,0.0,"stated by Polaron, not image-verified",1bec114301c3,790c1ef
uhdslk0o,Batch_1,ETD,39,1022158,13018176,bright_both_p90,0.4350971180580693,507,1592,1485,0.07851775855542281,7.653039857325812,20.279456919490165,119.37156173030692,0.044354908091579034,7.48482063701911,18.233012246419715,111.4595470210266,-0.03416285046384378,-0.16821922030670144,-2.04644467307045,-7.912014709280328,"stated by Polaron, not image-verified",1bec114301c3,790c1ef
uhdslk0o,Batch_1,ETD,39,1022158,13018176,bright_both_p95,0.12078074035520928,249,1592,1463,0.07851775855542281,7.653039857325812,20.279456919490165,119.37156173030692,0.06903432554606728,7.48482063701911,20.064849442001996,109.53915510129836,-0.00948343300935553,-0.16821922030670144,-0.214607477488169,-9.83240662900856,"stated by Polaron, not image-verified",1bec114301c3,790c1ef
uhdslk0o,Batch_1,ETD,39,1022158,13018176,bright_both_p99,0.025453012156633318,114,1592,1499,0.07851775855542281,7.653039857325812,20.279456919490165,119.37156173030692,0.07651924509240005,7.653039857325812,20.404639941160397,112.22770378891789,-0.0019985134630227663,0.0,0.12518302167023165,-7.1438579413890295,"stated by Polaron, not image-verified",1bec114301c3,790c1ef
uhdslk0o,Batch_1,ETD,39,1022158,13018176,edge_glow_n3,0.0013539981098812512,11,1592,1580,0.07851775855542281,7.653039857325812,20.279456919490165,119.37156173030692,0.07841144565874666,7.653039857325812,20.307688198896326,118.44977360883736,-0.0001063128966761473,0.0,0.028231279406160326,-0.9217881214695609,"stated by Polaron, not image-verified",1bec114301c3,790c1ef
uhdslk0o,Batch_1,ETD,39,1022158,13018176,edge_glow_n5,0.005978527781419311,55,1592,1542,0.07851775855542281,7.653039857325812,20.279456919490165,119.37156173030692,0.07804833795456445,7.653039857325812,20.38581953096841,115.53077789085044,-0.00046942060085836124,0.0,0.106362611478243,-3.8407838394564777,"stated by Polaron, not image-verified",1bec114301c3,790c1ef
uhdslk0o,Batch_1,ETD,39,1022158,13018176,edge_glow_n10,0.01672246365043369,127,1592,1473,0.07851775855542281,7.653039857325812,20.279456919490165,119.37156173030692,0.07720474819206623,7.653039857325812,20.529059630371258,110.23049619240052,-0.0013130103633565843,0.0,0.2496027108810921,-9.1410655379064,"stated by Polaron, not image-verified",1bec114301c3,790c1ef
3806gxp0,Batch_2,ETD,39,1192859,14191488,none,0.0,0,1018,1018,0.08405454029908632,7.978845608028654,27.139742770629788,69.61919708490046,0.08405454029908632,7.978845608028654,27.139742770629788,69.61919708490046,0.0,0.0,0.0,0.0,"stated by Polaron, not image-verified",1bec114301c3,790c1ef
3806gxp0,Batch_2,ETD,39,1192859,14191488,bright_both_p90,0.14243007765377133,145,1018,1037,0.08405454029908632,7.978845608028654,27.139742770629788,69.61919708490046,0.07208264559713541,7.817640190446719,25.379832310906007,70.95802779807163,-0.011971894701950911,-0.16120541758193507,-1.7599104597237805,1.3388307131711628,"stated by Polaron, not image-verified",1bec114301c3,790c1ef
3806gxp0,Batch_2,ETD,39,1192859,14191488,bright_both_p95,0.028225465038198144,64,1018,987,0.08405454029908632,7.978845608028654,27.139742770629788,69.61919708490046,0.08168206181057265,7.978845608028654,27.524067950722838,67.43478907920016,-0.0023724784885136713,0.0,0.3843251800930503,-2.1844080057003055,"stated by Polaron, not image-verified",1bec114301c3,790c1ef
3806gxp0,Batch_2,ETD,39,1192859,14191488,bright_both_p99,0.004045742204233694,12,1018,1013,0.08405454029908632,7.978845608028654,27.139742770629788,69.61919708490046,0.08371447729794085,7.978845608028654,26.844991754889815,69.26687321301333,-0.00034006300114547416,0.0,-0.29475101573997264,-0.3523238718871369,"stated by Polaron, not image-verified",1bec114301c3,790c1ef
3806gxp0,Batch_2,ETD,39,1192859,14191488,edge_glow_n3,0.00019449071516415602,0,1018,1018,0.08405454029908632,7.978845608028654,27.139742770629788,69.61919708490046,0.08403819247143077,7.978845608028654,27.09284886283252,69.61919708490046,-1.634782765555509e-05,0.0,-0.04689390779726921,0.0,"stated by Polaron, not image-verified",1bec114301c3,790c1ef
3806gxp0,Batch_2,ETD,39,1192859,14191488,edge_glow_n5,0.0014704168724048693,5,1018,1013,0.08405454029908632,7.978845608028654,27.139742770629788,69.61919708490046,0.08393094508482832,7.978845608028654,27.081100010292303,69.26687321301333,-0.00012359521425800435,0.0,-0.05864276033748439,-0.3523238718871369,"stated by Polaron, not image-verified",1bec114301c3,790c1ef
3806gxp0,Batch_2,ETD,39,1192859,14191488,edge_glow_n10,0.005184183545582504,23,1018,997,0.08405454029908632,7.978845608028654,27.139742770629788,69.61919708490046,0.0836187861343363,7.978845608028654,27.139742770629788,68.13943682297445,-0.0004357541647500157,0.0,0.0,-1.4797602619260175,"stated by Polaron, not image-verified",1bec114301c3,790c1ef
avn74qx1,Batch_2,ETD,39,1106202,14191488,none,0.0,0,1106,1106,0.0779482743458614,8.444016491289505,26.496488746845788,75.39730858384969,0.0779482743458614,8.444016491289505,26.496488746845788,75.39730858384969,0.0,0.0,0.0,0.0,"stated by Polaron, not image-verified",1bec114301c3,790c1ef
avn74qx1,Batch_2,ETD,39,1106202,14191488,bright_both_p90,0.20673710588120434,134,1106,1345,0.0779482743458614,8.444016491289505,26.496488746845788,75.39730858384969,0.06183347369916389,8.291859587312052,22.34343083643871,91.88606578816822,-0.016114800646697514,-0.15215690397745263,-4.153057910407078,16.48875720431853,"stated by Polaron, not image-verified",1bec114301c3,790c1ef
avn74qx1,Batch_2,ETD,39,1106202,14191488,bright_both_p95,0.03567974022827657,48,1106,1095,0.0779482743458614,8.444016491289505,26.496488746845788,75.39730858384969,0.07516710016595864,8.368283871884005,26.01641096281752,74.62219606569796,-0.0027811741799027706,-0.07573261940549969,-0.48007778402826773,-0.7751125181517295,"stated by Polaron, not image-verified",1bec114301c3,790c1ef
avn74qx1,Batch_2,ETD,39,1106202,14191488,bright_both_p99,0.002326880623972837,10,1106,1101,0.0779482743458614,8.444016491289505,26.496488746845788,75.39730858384969,0.0777668980166139,8.444016491289505,26.520502260076018,75.04498471196254,-0.00018137632924750124,0.0,0.024013513230229933,-0.3523238718871511,"stated by Polaron, not image-verified",1bec114301c3,790c1ef
avn74qx1,Batch_2,ETD,39,1106202,14191488,edge_glow_n3,0.00013379111590830609,0,1106,1106,0.0779482743458614,8.444016491289505,26.496488746845788,75.39730858384969,0.07793784555925355,8.444016491289505,26.496488746845788,75.39730858384969,-1.0428786607855067e-05,0.0,0.0,0.0,"stated by Polaron, not image-verified",1bec114301c3,790c1ef
avn74qx1,Batch_2,ETD,39,1106202,14191488,edge_glow_n5,0.000887722133932139,5,1106,1101,0.0779482743458614,8.444016491289505,26.496488746845788,75.39730858384969,0.07787907793742277,8.444016491289505,26.49884097942635,75.04498471196254,-6.919640843863761e-05,0.0,0.0023522325805629407,-0.3523238718871511,"stated by Polaron, not image-verified",1bec114301c3,790c1ef
avn74qx1,Batch_2,ETD,39,1106202,14191488,edge_glow_n10,0.0045498019349088144,17,1106,1097,0.0779482743458614,8.444016491289505,26.496488746845788,75.39730858384969,0.0775936251364198,8.444016491289505,26.426702202250734,74.76312561445283,-0.0003546492094416015,0.0,-0.06978654459505407,-0.6341829693968606,"stated by Polaron, not image-verified",1bec114301c3,790c1ef
b3esycq1,Batch_2,ETD,52,1640129,14945760,none,0.0,0,2147,2147,0.10973874864844611,7.938749888848621,23.652915604044814,141.913157979253,0.10973874864844611,7.938749888848621,23.652915604044814,141.913157979253,0.0,0.0,0.0,0.0,"stated by Polaron, not image-verified",1bec114301c3,790c1ef
b3esycq1,Batch_2,ETD,52,1640129,14945760,bright_both_p90,0.2506071168792211,261,2147,2219,0.10973874864844611,7.938749888848621,23.652915604044814,141.913157979253,0.08223743723972551,7.735777827895049,21.72810977062396,146.73057776921345,-0.0275013114087206,-0.2029720609535719,-1.924805833420855,4.817419789960468,"stated by Polaron, not image-verified",1bec114301c3,790c1ef
b3esycq1,Batch_2,ETD,52,1640129,14945760,bright_both_p95,0.07787680115405557,153,2147,2185,0.10973874864844611,7.938749888848621,23.652915604044814,141.913157979253,0.10119264594105619,7.817640190446719,23.160373764467575,144.45568509062102,-0.008546102707389924,-0.12110969840190222,-0.49254183957723896,2.542527111368031,"stated by Polaron, not image-verified",1bec114301c3,790c1ef
b3esycq1,Batch_2,ETD,52,1640129,14945760,bright_both_p99,0.008156065772875183,47,2147,2109,0.10973874864844611,7.938749888848621,23.652915604044814,141.913157979253,0.10884371219663637,7.898654169668588,23.803184606416586,139.37063086788493,-0.0008950364518097442,-0.04009571918003285,0.15026900237177188,-2.5425271113680594,"stated by Polaron, not image-verified",1bec114301c3,790c1ef
b3esycq1,Batch_2,ETD,52,1640129,14945760,edge_glow_n3,0.0007749390444288224,7,2147,2142,0.10973874864844611,7.938749888848621,23.652915604044814,141.913157979253,0.10965370780743167,7.978845608028654,23.577451308730762,141.5786149382835,-8.504084101444709e-05,0.04009571918003285,-0.07546429531405252,-0.3345430409694927,"stated by Polaron, not image-verified",1bec114301c3,790c1ef
b3esycq1,Batch_2,ETD,52,1640129,14945760,edge_glow_n5,0.0030802455172733363,22,2147,2128,0.10973874864844611,7.938749888848621,23.652915604044814,141.913157979253,0.10940072635985056,7.898654169668588,23.74963406702674,140.64189442356894,-0.0003380222885955575,-0.04009571918003285,0.09671846298192577,-1.271263555684044,"stated by Polaron, not image-verified",1bec114301c3,790c1ef
b3esycq1,Batch_2,ETD,52,1640129,14945760,edge_glow_n10,0.008881008749921501,71,2147,2090,0.10973874864844611,7.938749888848621,23.652915604044814,141.913157979253,0.10876415786149383,7.898654169668588,23.933875729675265,138.09936731220094,-0.0009745907869522785,-0.04009571918003285,0.28096012563045036,-3.8137906670520465,"stated by Polaron, not image-verified",1bec114301c3,790c1ef
epqdaau9,Batch_2,ETD,52,1263262,14889888,none,0.0,0,1843,1843,0.08484026206241443,7.978845608028654,23.92056136259039,122.16344407694672,0.08484026206241443,7.978845608028654,23.92056136259039,122.16344407694672,0.0,0.0,0.0,0.0,"stated by Polaron, not image-verified",1bec114301c3,790c1ef
epqdaau9,Batch_2,ETD,52,1263262,14889888,bright_both_p90,0.345197591631823,325,1843,2150,0.08484026206241443,7.978845608028654,23.92056136259039,122.16344407694672,0.05555360792505625,7.735777827895049,19.969438223348785,142.78146350059853,-0.029286654137358183,-0.24306778013360475,-3.9511231392416057,20.618019423651816,"stated by Polaron, not image-verified",1bec114301c3,790c1ef
epqdaau9,Batch_2,ETD,52,1263262,14889888,bright_both_p95,0.07444298965693577,177,1843,1823,0.08484026206241443,7.978845608028654,23.92056136259039,122.16344407694672,0.0785244993112104,7.817640190446719,23.420321892931838,120.82025062915181,-0.006315762751204032,-0.16120541758193507,-0.5002394696585526,-1.3431934477949028,"stated by Polaron, not image-verified",1bec114301c3,790c1ef
epqdaau9,Batch_2,ETD,52,1263262,14889888,bright_both_p99,0.011934183091076911,34,1843,1837,0.08484026206241443,7.978845608028654,23.92056136259039,122.16344407694672,0.08382776284146663,7.898654169668588,23.70626593284066,121.76048604260825,-0.0010124992209478018,-0.0801914383600657,-0.21429542974972904,-0.402958034338468,"stated by Polaron, not image-verified",1bec114301c3,790c1ef
epqdaau9,Batch_2,ETD,52,1263262,14889888,edge_glow_n3,0.000864428756663305,1,1843,1841,0.08484026206241443,7.978845608028654,23.92056136259039,122.16344407694672,0.08476692370016484,7.978845608028654,23.861864866271944,122.02912473216723,-7.333836224959756e-05,0.0,-0.05869649631844709,-0.1343193447794846,"stated by Polaron, not image-verified",1bec114301c3,790c1ef
epqdaau9,Batch_2,ETD,52,1263262,14889888,edge_glow_n5,0.004024501647322567,20,1843,1828,0.08484026206241443,7.978845608028654,23.92056136259039,122.16344407694672,0.08449882228798497,7.898654169668588,23.957766672641522,121.15604899110055,-0.00034143977442946394,-0.0801914383600657,0.03720531005113159,-1.00739508584617,"stated by Polaron, not image-verified",1bec114301c3,790c1ef
epqdaau9,Batch_2,ETD,52,1263262,14889888,edge_glow_n10,0.012219159604262616,61,1843,1815,0.08484026206241443,7.978845608028654,23.92056136259039,122.16344407694672,0.08380358535940632,7.817640190446719,24.29527795468362,120.28297325003385,-0.0010366767030081103,-0.16120541758193507,0.37471659209322894,-1.8804708269128696,"stated by Polaron, not image-verified",1bec114301c3,790c1ef
i9jiqjwl,Batch_2,ETD,52,1543072,15755904,none,0.0,0,1733,1733,0.09793611334519428,7.569397566060481,24.674725726023517,107.5152526951167,0.09793611334519428,7.569397566060481,24.674725726023517,107.5152526951167,0.0,0.0,0.0,0.0,"stated by Polaron, not image-verified",1bec114301c3,790c1ef
i9jiqjwl,Batch_2,ETD,52,1543072,15755904,bright_both_p90,0.4197017378320649,255,1733,2098,0.09793611334519428,7.569397566060481,24.674725726023517,107.5152526951167,0.056832156377698166,7.399277020331919,19.082506592513166,130.74464023136977,-0.041103956967496115,-0.17012054572856172,-5.592219133510351,23.22938753625307,"stated by Polaron, not image-verified",1bec114301c3,790c1ef
i9jiqjwl,Batch_2,ETD,52,1543072,15755904,bright_both_p95,0.13316423342527114,138,1733,1796,0.09793611334519428,7.569397566060481,24.674725726023517,107.5152526951167,0.08489452588693101,7.653039857325812,23.05587772307315,111.51375382840617,-0.013041587458263268,0.08364229126533118,-1.6188480029503687,3.9985011332894658,"stated by Polaron, not image-verified",1bec114301c3,790c1ef
i9jiqjwl,Batch_2,ETD,52,1543072,15755904,bright_both_p99,0.02093810269384708,27,1733,1716,0.09793611334519428,7.569397566060481,24.674725726023517,107.5152526951167,0.09588551694653635,7.48482063701911,24.934368507277892,106.43629207184811,-0.002050596398657928,-0.08457692904137026,0.25964278125437446,-1.0789606232685856,"stated by Polaron, not image-verified",1bec114301c3,790c1ef
i9jiqjwl,Batch_2,ETD,52,1543072,15755904,edge_glow_n3,0.0005015968146658095,11,1733,1722,0.09793611334519428,7.569397566060481,24.674725726023517,107.5152526951167,0.09788698890269959,7.569397566060481,24.747287144606645,106.81710170358997,-4.912444249469128e-05,0.0,0.07256141858312759,-0.698150991526731,"stated by Polaron, not image-verified",1bec114301c3,790c1ef
i9jiqjwl,Batch_2,ETD,52,1543072,15755904,edge_glow_n5,0.0021010037120756516,30,1733,1708,0.09793611334519428,7.569397566060481,24.674725726023517,107.5152526951167,0.09773034920750977,7.569397566060481,24.872994556030417,105.9285458961923,-0.00020576413768451374,0.0,0.19826883000689932,-1.5867067989243964,"stated by Polaron, not image-verified",1bec114301c3,790c1ef
i9jiqjwl,Batch_2,ETD,52,1543072,15755904,edge_glow_n10,0.006846083656498206,58,1733,1683,0.09793611334519428,7.569397566060481,24.674725726023517,107.5152526951167,0.0972656345202408,7.569397566060481,24.947131803264355,104.34183909726792,-0.0006704788249534827,0.0,0.2724060772408379,-3.1734135978487785,"stated by Polaron, not image-verified",1bec114301c3,790c1ef
r17byphk,Batch_2,ETD,52,1898809,14414976,none,0.0,0,1605,1605,0.13172474237903692,7.898654169668588,24.685426914772865,109.33074047435112,0.13172474237903692,7.898654169668588,24.685426914772865,109.33074047435112,0.0,0.0,0.0,0.0,"stated by Polaron, not image-verified",1bec114301c3,790c1ef
r17byphk,Batch_2,ETD,52,1898809,14414976,bright_both_p90,0.13452169228184616,437,1605,1510,0.13172474237903692,7.898654169668588,24.685426914772865,109.33074047435112,0.11400490711881865,7.978845608028654,26.532490598703117,102.46288304607653,-0.017719835260218267,0.0801914383600657,1.8470636839302514,-6.86785742827459,"stated by Polaron, not image-verified",1bec114301c3,790c1ef
r17byphk,Batch_2,ETD,52,1898809,14414976,bright_both_p95,0.058845307769238506,243,1605,1499,0.13172474237903692,7.898654169668588,24.685426914772865,109.33074047435112,0.12397335937291883,7.735777827895049,24.633829159118307,101.90790466803413,-0.007751383006118093,-0.16287634177353905,-0.0515977556545586,-7.422835806316982,"stated by Polaron, not image-verified",1bec114301c3,790c1ef
r17byphk,Batch_2,ETD,52,1898809,14414976,bright_both_p99,0.017780619325061132,52,1605,1606,0.13172474237903692,7.898654169668588,24.685426914772865,109.33074047435112,0.1293825948791035,7.898654169668588,24.22732816723524,109.40011277160642,-0.002342147499933417,0.0,-0.45809874753762614,0.06937229725529903,"stated by Polaron, not image-verified",1bec114301c3,790c1ef
r17byphk,Batch_2,ETD,52,1898809,14414976,edge_glow_n3,0.002459436415142334,10,1605,1598,0.13172474237903692,7.898654169668588,24.685426914772865,109.33074047435112,0.13140077375085465,7.978845608028654,24.654484312399457,108.84513439356404,-0.000323968628182264,0.0801914383600657,-0.030942602373407624,-0.485606080787079,"stated by Polaron, not image-verified",1bec114301c3,790c1ef
r17byphk,Batch_2,ETD,52,1898809,14414976,edge_glow_n5,0.008653319001542545,58,1605,1555,0.13172474237903692,7.898654169668588,24.685426914772865,109.33074047435112,0.1305848861628351,7.938749888848621,24.824341676101277,105.86212561158617,-0.0011398562162018289,0.04009571918003285,0.13891476132841163,-3.4686148627649516,"stated by Polaron, not image-verified",1bec114301c3,790c1ef
r17byphk,Batch_2,ETD,52,1898809,14414976,edge_glow_n10,0.021712557713809026,108,1605,1521,0.13172474237903692,7.898654169668588,24.685426914772865,109.33074047435112,0.12886466130779545,7.817640190446719,25.240507096389823,103.503467504906,-0.0028600810712414715,-0.08101397922186937,0.5550801816169582,-5.827272969445119,"stated by Polaron, not image-verified",1bec114301c3,790c1ef
rxax5ozo,Batch_2,SE,52,1391611,14331168,none,0.0,0,1697,1697,0.09710380898472476,8.368283871884005,26.45310093032345,115.20345027006871,0.09710380898472476,8.368283871884005,26.45310093032345,115.20345027006871,0.0,0.0,0.0,0.0,"stated by Polaron, not image-verified",1bec114301c3,790c1ef
rxax5ozo,Batch_2,SE,52,1391611,14331168,bright_both_p90,0.2977699946321206,198,1697,2105,0.09710380898472476,8.368283871884005,26.45310093032345,115.20345027006871,0.0681892083045848,8.214724333230155,23.480033810507756,143.39375548454947,-0.028914600680139957,-0.15355953865384997,-2.9730671198156955,28.19030521448076,"stated by Polaron, not image-verified",1bec114301c3,790c1ef
rxax5ozo,Batch_2,SE,52,1391611,14331168,bright_both_p95,0.08651914938873004,72,1697,1756,0.09710380898472476,8.368283871884005,26.45310093032345,115.20345027006871,0.08870247002896066,8.136857890256438,26.18437727837101,119.25057329591002,-0.008401338955764101,-0.23142598162756656,-0.26872365195244186,4.047123025841302,"stated by Polaron, not image-verified",1bec114301c3,790c1ef
rxax5ozo,Batch_2,SE,52,1391611,14331168,bright_both_p99,0.012954769687793499,23,1697,1695,0.09710380898472476,8.368283871884005,26.45310093032345,115.20345027006871,0.09584585150352017,8.368283871884005,26.78801358521211,115.06389430366039,-0.001257957481204594,0.0,0.33491265488865807,-0.13955596640832368,"stated by Polaron, not image-verified",1bec114301c3,790c1ef
rxax5ozo,Batch_2,SE,52,1391611,14331168,edge_glow_n3,0.0008723702241502834,0,1697,1697,0.09710380898472476,8.368283871884005,26.45310093032345,115.20345027006871,0.09701909851311491,8.368283871884005,26.429119926487914,115.20345027006871,-8.471047160985012e-05,0.0,-0.02398100383553725,0.0,"stated by Polaron, not image-verified",1bec114301c3,790c1ef
rxax5ozo,Batch_2,SE,52,1391611,14331168,edge_glow_n5,0.0032171346734108886,10,1697,1695,0.09710380898472476,8.368283871884005,26.45310093032345,115.20345027006871,0.09679141295391974,8.291859587312052,26.35673077103949,115.06389430366039,-0.00031239603080501777,-0.07642428457195294,-0.09637015928396053,-0.13955596640832368,"stated by Polaron, not image-verified",1bec114301c3,790c1ef
rxax5ozo,Batch_2,SE,52,1391611,14331168,edge_glow_n10,0.008682023927663693,22,1697,1695,0.09710380898472476,8.368283871884005,26.45310093032345,115.20345027006871,0.09626075139165209,8.214724333230155,26.35673077103949,115.06389430366039,-0.0008430575930726686,-0.15355953865384997,-0.09637015928396053,-0.13955596640832368,"stated by Polaron, not image-verified",1bec114301c3,790c1ef
0grcilhi,Batch_3,ETD,39,1655204,13185792,none,0.0,0,2600,2600,0.12552935766012388,8.214724333230155,25.780439141949365,192.9349408818219,0.12552935766012388,8.214724333230155,25.780439141949365,192.9349408818219,0.0,0.0,0.0,0.0,"stated by Polaron, not image-verified",1bec114301c3,790c1ef
0grcilhi,Batch_3,ETD,39,1655204,13185792,bright_both_p90,0.13020932767199692,381,2600,2608,0.12552935766012388,8.214724333230155,25.780439141949365,192.9349408818219,0.1091842643961015,8.136857890256438,23.36043648769093,193.54165453239366,-0.01634509326402238,-0.07786644297371659,-2.420002654258436,0.606713650571777,"stated by Polaron, not image-verified",1bec114301c3,790c1ef
0grcilhi,Batch_3,ETD,39,1655204,13185792,bright_both_p95,0.05944403227638406,164,2600,2632,0.12552935766012388,8.214724333230155,25.780439141949365,192.9349408818219,0.11806738647174171,8.058239062071396,24.631182037806333,195.28595627778748,-0.007461971188382169,-0.15648527115875943,-1.1492571041430324,2.3510153959655895,"stated by Polaron, not image-verified",1bec114301c3,790c1ef
0grcilhi,Batch_3,ETD,39,1655204,13185792,bright_both_p99,0.02103547357304598,50,2600,2608,0.12552935766012388,8.214724333230155,25.780439141949365,192.9349408818219,0.12288878817442289,8.214724333230155,25.763145120344557,193.3899761197507,-0.0026405694857009887,0.0,-0.017294021604808307,0.4550352379288256,"stated by Polaron, not image-verified",1bec114301c3,790c1ef
0grcilhi,Batch_3,ETD,39,1655204,13185792,edge_glow_n3,0.0006923617874292232,1,2600,2599,0.12552935766012388,8.214724333230155,25.780439141949365,192.9349408818219,0.12544244592967946,8.214724333230155,25.78783670066763,192.8591016755004,-8.691173044442224e-05,0.0,0.0073975587182637526,-0.07583920632148988,"stated by Polaron, not image-verified",1bec114301c3,790c1ef
0grcilhi,Batch_3,ETD,39,1655204,13185792,edge_glow_n5,0.0037264288873154004,18,2600,2585,0.12552935766012388,8.214724333230155,25.780439141949365,192.9349408818219,0.12506158143553303,8.214724333230155,25.74336866356119,191.79735278699982,-0.000467776224590849,0.0,-0.03707047838817701,-1.137588094822064,"stated by Polaron, not image-verified",1bec114301c3,790c1ef
0grcilhi,Batch_3,ETD,39,1655204,13185792,edge_glow_n10,0.013998878688065037,50,2600,2577,0.12552935766012388,8.214724333230155,25.780439141949365,192.9349408818219,0.12377208741044907,8.214724333230155,25.45739437315213,191.2664783427495,-0.0017572702496748138,0.0,-0.3230447687972351,-1.6684625390723795,"stated by Polaron, not image-verified",1bec114301c3,790c1ef
71vgq3fw,Batch_3,ETD,39,1401367,14275296,none,0.0,0,2253,2253,0.09816728143500492,8.214724333230155,25.562207165594927,154.67279977942314,0.09816728143500492,8.214724333230155,25.562207165594927,154.67279977942314,0.0,0.0,0.0,0.0,"stated by Polaron, not image-verified",1bec114301c3,790c1ef
71vgq3fw,Batch_3,ETD,39,1401367,14275296,bright_both_p90,0.12007561188468117,633,2253,1863,0.09816728143500492,8.214724333230155,25.562207165594927,154.67279977942314,0.086379785049641,7.817640190446719,25.4398806823743,127.28282481848363,-0.011787496385363916,-0.3970841427834362,-0.12232648322062545,-27.38997496093951,"stated by Polaron, not image-verified",1bec114301c3,790c1ef
71vgq3fw,Batch_3,ETD,39,1401367,14275296,bright_both_p95,0.05335647264421097,333,2253,2053,0.09816728143500492,8.214724333230155,25.562207165594927,154.67279977942314,0.09292942156856152,8.058239062071396,24.993017122687487,140.87273566866847,-0.005237859866443401,-0.15648527115875943,-0.5691900429074401,-13.800064110754676,"stated by Polaron, not image-verified",1bec114301c3,790c1ef
71vgq3fw,Batch_3,ETD,39,1401367,14275296,bright_both_p99,0.009721935795548205,54,2253,2212,0.09816728143500492,8.214724333230155,25.562207165594927,154.67279977942314,0.09721290542767029,8.214724333230155,25.549547758616836,151.8007052183016,-0.0009543760073346258,0.0,-0.012659406978091425,-2.8720945611215427,"stated by Polaron, not image-verified",1bec114301c3,790c1ef
71vgq3fw,Batch_3,ETD,39,1401367,14275296,edge_glow_n3,0.0010696698295307367,10,2253,2243,0.09816728143500492,8.214724333230155,25.562207165594927,154.67279977942314,0.09806227485580685,8.214724333230155,25.587032275083356,153.97228891085692,-0.00010500657919806922,0.0,0.024825109488428865,-0.7005108685662265,"stated by Polaron, not image-verified",1bec114301c3,790c1ef
71vgq3fw,Batch_3,ETD,39,1401367,14275296,edge_glow_n5,0.005015816698980353,40,2253,2219,0.09816728143500492,8.214724333230155,25.562207165594927,154.67279977942314,0.09767489234548972,8.214724333230155,25.80505040960835,152.29106282629797,-0.0004923890895151967,0.0,0.2428432440134216,-2.38173695312517,"stated by Polaron, not image-verified",1bec114301c3,790c1ef
71vgq3fw,Batch_3,ETD,39,1401367,14275296,edge_glow_n10,0.015437783250212115,144,2253,2144,0.09816728143500492,8.214724333230155,25.562207165594927,154.67279977942314,0.09665179622194875,8.214724333230155,25.977239243415305,147.1072823989079,-0.001515485213056167,0.0,0.41503207782037776,-7.565517380515246,"stated by Polaron, not image-verified",1bec114301c3,790c1ef
9luzk4jm,Batch_3,ETD,52,1006852,14470848,none,0.0,0,1249,1249,0.0695779542429027,7.735777827895049,24.474537551203763,84.37653411880216,0.0695779542429027,7.735777827895049,24.474537551203763,84.37653411880216,0.0,0.0,0.0,0.0,"stated by Polaron, not image-verified",1bec114301c3,790c1ef
9luzk4jm,Batch_3,ETD,52,1006852,14470848,bright_both_p90,0.06593521192787023,466,1249,799,0.0695779542429027,7.735777827895049,24.474537551203763,84.37653411880216,0.06499031708438925,7.898654169668588,39.45080500324476,53.555949174505876,-0.004587637158513444,0.16287634177353905,14.976267452040997,-30.82058494429628,"stated by Polaron, not image-verified",1bec114301c3,790c1ef
9luzk4jm,Batch_3,ETD,52,1006852,14470848,bright_both_p95,0.0262640388061006,295,1249,975,0.0695779542429027,7.735777827895049,24.474537551203763,84.37653411880216,0.067750556152618,7.735777827895049,31.972957411480817,65.51101911926655,-0.0018273980902846904,0.0,7.498419860277053,-18.865514999535606,"stated by Polaron, not image-verified",1bec114301c3,790c1ef
9luzk4jm,Batch_3,ETD,52,1006852,14470848,bright_both_p99,0.006125031285630857,69,1249,1182,0.0695779542429027,7.735777827895049,24.474537551203763,84.37653411880216,0.06915178709637472,7.653039857325812,25.98207319495232,79.74653593210294,-0.0004261671465279754,-0.08273797056923726,1.5075356437485574,-4.629998186699211,"stated by Polaron, not image-verified",1bec114301c3,790c1ef
9luzk4jm,Batch_3,ETD,52,1006852,14470848,edge_glow_n3,0.0008362698787905273,5,1249,1244,0.0695779542429027,7.735777827895049,24.474537551203763,84.37653411880216,0.06951976829554149,7.735777827895049,25.30690599424961,84.03101186606341,-5.8185947361205637e-05,0.0,0.8323684430458478,-0.34552225273874626,"stated by Polaron, not image-verified",1bec114301c3,790c1ef
9luzk4jm,Batch_3,ETD,52,1006852,14470848,edge_glow_n5,0.004201213286560488,40,1249,1208,0.0695779542429027,7.735777827895049,24.474537551203763,84.37653411880216,0.06928564241708572,7.735777827895049,25.77547431247159,81.54325164634443,-0.0002923118258169738,0.0,1.3009367612678275,-2.833282472457725,"stated by Polaron, not image-verified",1bec114301c3,790c1ef
9luzk4jm,Batch_3,ETD,52,1006852,14470848,edge_glow_n10,0.010575536424419874,108,1249,1147,0.0695779542429027,7.735777827895049,24.474537551203763,84.37653411880216,0.06884213005347026,7.735777827895049,26.230869383889313,77.32788016293172,-0.000735824189432438,0.0,1.7563318326855502,-7.048653955870435,"stated by Polaron, not image-verified",1bec114301c3,790c1ef
cfe5vt7s,Batch_3,ETD,52,1128376,14414976,none,0.0,0,1021,1021,0.07827803528774518,8.136857890256438,32.09259412751611,70.34350941687312,0.07827803528774518,8.136857890256438,32.09259412751611,70.34350941687312,0.0,0.0,0.0,0.0,"stated by Polaron, not image-verified",1bec114301c3,790c1ef
cfe5vt7s,Batch_3,ETD,52,1128376,14414976,bright_both_p90,0.1775046615667118,316,1021,828,0.07827803528774518,8.136857890256438,32.09259412751611,70.34350941687312,0.06438331912588685,8.368283871884005,37.21940800318514,57.024028343855726,-0.013894716161858334,0.23142598162756656,5.126813875669029,-13.319481073017393,"stated by Polaron, not image-verified",1bec114301c3,790c1ef
cfe5vt7s,Batch_3,ETD,52,1128376,14414976,bright_both_p95,0.10877757059703504,212,1021,894,0.07827803528774518,8.136857890256438,32.09259412751611,70.34350941687312,0.06976314077803529,8.058239062071396,35.211617908927344,61.533227665450156,-0.008514894509709894,-0.07861882818504284,3.1190237814112365,-8.810281751422963,"stated by Polaron, not image-verified",1bec114301c3,790c1ef
cfe5vt7s,Batch_3,ETD,52,1128376,14414976,bright_both_p99,0.06362152332201323,34,1021,1071,0.07827803528774518,8.136857890256438,32.09259412751611,70.34350941687312,0.07329786744008454,8.058239062071396,33.17501783507086,73.81212427963807,-0.004980167847660644,-0.07861882818504284,1.082423707554753,3.4686148627649516,"stated by Polaron, not image-verified",1bec114301c3,790c1ef
cfe5vt7s,Batch_3,ETD,52,1128376,14414976,edge_glow_n3,0.0014667096783341723,6,1021,1015,0.07827803528774518,8.136857890256438,32.09259412751611,70.34350941687312,0.07816322413578768,8.136857890256438,32.18142428473279,69.92727563334132,-0.00011481115195750846,0.0,0.08883015721668386,-0.4162337835317942,"stated by Polaron, not image-verified",1bec114301c3,790c1ef
cfe5vt7s,Batch_3,ETD,52,1128376,14414976,edge_glow_n5,0.005822527242692152,26,1021,999,0.07827803528774518,8.136857890256438,32.09259412751611,70.34350941687312,0.07782225929477787,8.136857890256438,32.99277396100794,68.81731887725654,-0.0004557759929673111,0.0,0.9001798334918334,-1.5261905396165787,"stated by Polaron, not image-verified",1bec114301c3,790c1ef
cfe5vt7s,Batch_3,ETD,52,1128376,14414976,edge_glow_n10,0.016677065091777916,67,1021,964,0.07827803528774518,8.136857890256438,32.09259412751611,70.34350941687312,0.07697258739799498,8.136857890256438,33.438852921376885,66.38928847332109,-0.0013054478897502053,0.0,1.3462587938607768,-3.9542209435520306,"stated by Polaron, not image-verified",1bec114301c3,790c1ef
hawkfj64,Batch_3,ETD,39,1206531,13185792,none,0.0,0,1922,1922,0.09150235344225056,8.214724333230155,26.606745326442343,144.32200962975907,0.09150235344225056,8.214724333230155,26.606745326442343,144.32200962975907,0.0,0.0,0.0,0.0,"stated by Polaron, not image-verified",1bec114301c3,790c1ef
hawkfj64,Batch_3,ETD,39,1206531,13185792,bright_both_p90,0.16205302640379735,357,1922,1946,0.09150235344225056,8.214724333230155,26.606745326442343,144.32200962975907,0.07667412014386395,8.058239062071396,24.095585330081406,146.21798978779583,-0.014828233298386617,-0.15648527115875943,-2.511159996360938,1.895980158036764,"stated by Polaron, not image-verified",1bec114301c3,790c1ef
hawkfj64,Batch_3,ETD,39,1206531,13185792,bright_both_p95,0.07433708707028663,161,1922,1946,0.09150235344225056,8.214724333230155,26.606745326442343,144.32200962975907,0.08470033502727785,8.058239062071396,24.81406240143957,146.29382899411732,-0.006802018414972716,-0.15648527115875943,-1.7926829250027723,1.9718193643582538,"stated by Polaron, not image-verified",1bec114301c3,790c1ef
hawkfj64,Batch_3,ETD,39,1206531,13185792,bright_both_p99,0.029265721311760744,53,1922,1937,0.09150235344225056,8.214724333230155,26.606745326442343,144.32200962975907,0.08882447106703943,8.136857890256438,25.34710570288518,145.38375851825967,-0.0026778823752111325,-0.07786644297371659,-1.2596396235571632,1.0617488885006026,"stated by Polaron, not image-verified",1bec114301c3,790c1ef
hawkfj64,Batch_3,ETD,39,1206531,13185792,edge_glow_n3,0.0008619753657386341,2,1922,1920,0.09150235344225056,8.214724333230155,26.606745326442343,144.32200962975907,0.09142348066767624,8.214724333230155,26.575662831139095,144.17033121711611,-7.887277457432895e-05,0.0,-0.03108249530324869,-0.15167841264295134,"stated by Polaron, not image-verified",1bec114301c3,790c1ef
hawkfj64,Batch_3,ETD,39,1206531,13185792,edge_glow_n5,0.005568029333684754,14,1922,1916,0.09150235344225056,8.214724333230155,26.606745326442343,144.32200962975907,0.09099286565418292,8.136857890256438,26.558891313141824,143.8669743918302,-0.0005094877880676418,-0.07786644297371659,-0.04785401330051897,-0.45503523792885403,"stated by Polaron, not image-verified",1bec114301c3,790c1ef
hawkfj64,Batch_3,ETD,39,1206531,13185792,edge_glow_n10,0.01970525415426541,63,1922,1901,0.09150235344225056,8.214724333230155,26.606745326442343,144.32200962975907,0.0896992763119576,8.058239062071396,25.883920540564958,142.80522550332964,-0.001803077130292971,-0.15648527115875943,-0.7228247858773855,-1.5167841264294282,"stated by Polaron, not image-verified",1bec114301c3,790c1ef
hzumfsms,Batch_3,ETD,52,1455869,14470848,none,0.0,0,1095,1095,0.10060702731450154,7.611218711693146,23.944292378111722,74.35638878937847,0.10060702731450154,7.611218711693146,23.944292378111722,74.35638878937847,0.0,0.0,0.0,0.0,"stated by Polaron, not image-verified",1bec114301c3,790c1ef
hzumfsms,Batch_3,ETD,52,1455869,14470848,bright_both_p90,0.09839690246856002,353,1095,899,0.10060702731450154,7.611218711693146,23.944292378111722,74.35638878937847,0.09070760746018477,7.978845608028654,27.797936590682824,60.881020932567324,-0.009899419854316763,0.3676268963355076,3.8536442125711012,-13.475367856811147,"stated by Polaron, not image-verified",1bec114301c3,790c1ef
hzumfsms,Batch_3,ETD,52,1455869,14470848,bright_both_p95,0.03373655184635431,226,1095,913,0.10060702731450154,7.611218711693146,23.944292378111722,74.35638878937847,0.09721289312139827,7.817640190446719,27.526438290570745,61.779378789688074,-0.0033941341931032626,0.20642147875357253,3.5821459124590227,-12.577009999690397,"stated by Polaron, not image-verified",1bec114301c3,790c1ef
hzumfsms,Batch_3,ETD,52,1455869,14470848,bright_both_p99,0.00713182298682093,49,1095,1056,0.10060702731450154,7.611218711693146,23.944292378111722,74.35638878937847,0.09988951580446426,7.569397566060481,24.721548929484133,71.66131521801624,-0.0007175115100372803,-0.04182114563266559,0.7772565513724103,-2.6950735713622294,"stated by Polaron, not image-verified",1bec114301c3,790c1ef
hzumfsms,Batch_3,ETD,52,1455869,14470848,edge_glow_n3,0.0009801706060091945,11,1095,1084,0.10060702731450154,7.611218711693146,23.944292378111722,74.35638878937847,0.1005084152635699,7.653039857325812,24.148311339393302,73.59623983335324,-9.861205093163183e-05,0.04182114563266559,0.20401896128158015,-0.7601489560252332,"stated by Polaron, not image-verified",1bec114301c3,790c1ef
hzumfsms,Batch_3,ETD,52,1455869,14470848,edge_glow_n5,0.0038650455501147425,31,1095,1070,0.10060702731450154,7.611218711693146,23.944292378111722,74.35638878937847,0.10021817657126936,7.653039857325812,24.227313917253007,72.62877752568474,-0.0003888507432321803,0.04182114563266559,0.28302153914128425,-1.7276112636937313,"stated by Polaron, not image-verified",1bec114301c3,790c1ef
hzumfsms,Batch_3,ETD,52,1455869,14470848,edge_glow_n10,0.010433631047848398,83,1095,1027,0.10060702731450154,7.611218711693146,23.944292378111722,74.35638878937847,0.09955733071068122,7.653039857325812,24.870457694441672,69.65728615213152,-0.001049696603820316,0.04182114563266559,0.9261653163299499,-4.699102637246952,"stated by Polaron, not image-verified",1bec114301c3,790c1ef
kbdh4tri,Batch_3,ETD,39,1544674,14275296,none,0.0,0,2752,2752,0.10820609253916696,8.214724333230155,25.125128128935906,190.67905842372724,0.10820609253916696,8.214724333230155,25.125128128935906,190.67905842372724,0.0,0.0,0.0,0.0,"stated by Polaron, not image-verified",1bec114301c3,790c1ef
kbdh4tri,Batch_3,ETD,39,1544674,14275296,bright_both_p90,0.16430457170898197,730,2752,2410,0.10820609253916696,8.214724333230155,25.125128128935906,190.67905842372724,0.09042733684821666,7.898654169668588,23.152404806704283,167.14189323990198,-0.017778755690950304,-0.3160701635615668,-1.972723322231623,-23.537165183825266,"stated by Polaron, not image-verified",1bec114301c3,790c1ef
kbdh4tri,Batch_3,ETD,39,1544674,14275296,bright_both_p95,0.07894804987978046,360,2752,2607,0.10820609253916696,8.214724333230155,25.125128128935906,190.67905842372724,0.09966343254808867,8.058239062071396,23.90992587997897,180.6617530032302,-0.008542659991078297,-0.15648527115875943,-1.2152022489569347,-10.017305420497053,"stated by Polaron, not image-verified",1bec114301c3,790c1ef
kbdh4tri,Batch_3,ETD,39,1544674,14275296,bright_both_p99,0.010013763421925921,26,2752,2763,0.10820609253916696,8.214724333230155,25.125128128935906,190.67905842372724,0.10712254232766873,8.136857890256438,24.587246426532797,191.51967146600674,-0.0010835502114982382,-0.07786644297371659,-0.5378817024031086,0.8406130422795002,"stated by Polaron, not image-verified",1bec114301c3,790c1ef
kbdh4tri,Batch_3,ETD,39,1544674,14275296,edge_glow_n3,0.0017582998095391,16,2752,2736,0.10820609253916696,8.214724333230155,25.125128128935906,190.67905842372724,0.10801583378726437,8.214724333230155,25.087091736298497,189.62829212087792,-0.00019025875190259445,0.0,-0.03803639263740877,-1.0507663028493255,"stated by Polaron, not image-verified",1bec114301c3,790c1ef
kbdh4tri,Batch_3,ETD,39,1544674,14275296,edge_glow_n5,0.007311575128473711,71,2752,2696,0.10820609253916696,8.214724333230155,25.125128128935906,190.67905842372724,0.10741493556420827,8.214724333230155,25.372100768233203,186.89629973346965,-0.0007911569749586983,0.0,0.2469726392972973,-3.7827586902575945,"stated by Polaron, not image-verified",1bec114301c3,790c1ef
kbdh4tri,Batch_3,ETD,39,1544674,14275296,edge_glow_n10,0.021051043780111533,163,2752,2640,0.10820609253916696,8.214724333230155,25.125128128935906,190.67905842372724,0.10592824134785016,8.136857890256438,25.114982187909632,182.97343886949875,-0.002277851191316807,-0.07786644297371659,-0.01014594102627342,-7.705619554228491,"stated by Polaron, not image-verified",1bec114301c3,790c1ef
mgxahqnk,Batch_3,ETD,39,1445014,13185792,none,0.0,0,1916,1916,0.1095887148834139,8.058239062071396,26.83550169850478,142.72938629700818,0.1095887148834139,8.058239062071396,26.83550169850478,142.72938629700818,0.0,0.0,0.0,0.0,"stated by Polaron, not image-verified",1bec114301c3,790c1ef
mgxahqnk,Batch_3,ETD,39,1445014,13185792,bright_both_p90,0.08854654695387035,299,1916,1853,0.1095887148834139,8.058239062071396,26.83550169850478,142.72938629700818,0.09988501259537538,8.214724333230155,26.040876292135515,138.02735550507697,-0.009703702288038518,0.15648527115875943,-0.7946254063692635,-4.702030791931207,"stated by Polaron, not image-verified",1bec114301c3,790c1ef
mgxahqnk,Batch_3,ETD,39,1445014,13185792,bright_both_p95,0.038736648918280374,195,1916,1794,0.1095887148834139,8.058239062071396,26.83550169850478,142.72938629700818,0.10534361530956958,8.136857890256438,27.754419828756113,133.5528423321102,-0.0042450995738443215,0.07861882818504284,0.9189181302513347,-9.176543964897974,"stated by Polaron, not image-verified",1bec114301c3,790c1ef
mgxahqnk,Batch_3,ETD,39,1445014,13185792,bright_both_p99,0.015204004943896737,87,1916,1839,0.1095887148834139,8.058239062071396,26.83550169850478,142.72938629700818,0.10792252752053119,8.058239062071396,27.71543444682688,136.88976741025493,-0.0016661873628827095,0.0,0.8799327483221013,-5.839618886753243,"stated by Polaron, not image-verified",1bec114301c3,790c1ef
mgxahqnk,Batch_3,ETD,39,1445014,13185792,edge_glow_n3,0.00045466687519982505,1,1916,1915,0.1095887148834139,8.058239062071396,26.83550169850478,142.72938629700818,0.1095388885248607,8.058239062071396,26.837874212601037,142.65354709068671,-4.982635855320383e-05,0.0,0.0023725140962582714,-0.07583920632146146,"stated by Polaron, not image-verified",1bec114301c3,790c1ef
mgxahqnk,Batch_3,ETD,39,1445014,13185792,edge_glow_n5,0.0028823250155361815,13,1916,1904,0.1095887148834139,8.058239062071396,26.83550169850478,142.72938629700818,0.10927284458908498,8.058239062071396,26.840246726697295,141.81931582115052,-0.0003158702943289182,0.0,0.004745028192516543,-0.9100704758576512,"stated by Polaron, not image-verified",1bec114301c3,790c1ef
mgxahqnk,Batch_3,ETD,39,1445014,13185792,edge_glow_n10,0.010019972124837545,59,1916,1873,0.1095887148834139,8.058239062071396,26.83550169850478,142.72938629700818,0.10849063901508532,8.058239062071396,26.842619240793557,139.46830042518494,-0.0010980758683285796,0.0,0.007117542288778367,-3.2610858718232407,"stated by Polaron, not image-verified",1bec114301c3,790c1ef
pl8uabbv,Batch_3,ETD,52,1057985,15755904,none,0.0,0,1191,1191,0.06714847970640085,7.735777827895049,34.154472608397334,74.13094164574753,0.06714847970640085,7.735777827895049,34.154472608397334,74.13094164574753,0.0,0.0,0.0,0.0,"stated by Polaron, not image-verified",1bec114301c3,790c1ef
pl8uabbv,Batch_3,ETD,52,1057985,15755904,bright_both_p90,0.351718597144572,446,1191,1231,0.06714847970640085,7.735777827895049,34.154472608397334,74.13094164574753,0.04353111062367478,7.735777827895049,21.451073636093867,76.66967252402655,-0.023617369082726068,0.0,-12.703398972303468,2.5387308782790257,"stated by Polaron, not image-verified",1bec114301c3,790c1ef
pl8uabbv,Batch_3,ETD,52,1057985,15755904,bright_both_p95,0.09054570716976139,203,1191,1108,0.06714847970640085,7.735777827895049,34.154472608397334,74.13094164574753,0.061068473126010415,7.653039857325812,35.47985279709159,68.79960680136158,-0.006080006580390436,-0.08273797056923726,1.325380188694254,-5.33133484438595,"stated by Polaron, not image-verified",1bec114301c3,790c1ef
pl8uabbv,Batch_3,ETD,52,1057985,15755904,bright_both_p99,0.021483291351011593,92,1191,1128,0.06714847970640085,7.735777827895049,34.154472608397334,74.13094164574753,0.06570590935309076,7.817640190446719,35.10652563286958,70.13244051245806,-0.0014425703533100936,0.08186236255166968,0.9520530244722423,-3.9985011332894658,"stated by Polaron, not image-verified",1bec114301c3,790c1ef
pl8uabbv,Batch_3,ETD,52,1057985,15755904,edge_glow_n3,0.0010151372656512143,8,1191,1183,0.06714847970640085,7.735777827895049,34.154472608397334,74.13094164574753,0.06708031478231906,7.735777827895049,33.9226966750596,73.62319547009172,-6.816492408179275e-05,0.0,-0.23177593333773672,-0.5077461756558108,"stated by Polaron, not image-verified",1bec114301c3,790c1ef
pl8uabbv,Batch_3,ETD,52,1057985,15755904,edge_glow_n5,0.00451707727425247,39,1191,1157,0.06714847970640085,7.735777827895049,34.154472608397334,74.13094164574753,0.06684516483471846,7.817640190446719,34.428934732232435,71.97302039921036,-0.0003033148716823919,0.08186236255166968,0.27446212383510016,-2.157921246537171,"stated by Polaron, not image-verified",1bec114301c3,790c1ef
pl8uabbv,Batch_3,ETD,52,1057985,15755904,edge_glow_n10,0.013739325226728168,87,1191,1117,0.06714847970640085,7.735777827895049,34.154472608397334,74.13094164574753,0.06622590490523425,7.898654169668588,36.682816649361676,69.43428952093133,-0.0009225748011666007,0.16287634177353905,2.528344040964342,-4.696652124816197,"stated by Polaron, not image-verified",1bec114301c3,790c1ef
ptg8lmto,Batch_3,ETD,39,875592,11146464,none,0.0,0,1494,1494,0.07855334211818206,7.898654169668588,21.498510523728477,130.71409910802205,0.07855334211818206,7.898654169668588,21.498510523728477,130.71409910802205,0.0,0.0,0.0,0.0,"stated by Polaron, not image-verified",1bec114301c3,790c1ef
ptg8lmto,Batch_3,ETD,39,875592,11146464,bright_both_p90,0.18079881954152163,498,1494,1214,0.07855334211818206,7.898654169668588,21.498510523728477,130.71409910802205,0.06435099059217345,7.569397566060481,22.042402553290284,105.77345425419219,-0.014202351526008614,-0.3292566036081075,0.5438920295618068,-24.940644853829866,"stated by Polaron, not image-verified",1bec114301c3,790c1ef
ptg8lmto,Batch_3,ETD,39,875592,11146464,bright_both_p95,0.07003832835384517,254,1494,1375,0.07855334211818206,7.898654169668588,21.498510523728477,130.71409910802205,0.07305159734961689,7.817640190446719,21.200234360558074,119.67920947844985,-0.005501744768565173,-0.08101397922186937,-0.29827616317040295,-11.034889629572206,"stated by Polaron, not image-verified",1bec114301c3,790c1ef
ptg8lmto,Batch_3,ETD,39,875592,11146464,bright_both_p99,0.017470465696351724,80,1494,1443,0.07855334211818206,7.898654169668588,21.498510523728477,130.71409910802205,0.07718097864937257,7.898654169668588,21.14017691983778,126.13865706649212,-0.0013723634688094927,0.0,-0.3583336038906957,-4.575442041529939,"stated by Polaron, not image-verified",1bec114301c3,790c1ef
ptg8lmto,Batch_3,ETD,39,875592,11146464,edge_glow_n3,0.0022179279847234787,14,1494,1481,0.07855334211818206,7.898654169668588,21.498510523728477,130.71409910802205,0.07837911646240459,7.978845608028654,21.498510523728477,129.5478099601811,-0.00017422565577747406,0.0801914383600657,0.0,-1.1662891478409563,"stated by Polaron, not image-verified",1bec114301c3,790c1ef
ptg8lmto,Batch_3,ETD,39,875592,11146464,edge_glow_n5,0.007747900848797157,42,1494,1459,0.07855334211818206,7.898654169668588,21.498510523728477,130.71409910802205,0.07794471861210873,7.898654169668588,21.498510523728477,127.57408986383483,-0.0006086235060733247,0.0,0.0,-3.140009244187226,"stated by Polaron, not image-verified",1bec114301c3,790c1ef
ptg8lmto,Batch_3,ETD,39,875592,11146464,edge_glow_n10,0.018867234967884585,91,1494,1425,0.07855334211818206,7.898654169668588,21.498510523728477,130.71409910802205,0.07707125775492568,7.898654169668588,21.882956624342864,124.3443660698137,-0.001482084363256378,0.0,0.38444610061438667,-6.369733038208352,"stated by Polaron, not image-verified",1bec114301c3,790c1ef
tuy3zymq,Batch_3,ETD,39,1773935,14275296,none,0.0,0,2903,2903,0.12426607476300316,8.51907589177983,30.382423768172607,200.48621058365447,0.12426607476300316,8.51907589177983,30.382423768172607,200.48621058365447,0.0,0.0,0.0,0.0,"stated by Polaron, not image-verified",1bec114301c3,790c1ef
tuy3zymq,Batch_3,ETD,39,1773935,14275296,bright_both_p90,0.1640116464244744,460,2903,3046,0.12426607476300316,8.51907589177983,30.382423768172607,200.48621058365447,0.10388499124641619,8.058239062071396,26.28420887442019,211.06392469900447,-0.020381083516586976,-0.460836829708434,-4.0982148937524165,10.577714115350005,"stated by Polaron, not image-verified",1bec114301c3,790c1ef
tuy3zymq,Batch_3,ETD,39,1773935,14275296,bright_both_p95,0.07217682722309442,164,2903,2987,0.12426607476300316,8.51907589177983,30.382423768172607,200.48621058365447,0.11529694375514175,8.291859587312052,27.67167674249461,206.58065514018062,-0.008969131007861411,-0.22721630446777752,-2.710747025677996,6.094444556526156,"stated by Polaron, not image-verified",1bec114301c3,790c1ef
tuy3zymq,Batch_3,ETD,39,1773935,14275296,bright_both_p99,0.008044826896137683,8,2903,2922,0.12426607476300316,8.51907589177983,30.382423768172607,200.48621058365447,0.1232663757024723,8.444016491289505,30.168037531189572,201.81718123393028,-0.0009996990605308648,-0.07505940049032489,-0.21438623698303516,1.330970650275816,"stated by Polaron, not image-verified",1bec114301c3,790c1ef
tuy3zymq,Batch_3,ETD,39,1773935,14275296,edge_glow_n3,0.002008529061098631,9,2903,2895,0.12426607476300316,8.51907589177983,30.382423768172607,200.48621058365447,0.12401648274053302,8.51907589177983,30.52879643140294,199.99585297565807,-0.00024959202247014367,0.0,0.14637266323033415,-0.49035760799640116,"stated by Polaron, not image-verified",1bec114301c3,790c1ef
tuy3zymq,Batch_3,ETD,39,1773935,14275296,edge_glow_n5,0.007918553949270971,30,2903,2883,0.12426607476300316,8.51907589177983,30.382423768172607,200.48621058365447,0.12328206714592818,8.444016491289505,30.757389059187485,199.22529102023523,-0.0009840076170749834,-0.07505940049032489,0.3749652910148775,-1.260919563419236,"stated by Polaron, not image-verified",1bec114301c3,790c1ef
tuy3zymq,Batch_3,ETD,39,1773935,14275296,edge_glow_n10,0.02259327427442381,73,2903,2895,0.12426607476300316,8.51907589177983,30.382423768172607,200.48621058365447,0.12145849725287658,8.444016491289505,29.96053869739811,200.13595514937134,-0.0028075775101265854,-0.07505940049032489,-0.421885070774497,-0.35025543428312744,"stated by Polaron, not image-verified",1bec114301c3,790c1ef
ufdvpb81,Batch_3,ETD,52,1863538,14470848,none,0.0,0,1116,1116,0.12877876956485204,8.058239062071396,30.71491241545526,73.31982203116223,0.12877876956485204,8.058239062071396,30.71491241545526,73.31982203116223,0.0,0.0,0.0,0.0,"stated by Polaron, not image-verified",1bec114301c3,790c1ef
ufdvpb81,Batch_3,ETD,52,1863538,14470848,bright_both_p90,0.12157036776282533,232,1116,1180,0.12877876956485204,8.058239062071396,30.71491241545526,73.31982203116223,0.11312308718880884,8.136857890256438,26.006495147700644,77.88071576731372,-0.0156556823760432,0.07861882818504284,-4.708417267754616,4.560893736151485,"stated by Polaron, not image-verified",1bec114301c3,790c1ef
ufdvpb81,Batch_3,ETD,52,1863538,14470848,bright_both_p95,0.017510241272246662,156,1116,964,0.12877876956485204,8.058239062071396,30.71491241545526,73.31982203116223,0.12652382223902842,8.214724333230155,38.80981969689356,62.81594554790431,-0.0022549473258236252,0.15648527115875943,8.094907281438303,-10.503876483257919,"stated by Polaron, not image-verified",1bec114301c3,790c1ef
ufdvpb81,Batch_3,ETD,52,1863538,14470848,bright_both_p99,0.0026524814626801277,49,1116,1066,0.12877876956485204,8.058239062071396,30.71491241545526,73.31982203116223,0.1284371862657945,8.058239062071396,33.623401257687775,69.86459950377476,-0.00034158329905753515,0.0,2.908488842232515,-3.455222527387477,"stated by Polaron, not image-verified",1bec114301c3,790c1ef
ufdvpb81,Batch_3,ETD,52,1863538,14470848,edge_glow_n3,0.0001760092898561768,1,1116,1116,0.12877876956485204,8.058239062071396,30.71491241545526,73.31982203116223,0.12875610330507237,8.058239062071396,30.71491241545526,73.31982203116223,-2.2666259779674514e-05,0.0,0.0,0.0,"stated by Polaron, not image-verified",1bec114301c3,790c1ef
ufdvpb81,Batch_3,ETD,52,1863538,14470848,edge_glow_n5,0.0009406837960910913,16,1116,1100,0.12877876956485204,8.058239062071396,30.71491241545526,73.31982203116223,0.12865762946304182,8.058239062071396,31.06588014308602,72.21415082239824,-0.00012114010181021873,0.0,0.3509677276307599,-1.1056712087639937,"stated by Polaron, not image-verified",1bec114301c3,790c1ef
ufdvpb81,Batch_3,ETD,52,1863538,14470848,edge_glow_n10,0.0031810459459372443,52,1116,1065,0.12877876956485204,8.058239062071396,30.71491241545526,73.31982203116223,0.128369118382005,8.058239062071396,33.75215130349436,69.79549505322701,-0.00040965118284705393,0.0,3.0372388880390986,-3.5243269779352175,"stated by Polaron, not image-verified",1bec114301c3,790c1ef
utfgcjfa,Batch_3,SE,52,1498764,14322960,none,0.0,0,1880,1880,0.10464066086898238,8.214724333230155,27.22174181298092,128.46506588023706,0.10464066086898238,8.214724333230155,27.22174181298092,128.46506588023706,0.0,0.0,0.0,0.0,"stated by Polaron, not image-verified",1bec114301c3,790c1ef
utfgcjfa,Batch_3,SE,52,1498764,14322960,bright_both_p90,0.2641062902498325,156,1880,2270,0.10464066086898238,8.214724333230155,27.22174181298092,128.46506588023706,0.07700440411758463,7.978845608028654,23.872599198480795,155.3449845562649,-0.027636256751397748,-0.2358787252015011,-3.349142614500124,26.87991867602784,"stated by Polaron, not image-verified",1bec114301c3,790c1ef
utfgcjfa,Batch_3,SE,52,1498764,14322960,bright_both_p95,0.08369696630023139,63,1880,1976,0.10464066086898238,8.214724333230155,27.22174181298092,128.46506588023706,0.09588255500259722,8.214724333230155,26.3881338519879,135.09777308601014,-0.00875810586638516,0.0,-0.8336079609930209,6.632707205773073,"stated by Polaron, not image-verified",1bec114301c3,790c1ef
utfgcjfa,Batch_3,SE,52,1498764,14322960,bright_both_p99,0.009016763146165774,16,1880,1891,0.10464066086898238,8.214724333230155,27.22174181298092,128.46506588023706,0.10369714081446851,8.214724333230155,27.160906840373507,129.233063556695,-0.0009435200545138689,0.0,-0.06083497260741311,0.7679976764579237,"stated by Polaron, not image-verified",1bec114301c3,790c1ef
utfgcjfa,Batch_3,SE,52,1498764,14322960,edge_glow_n3,0.0010135017921433927,0,1880,1880,0.10464066086898238,8.214724333230155,27.22174181298092,128.46506588023706,0.1045346073716606,8.214724333230155,27.22174181298092,128.46506588023706,-0.00010605349732177582,0.0,0.0,0.0,"stated by Polaron, not image-verified",1bec114301c3,790c1ef
utfgcjfa,Batch_3,SE,52,1498764,14322960,edge_glow_n5,0.003542252149104195,9,1880,1872,0.10464066086898238,8.214724333230155,27.22174181298092,128.46506588023706,0.10426999726313556,8.214724333230155,27.20303265684414,127.90652211554037,-0.00037066360584682434,0.0,-0.01870915613677937,-0.5585437646966938,"stated by Polaron, not image-verified",1bec114301c3,790c1ef
utfgcjfa,Batch_3,SE,52,1498764,14322960,edge_glow_n10,0.009710001040857667,22,1880,1870,0.10464066086898238,8.214724333230155,27.22174181298092,128.46506588023706,0.10362459994302854,8.214724333230155,27.44744282785175,127.6970682037791,-0.0010160609259538406,0.0,0.22570101487082894,-0.7679976764579663,"stated by Polaron, not image-verified",1bec114301c3,790c1ef
vc2whyaq,Batch_3,SE,52,990207,14331168,none,0.0,0,1027,1027,0.06909464741464198,8.291859587312052,29.411005346637978,70.12687312018113,0.06909464741464198,8.291859587312052,29.411005346637978,70.12687312018113,0.0,0.0,0.0,0.0,"stated by Polaron, not image-verified",1bec114301c3,790c1ef
vc2whyaq,Batch_3,SE,52,990207,14331168,bright_both_p90,0.355475168323391,127,1027,1358,0.06909464741464198,8.291859587312052,29.411005346637978,70.12687312018113,0.04453321599467678,7.817640190446719,20.75709355067158,92.59538371192076,-0.024561431419965203,-0.4742193968653332,-8.653911795966398,22.46851059173963,"stated by Polaron, not image-verified",1bec114301c3,790c1ef
vc2whyaq,Batch_3,SE,52,990207,14331168,bright_both_p95,0.08986504841916892,67,1027,1040,0.06909464741464198,8.291859587312052,29.411005346637978,70.12687312018113,0.06288545357921978,8.136857890256438,27.731166036611853,71.10376488503938,-0.006209193835422205,-0.15500169705561362,-1.679839310026125,0.9768917648582516,"stated by Polaron, not image-verified",1bec114301c3,790c1ef
vc2whyaq,Batch_3,SE,52,990207,14331168,bright_both_p99,0.0072833256076759705,30,1027,1007,0.06909464741464198,8.291859587312052,29.411005346637978,70.12687312018113,0.06859140859977358,8.291859587312052,29.76819950817699,68.80109143930208,-0.0005032388148683981,0.0,0.35719416153901307,-1.3257816808790466,"stated by Polaron, not image-verified",1bec114301c3,790c1ef
vc2whyaq,Batch_3,SE,52,990207,14331168,edge_glow_n3,0.0005776569949515607,1,1027,1028,0.06909464741464198,8.291859587312052,29.411005346637978,70.12687312018113,0.0690547344082492,8.291859587312052,29.354963214806848,70.19665110338529,-3.991300639277773e-05,0.0,-0.056042131831130604,0.06977798320416184,"stated by Polaron, not image-verified",1bec114301c3,790c1ef
vc2whyaq,Batch_3,SE,52,990207,14331168,edge_glow_n5,0.0022884104030773365,6,1027,1026,0.06909464741464198,8.291859587312052,29.411005346637978,70.12687312018113,0.06893653050470136,8.291859587312052,29.38965980099523,70.05709513697697,-0.00015811690994062266,0.0,-0.02134554564274893,-0.06977798320416184,"stated by Polaron, not image-verified",1bec114301c3,790c1ef
vc2whyaq,Batch_3,SE,52,990207,14331168,edge_glow_n10,0.006574382932053601,16,1027,1019,0.06909464741464198,8.291859587312052,29.411005346637978,70.12687312018113,0.06864039274398291,8.214724333230155,29.508730053425577,69.56864925454785,-0.0004542546706590711,-0.07713525408189703,0.09772470678759859,-0.5582238656332805,"stated by Polaron, not image-verified",1bec114301c3,790c1ef
x77cy643,Batch_3,SE,52,1111765,14322960,none,0.0,0,878,878,0.07762117606975094,7.735777827895049,39.48023955835883,59.90381876371923,0.07762117606975094,7.735777827895049,39.48023955835883,59.90381876371923,0.0,0.0,0.0,0.0,"stated by Polaron, not image-verified",1bec114301c3,790c1ef
x77cy643,Batch_3,SE,52,1111765,14322960,bright_both_p90,0.24198639100889127,163,878,1073,0.07762117606975094,7.735777827895049,39.48023955835883,59.90381876371923,0.0588379078067662,7.735777827895049,26.641235330012048,73.51832302820088,-0.018783268262984744,0.0,-12.839004228346784,13.614504264481653,"stated by Polaron, not image-verified",1bec114301c3,790c1ef
x77cy643,Batch_3,SE,52,1111765,14322960,bright_both_p95,0.06016199466613898,102,878,803,0.07762117606975094,7.735777827895049,39.48023955835883,59.90381876371923,0.07295133128906316,7.978845608028654,48.95572518429647,54.59765299910074,-0.004669844780687785,0.24306778013360475,9.475485625937637,-5.306165764618491,"stated by Polaron, not image-verified",1bec114301c3,790c1ef
x77cy643,Batch_3,SE,52,1111765,14322960,bright_both_p99,0.009184494924736792,42,878,836,0.07762117606975094,7.735777827895049,39.48023955835883,59.90381876371923,0.07690826477208622,7.898654169668588,42.63621660613154,57.04128196964873,-0.0007129112976647228,0.16287634177353905,3.1559770477727085,-2.8625367940705004,"stated by Polaron, not image-verified",1bec114301c3,790c1ef
x77cy643,Batch_3,SE,52,1111765,14322960,edge_glow_n3,0.0005288887489712304,1,878,877,0.07762117606975094,7.735777827895049,39.48023955835883,59.90381876371923,0.07758012310304574,7.735777827895049,39.50119096979124,59.83400079313215,-4.1052966705201754e-05,0.0,0.02095141143240653,-0.06981797058708139,"stated by Polaron, not image-verified",1bec114301c3,790c1ef
x77cy643,Batch_3,SE,52,1111765,14322960,edge_glow_n5,0.0020777772281012625,5,878,874,0.07762117606975094,7.735777827895049,39.48023955835883,59.90381876371923,0.07745989655769478,7.653039857325812,40.11620239585253,59.62454688137089,-0.00016127951205616164,-0.08273797056923726,0.6359628374937003,-0.2792718823483398,"stated by Polaron, not image-verified",1bec114301c3,790c1ef
x77cy643,Batch_3,SE,52,1111765,14322960,edge_glow_n10,0.004788781801909576,29,878,849,0.07762117606975094,7.735777827895049,39.48023955835883,59.90381876371923,0.07724946519434531,7.817640190446719,43.43329851299894,57.879097616693755,-0.0003717108754056342,0.08186236255166968,3.953058954640106,-2.024721147025474,"stated by Polaron, not image-verified",1bec114301c3,790c1ef
x7u69zsw,Batch_3,ETD,39,1679678,14275296,none,0.0,0,2479,2479,0.11766326946915846,8.136857890256438,23.928544635889445,171.34495845129936,0.11766326946915846,8.136857890256438,23.928544635889445,171.34495845129936,0.0,0.0,0.0,0.0,"stated by Polaron, not image-verified",1bec114301c3,790c1ef
x7u69zsw,Batch_3,ETD,39,1679678,14275296,bright_both_p90,0.1116249662137624,612,2479,2193,0.11766326946915846,8.136857890256438,23.928544635889445,171.34495845129936,0.10452911099006283,7.817640190446719,22.58159105509211,151.5205008708751,-0.013134158479095631,-0.3192176998097196,-1.346953580797333,-19.82445758042425,"stated by Polaron, not image-verified",1bec114301c3,790c1ef
x7u69zsw,Batch_3,ETD,39,1679678,14275296,bright_both_p95,0.05407345931779781,309,2479,2304,0.11766326946915846,8.136857890256438,23.928544635889445,171.34495845129936,0.11130080945431885,7.817640190446719,23.335903601969743,159.08601825139039,-0.006362460014839616,-0.3192176998097196,-0.5926410339197012,-12.258940199908977,"stated by Polaron, not image-verified",1bec114301c3,790c1ef
x7u69zsw,Batch_3,ETD,39,1679678,14275296,bright_both_p99,0.005212903901819277,14,2479,2475,0.11766326946915846,8.136857890256438,23.928544635889445,171.34495845129936,0.11704990215264188,8.136857890256438,23.706702892059003,171.06475410387287,-0.0006133673165165804,0.0,-0.22184174383044208,-0.2802043474264906,"stated by Polaron, not image-verified",1bec114301c3,790c1ef
x7u69zsw,Batch_3,ETD,39,1679678,14275296,edge_glow_n3,0.0010031684644318732,6,2479,2472,0.11766326946915846,8.136857890256438,23.928544635889445,171.34495845129936,0.11754523338780506,8.136857890256438,23.96841682356723,170.854600843303,-0.00011803608135339816,0.0,0.039872187677787,-0.49035760799637274,"stated by Polaron, not image-verified",1bec114301c3,790c1ef
x7u69zsw,Batch_3,ETD,39,1679678,14275296,edge_glow_n5,0.0045854026783704975,57,2479,2432,0.11766326946915846,8.136857890256438,23.928544635889445,171.34495845129936,0.11712373599818876,8.136857890256438,23.963103490320357,168.0525573690381,-0.0005395334709697025,0.0,0.034558854430912334,-3.29240108226125,"stated by Polaron, not image-verified",1bec114301c3,790c1ef
x7u69zsw,Batch_3,ETD,39,1679678,14275296,edge_glow_n10,0.013749659160862975,130,2479,2378,0.11766326946915846,8.136857890256438,23.928544635889445,171.34495845129936,0.11604543961820477,7.978845608028654,24.063854482209017,164.26979867878046,-0.0016178298509536976,-0.15801228222778452,0.1353098463195721,-7.0751597725189015,"stated by Polaron, not image-verified",1bec114301c3,790c1ef
xgj4xftb,Batch_3,ETD,39,1524868,11146464,none,0.0,0,2133,2133,0.13680284617615057,8.51907589177983,24.824341676101277,186.78569275422234,0.13680284617615057,8.51907589177983,24.824341676101277,186.78569275422234,0.0,0.0,0.0,0.0,"stated by Polaron, not image-verified",1bec114301c3,790c1ef
xgj4xftb,Batch_3,ETD,39,1524868,11146464,bright_both_p90,0.13510546486646713,350,2133,2250,0.13680284617615057,8.51907589177983,24.824341676101277,186.78569275422234,0.11832003404846596,8.291859587312052,23.80851861465214,196.47486413628573,-0.018482812127684614,-0.22721630446777752,-1.0158230614491366,9.689171382063392,"stated by Polaron, not image-verified",1bec114301c3,790c1ef
xgj4xftb,Batch_3,ETD,39,1524868,11146464,bright_both_p95,0.07162587187874622,194,2133,2125,0.13680284617615057,8.51907589177983,24.824341676101277,186.78569275422234,0.1270042230432898,8.444016491289505,24.305974852470296,185.88854725588314,-0.009798623132860784,-0.07505940049032489,-0.5183668236309806,-0.8971454983391993,"stated by Polaron, not image-verified",1bec114301c3,790c1ef
xgj4xftb,Batch_3,ETD,39,1524868,11146464,bright_both_p99,0.026461306814753803,73,2133,2105,0.13680284617615057,8.51907589177983,24.824341676101277,186.78569275422234,0.13318286409035188,8.444016491289505,24.798683434954437,184.0942562592047,-0.0036199820857986953,-0.07505940049032489,-0.025658241146839345,-2.6914364950176264,"stated by Polaron, not image-verified",1bec114301c3,790c1ef
xgj4xftb,Batch_3,ETD,39,1524868,11146464,edge_glow_n3,0.001612598598698379,5,2133,2130,0.13680284617615057,8.51907589177983,24.824341676101277,186.78569275422234,0.13658223809810896,8.51907589177983,24.824341676101277,186.51654910472055,-0.00022060807804161198,0.0,0.0,-0.2691436495017854,"stated by Polaron, not image-verified",1bec114301c3,790c1ef
xgj4xftb,Batch_3,ETD,39,1524868,11146464,edge_glow_n5,0.006565814221296532,22,2133,2116,0.13680284617615057,8.51907589177983,24.824341676101277,186.78569275422234,0.13590462410321336,8.51907589177983,24.556182257158298,185.26054540704567,-0.0008982220729372159,0.0,-0.2681594189429788,-1.52514734717667,"stated by Polaron, not image-verified",1bec114301c3,790c1ef
xgj4xftb,Batch_3,ETD,39,1524868,11146464,edge_glow_n10,0.01879703685827232,67,2133,2117,0.13680284617615057,8.51907589177983,24.824341676101277,186.78569275422234,0.13423135803426092,8.444016491289505,24.54062559633988,185.26054540704567,-0.0025714881418896496,-0.07505940049032489,-0.28371607976139757,-1.52514734717667,"stated by Polaron, not image-verified",1bec114301c3,790c1ef
