timestamp_utc,function,n_inputs,wall_s,hardware,git_sha,config_hash,est_cost_usd,cost_source,local_remote_max_abs_diff,repeat_max_abs_diff
2026-10-03T22:34:50.971964+00:00,kpi_sensitivity,31,2640.7811541480005,"Modal CPU (1 core, 4 GiB)",235e267,45629944e398,0.05804436976817305,"https://modal.com/pricing; CPU=$0.0000131/physical-core-s, memory=$0.00000222/GiB-s, L4=$0.000222/GPU-s",,
2026-10-03T22:54:52.236705+00:00,kpi_sensitivity_local,1443,256.0669459539995,local-cpu (8 cores),3a3f823,45629944e398,0.0,local CPU benchmark (8 worker processes); no Modal charge,,
2026-10-03T22:56:31.426696+00:00,kpi_sensitivity,145,73.96601524700054,"Modal CPU (2 cores, 4 GiB)",4336fe1,45629944e398,0.04255219982893514,"https://modal.com/pricing; CPU=$0.0000131/physical-core-s, memory=$0.00000222/GiB-s, L4=$0.000222/GPU-s",,
2026-10-03T22:58:58.151040+00:00,kpi_sensitivity,145,80.81132751699988,"Modal CPU (2 cores, 4 GiB)",aec5a72,45629944e398,0.04721734892499287,"https://modal.com/pricing; CPU=$0.0000131/physical-core-s, memory=$0.00000222/GiB-s, L4=$0.000222/GPU-s",,
2026-10-03T23:35:05.993976+00:00,features_sensitivity_labels,145,35.31497823100108,"Modal CPU (2 cores, 4 GiB)",f7a23a9,45629944e398,0.018370017680490004,"https://modal.com/pricing; CPU=$0.0000131/physical-core-s, memory=$0.00000222/GiB-s, L4=$0.000222/GPU-s",,
2026-10-03T23:36:58.008022+00:00,features_sensitivity_images,93,111.89644206000048,"Modal CPU (2 cores, 4 GiB)",f7a23a9,45629944e398,0.0582506757301582,"https://modal.com/pricing; CPU=$0.0000131/physical-core-s, memory=$0.00000222/GiB-s, L4=$0.000222/GPU-s",,
2026-10-03T23:42:35.801744+00:00,features_sensitivity_local,238,330.8738583139984,local-cpu (8 cores),f7a23a9,45629944e398,0.0,local CPU benchmark (8 worker processes); no Modal charge,,
2026-10-03T23:51:10.890326+00:00,dino_embed_one_image_local,1,6.929380718000175,local-cpu (8 cores),f7a23a9,45629944e398,0.0,local CPU benchmark (8 cores); no Modal charge,,
2026-10-03T23:51:42.328320+00:00,dino_embed_one_image_local,1,8.227184951998424,local-cpu (8 cores),f7a23a9,45629944e398,0.0,local CPU benchmark (8 cores); no Modal charge,,
2026-10-03T23:51:59.422757+00:00,dino_embed_one_image,1,17.089860468000552,L4,f7a23a9,45629944e398,0.0012366387187228802,"https://modal.com/pricing; CPU=$0.0000131/physical-core-s, memory=$0.00000222/GiB-s, L4=$0.000222/GPU-s",,
2026-10-03T23:52:01.012988+00:00,dino_embed_repeat,2,1.5858671109999705,L4,f7a23a9,45629944e398,0.0004181917534995196,"https://modal.com/pricing; CPU=$0.0000131/physical-core-s, memory=$0.00000222/GiB-s, L4=$0.000222/GPU-s",,
2026-10-03T23:54:08.091755+00:00,dino_embed_full,93,127.07455022299837,L4,f7a23a9,45629944e398,0.3275248214221702,"https://modal.com/pricing; CPU=$0.0000131/physical-core-s, memory=$0.00000222/GiB-s, L4=$0.000222/GPU-s",,
2026-10-04T00:07:59.495706+00:00,dino_embed_one_image_local,1,17.261664485000438,local-cpu (8 cores),4d61d0a,45629944e398,0.0,local CPU benchmark (8 cores); no Modal charge,,
2026-10-04T00:09:32.073768+00:00,dino_embed_one_image,1,92.57261958400159,L4,4d61d0a,45629944e398,0.00042692075951712016,"https://modal.com/pricing; CPU=$0.0000131/physical-core-s, memory=$0.00000222/GiB-s, L4=$0.000222/GPU-s",,
2026-10-04T00:09:33.390988+00:00,dino_embed_repeat,2,1.3130010789991502,L4,4d61d0a,45629944e398,0.0003501704738892796,"https://modal.com/pricing; CPU=$0.0000131/physical-core-s, memory=$0.00000222/GiB-s, L4=$0.000222/GPU-s",,
2026-10-04T00:10:39.473973+00:00,dino_embed_full,93,66.07622646600066,L4,4d61d0a,45629944e398,0.14320768723978466,"https://modal.com/pricing; CPU=$0.0000131/physical-core-s, memory=$0.00000222/GiB-s, L4=$0.000222/GPU-s",,
2026-10-04T01:31:37.496644+00:00,dino_embed_one_image_local,1,6.188920936998329,local-cpu (8 cores),74327a8,45629944e398,0.0,local CPU benchmark (8 cores); no Modal charge,,
2026-10-04T01:31:51.137274+00:00,dino_embed_one_image,1,13.631424221999623,L4,74327a8,45629944e398,0.0004748113929891203,"https://modal.com/pricing; CPU=$0.0000131/physical-core-s, memory=$0.00000222/GiB-s, L4=$0.000222/GPU-s",3.4868717193603516e-05,
2026-10-04T01:31:52.696255+00:00,dino_embed_repeat,2,1.5546491439999954,L4,74327a8,45629944e398,0.00040757509412576006,"https://modal.com/pricing; CPU=$0.0000131/physical-core-s, memory=$0.00000222/GiB-s, L4=$0.000222/GPU-s",,0.0
2026-10-04T01:36:07.939260+00:00,dino_embed_one_image_local,1,4.454767216000619,local-cpu (8 cores),0f6b661,45629944e398,0.0,local CPU benchmark (8 cores); no Modal charge,,
2026-10-04T01:36:20.737404+00:00,dino_embed_one_image,1,12.79353548999643,L4,0f6b661,45629944e398,0.00045267128030432015,"https://modal.com/pricing; CPU=$0.0000131/physical-core-s, memory=$0.00000222/GiB-s, L4=$0.000222/GPU-s",3.4868717193603516e-05,
2026-10-04T01:36:22.498010+00:00,dino_embed_repeat,2,1.756360601997585,L4,0f6b661,45629944e398,0.00036026680828159984,"https://modal.com/pricing; CPU=$0.0000131/physical-core-s, memory=$0.00000222/GiB-s, L4=$0.000222/GPU-s",,0.0
